source_path,source_class,binary_label,original_split,width,height,byte_sha256,pixel_sha256,phash,patient_id,group_id,split,path,label,excluded,exclusion_reason
data/raw/nickparvar_v2/Testing/glioma/Te-gl_178.jpg,glioma,1,test,620,415,36d2f03fd5b0ffd8a3ac1d2fe9f2c3cf4967f82751629676198f774e0ee21a9c,7391b2c502b92e2148a54402eb692592dfe5600d31733c9577ae6f080b37d8f6,9a316dcc6c99986d,,31a4181da0613cf2,,,,True,exact_duplicate_of:data/raw/nickparvar_v2/Testing/glioma/Te-gl_170.jpg
data/raw/nickparvar_v2/Testing/glioma/Te-gl_225.jpg,glioma,1,test,512,512,6864a3e2f7406bdef32f33aecfeeb19b0a5fe0ac92a6f7b09be01c2ddc255278,8388ab664c27766efaf77f4d59ac264b0b7bb2f399d23da933e613abf1a37d9b,ce6c399364ce3319,,5b24609d9658bf61,,,,True,exact_duplicate_of:data/raw/nickparvar_v2/Testing/glioma/Te-gl_216.jpg
data/raw/nickparvar_v2/Testing/glioma/Te-gl_228.jpg,glioma,1,test,310,380,177abe5e79819aaca240e172e350d26a7b6e4d12c1c4c9f5a16c6cbb2e2a650d,b94249ec5d47af902b93777af5d79f14c4ca981bef6b503e033c5b235e3577af,c687053f1abc8fb0,,19d61d548bcc756c,,,,True,exact_duplicate_of:data/raw/nickparvar_v2/Testing/glioma/Te-gl_171.jpg
data/raw/nickparvar_v2/Testing/glioma/Te-gl_238.jpg,glioma,1,test,510,602,75a94d8802948910edc24b520257853ad379e8be91af1393bd6b5092b23e05b1,0b6d002b91ddd9565ad98424e0d87e9198bc6311f37b433e70ca475e284d17a5,d1d14b920e2f6d65,,db5302b95188dfbe,,,,True,exact_duplicate_of:data/raw/nickparvar_v2/Testing/glioma/Te-gl_140.jpg
data/raw/nickparvar_v2/Testing/glioma/Te-gl_259.jpg,glioma,1,test,256,256,9c20281ccdd53888d2ebcecc9c71521ed2431500eb4448e1b63465c050a0e59f,fdcdad98edada1c1be4073fde8083994e153e2cb2bd265f51ebd7f016d20de0e,931b6e64689939e3,,f66bfea8240b8bed,,,,True,exact_duplicate_of:data/raw/nickparvar_v2/Testing/glioma/Te-gl_204.jpg
data/raw/nickparvar_v2/Testing/glioma/Te-gl_272.jpg,glioma,1,test,524,581,c711a606ec66e74a2bbe5721727a3deeb2fd9e4b20aa50c99afd65d7dea42541,f4703afac0f1e3ad0ce93c7078a19f844bc03396658f2ab357585899cf223d93,d40a51553bc60e7f,,49f7669968166a62,,,,True,exact_duplicate_of:data/raw/nickparvar_v2/Testing/glioma/Te-gl_212.jpg
data/raw/nickparvar_v2/Testing/glioma/Te-gl_278.jpg,glioma,1,test,442,426,c3e0dfa4276ce9ec6db117fa83397c51ba751c0031b7ee044b682e34b5a82100,0b1c577a250be7ff86aa4bed7b99338a11b8d6078bcfe66c7f2ca0dcbc00eae2,95c55a0c6b3e6d70,,3b8acade0777b73c,,,,True,exact_duplicate_of:data/raw/nickparvar_v2/Testing/glioma/Te-gl_166.jpg
data/raw/nickparvar_v2/Testing/glioma/Te-gl_29.jpg,glioma,1,test,512,512,c2bd43b2b8cdb63dc5b6d86fa972dbc4d8395278a5e7fac7f1c972f01921a206,4e4a4267b9245bfd96d604c55cc8218b3fef1e173b918aabdb2a8e46e7a907c4,94693a6b65592567,,fc0886a599ba13a8,,,,True,exact_duplicate_of:data/raw/nickparvar_v2/Testing/glioma/Te-gl_270.jpg
data/raw/nickparvar_v2/Testing/glioma/Te-gl_303.jpg,glioma,1,test,200,249,917cadd5aad4a8288a4f759d4f4a261e66c3187dbace1293b76aa8434b691b37,96fc84b86050ba324c4718fda363f56d08a0cabc50c7430794947bb02e8ea6c1,d0486fb33d993c26,,9de868575c279b61,,,,True,exact_duplicate_of:data/raw/nickparvar_v2/Testing/glioma/Te-gl_129.jpg
data/raw/nickparvar_v2/Testing/glioma/Te-gl_338.jpg,glioma,1,test,524,581,c711a606ec66e74a2bbe5721727a3deeb2fd9e4b20aa50c99afd65d7dea42541,f4703afac0f1e3ad0ce93c7078a19f844bc03396658f2ab357585899cf223d93,d40a51553bc60e7f,,49f7669968166a62,,,,True,exact_duplicate_of:data/raw/nickparvar_v2/Testing/glioma/Te-gl_212.jpg
data/raw/nickparvar_v2/Testing/glioma/Te-gl_359.jpg,glioma,1,test,512,512,d9f4b45dbd6b4583a3a2a7f3e080221f0e80be285de21fe7e37bd32b5f5d220e,d224d9bc5bdb1509605a7d6be1739386d4f5714aa07ea2136f055f3fdb926a7b,966939646cb173c6,,a5ec4f2f37c7da05,,,,True,exact_duplicate_of:data/raw/nickparvar_v2/Testing/glioma/Te-gl_162.jpg
data/raw/nickparvar_v2/Testing/glioma/Te-gl_36.jpg,glioma,1,test,512,512,192cb19f45e0c2f320174ae32077f828514d07d101a3042b1064776e6bc28cd6,d420a725ba48a708bdea29f6f609af6c6dca6f347af48db7ef1c5f9b49a03d37,96d3396c61c566c9,,bdd7c59d877c7f61,,,,True,exact_duplicate_of:data/raw/nickparvar_v2/Testing/glioma/Te-gl_177.jpg
data/raw/nickparvar_v2/Testing/glioma/Te-gl_364.jpg,glioma,1,test,512,512,8872585c004347ea73fad063e407998e62786cc8d7a0938ad85792f19a55eb0a,0eb721934d58bc52cf5792ae094039f278c5944339a8889dabf1492e6166fb9d,96493e27396cf035,,02185c198acafc37,,,,True,exact_duplicate_of:data/raw/nickparvar_v2/Testing/glioma/Te-gl_299.jpg
data/raw/nickparvar_v2/Testing/glioma/Te-gl_389.jpg,glioma,1,test,249,238,04aa41d8514362877d7f8fd81e543bc8584e4a6ba1ac025c2f37515f32abd9b0,b1179f0e076f5c2bb75d9fce074bda9a1b44b2cf8c6dc20a2f18f3e00c39a802,801f157e5bda9a98,,c10ede7d5a5a9687,,,,True,exact_duplicate_of:data/raw/nickparvar_v2/Testing/glioma/Te-gl_32.jpg
data/raw/nickparvar_v2/Testing/glioma/Te-gl_59.jpg,glioma,1,test,544,564,9240553fcd8fe826ed548984db69d2d0178a14adb7aba345b6e7ba539e15d71f,74d41ccc6de0f6b02073d8840e3ebd930e8a80e8008a4996ca572bc8d0a382e8,95d34a4b6b9d2d84,,96fc28814072bf9c,,,,True,exact_duplicate_of:data/raw/nickparvar_v2/Testing/glioma/Te-gl_144.jpg
data/raw/nickparvar_v2/Testing/glioma/Te-gl_72.jpg,glioma,1,test,236,298,8854fba4d018533127553c10ffebacf8d730192cb6f07d957ea5d3fb48421eea,d57260017da141a0b2481d449f10602b59616058a7fda29e2fce97170f0d5cc9,c5703a836b9f315c,,871c443e9d8c5a1f,,,,True,exact_duplicate_of:data/raw/nickparvar_v2/Testing/glioma/Te-gl_143.jpg
data/raw/nickparvar_v2/Testing/glioma/Te-gl_85.jpg,glioma,1,test,512,512,dfe3ba072de070d1d78c367f8facb4680032ff69735adda54f57511090770be2,0ac9ff6ffea52c1afc7179c23f43325bbeeaf0078b2e35a3b950edd35896f72f,851e7a6169b127e6,,d1db655d3c820a52,,,,True,exact_duplicate_of:data/raw/nickparvar_v2/Testing/glioma/Te-gl_253.jpg
data/raw/nickparvar_v2/Testing/meningioma/Te-aug-me_1.jpg,meningioma,1,test,512,512,19119b197100eb343eef9eb1899e80a111d35b63e51060c53967a54d3bfacfb8,ad7404ddcde1d2700318102c2ea29f843a864520531fe2c4430847c9796ed209,95947aca616b7325,,,,,,True,explicit_augmentation_marker
data/raw/nickparvar_v2/Testing/meningioma/Te-aug-me_10.jpg,meningioma,1,test,512,512,32731608a68560799cfe317e31dd84f6392c2f74df4748d8b680a535b348645d,4d215c285a928bbd54e8b4d0bf95d31f39ef1ed47ed1f97d1062b2bd52af9d36,91631e2978277bb1,,,,,,True,explicit_augmentation_marker
data/raw/nickparvar_v2/Testing/meningioma/Te-aug-me_100.jpg,meningioma,1,test,512,512,37530c613f63863babf9b3a728adc4f9c30e20bafaa4f2434a87de241923d892,8b6983ba45cc6a7c52b151e15d737da4dd6436eedecb43f1f7f91cc7b00c3d67,805b6f3a7c2d703c,,,,,,True,explicit_augmentation_marker
data/raw/nickparvar_v2/Testing/meningioma/Te-aug-me_101.jpg,meningioma,1,test,512,512,1c51a1110caf7112f7bf084401e96112cef04ac6f20cfa2db12e6cbc11d924dd,61da00687e5ca2e4e678331a986e59637daa062ad6afbafe32ce325252a6fd5c,d53e7a6d68346560,,,,,,True,explicit_augmentation_marker
data/raw/nickparvar_v2/Testing/meningioma/Te-aug-me_102.jpg,meningioma,1,test,512,512,a929c878a157ede326e77ceea993dec51a4b09d2b287bf5e38d27c8906fe6b06,a53b422021a536f1725c957f431e5b4966af2b862209e178e0b0fa4de851c95a,c6782f347cb330c6,,,,,,True,explicit_augmentation_marker
data/raw/nickparvar_v2/Testing/meningioma/Te-aug-me_103.jpg,meningioma,1,test,512,512,c8f3aa0429df2a19db59a5fc1c56d888b65804f491b64f9df22e04a4c2ed0b24,97bb8e0f6862b4fe19b9716c70e80082a6c04c32d7df923d4a2dba788f199cd2,856e7a3969e52c61,,,,,,True,explicit_augmentation_marker
data/raw/nickparvar_v2/Testing/meningioma/Te-aug-me_11.jpg,meningioma,1,test,512,512,d8b43953ead6d6c9ac08b831a87f4db63d060f53ceeacb637c2646c08099746c,f278eb30b91d9ff900e952397cc55a08ffe90a76b5405787646c62a28629e696,c0356e3c3df434d2,,,,,,True,explicit_augmentation_marker
data/raw/nickparvar_v2/Testing/meningioma/Te-aug-me_12.jpg,meningioma,1,test,512,512,6455527badfcd9880d3f0e9bf9f5973872b064d3b0e4a4d5c3b1f67423970408,8c76f126563834c409585be6aa5ff6032bbd5f0a1121553079c10039e84c5ad9,973c7a58696123e5,,,,,,True,explicit_augmentation_marker
data/raw/nickparvar_v2/Testing/meningioma/Te-aug-me_13.jpg,meningioma,1,test,512,512,60efc97e1d2c65cdb3a49f1f2d9a6493eb4af0c8d9979347e81c0af91d6b131b,c58606dfe2e4bfbe1285fa970b39020d1a00cb5c8d8d273a3665a5098a70c2e6,82ae7fd47c523889,,,,,,True,explicit_augmentation_marker
data/raw/nickparvar_v2/Testing/meningioma/Te-aug-me_14.jpg,meningioma,1,test,512,512,b0a10ba2593af992f30c613f998fba0f8e9c0b24250f431869339c05b19ac04a,490dd286ce6eb11161af9e79c110c6121c8bf0f1685b618e91ddbf8d138253c9,94781e2b7b61ca95,,,,,,True,explicit_augmentation_marker
data/raw/nickparvar_v2/Testing/meningioma/Te-aug-me_15.jpg,meningioma,1,test,512,512,fa58dc38c7ec467ea51799728947635d8ac89ad8a733e9e5b64b90529684dc1b,c1a19b893a7d19aecf8e704d180b88478900f9eb75dd07abb961a04d89a5a9d1,857a7a257c95b2b0,,,,,,True,explicit_augmentation_marker
data/raw/nickparvar_v2/Testing/meningioma/Te-aug-me_16.jpg,meningioma,1,test,512,512,2575cc82469af937942bb5a8b8fe04f7f73e332eb04b046d224754df6defe24f,f76b1607b1f93cbbd3440cf952a73bcffde42a218069dc3b2b635165181e0776,95997ec2699a6525,,,,,,True,explicit_augmentation_marker
data/raw/nickparvar_v2/Testing/meningioma/Te-aug-me_17.jpg,meningioma,1,test,512,512,d60bdea3426927d35e394040085a47ac87994698c49821c0e73645480d431304,3ae2231622d34e28adad503224afc8c2a013084fb6b1a60dfdd07b6895817d60,c03e6b3f6c3d3034,,,,,,True,explicit_augmentation_marker
data/raw/nickparvar_v2/Testing/meningioma/Te-aug-me_18.jpg,meningioma,1,test,512,512,519c39acab614c8a9f1114d748bc5e74c4d5a62b091561088cfa834df9f192fd,480dc95c6f5ed871d67dc461ab6a0a9489358f6e35cb342ff1641b19d189424f,d3c66c1f353c7230,,,,,,True,explicit_augmentation_marker
data/raw/nickparvar_v2/Testing/meningioma/Te-aug-me_19.jpg,meningioma,1,test,512,512,5856f824f11de63dfdbbca3840187fc0a8aa8915f5e242ae8e3d1883e2bc2e1f,d373b3c0277ab48b202215b992eda1d9683e11a06e920c5b46ab4af49a591b33,d4f46b1a2f5230cb,,,,,,True,explicit_augmentation_marker
data/raw/nickparvar_v2/Testing/meningioma/Te-aug-me_2.jpg,meningioma,1,test,512,512,4d4da9c014ca7248c6c22070c3b1531dde3ab383801796ac3e481343f6027b5a,3bd81078749f629963122d857c9faa1bc8b0bf3a58770159b80dc8d80d08f060,969668696531b667,,,,,,True,explicit_augmentation_marker
data/raw/nickparvar_v2/Testing/meningioma/Te-aug-me_20.jpg,meningioma,1,test,512,512,55dfbf1c8e7455e4b89d284cf14814bcb117cd2cfecba9ab7cfde32b10edd35f,5ee812c5483f801b66e779c6a919023c70045b5f4175d05a640aeb259c6701fc,c5c16eda34ce3a49,,,,,,True,explicit_augmentation_marker
data/raw/nickparvar_v2/Testing/meningioma/Te-aug-me_21.jpg,meningioma,1,test,512,512,46537646d88f7a47d4cf642b153dbae9f49a07dbba40ed68c9f52ac37e0da94e,a7118530a15c176dbb3a41564929cd1b446bdd46d633023bf0bcce32de2d2c7e,929e3bc0614f676c,,,,,,True,explicit_augmentation_marker
data/raw/nickparvar_v2/Testing/meningioma/Te-aug-me_22.jpg,meningioma,1,test,512,512,c0c90242c4c2c73506a1f3cac9894decfbb6ed0a6b7427856d4d9c50e69adb11,e799dab287a9ab759b445978d062d2222198be012147f813baaea3a211e5be41,851f7e603ae069e3,,,,,,True,explicit_augmentation_marker
data/raw/nickparvar_v2/Testing/meningioma/Te-aug-me_23.jpg,meningioma,1,test,512,512,88fea43052845ab304d61c5f9a08d4202cbd91588fef3d0f0b756323162fba3d,81a8b4177b7cdd72cb18e11cfb7b6f7443142dd6a5df30b466caab4878099921,c4386f3d346d7036,,,,,,True,explicit_augmentation_marker
data/raw/nickparvar_v2/Testing/meningioma/Te-aug-me_24.jpg,meningioma,1,test,512,512,b766883f4832a428fb54c0d1a9473bf5aaa32fb9610d7c9491c849685af071c5,d56bd6818609870f85b5c15584a12739d8805f89b004b8d83f2b6b410a11c419,95327ac7684d656c,,,,,,True,explicit_augmentation_marker
data/raw/nickparvar_v2/Testing/meningioma/Te-aug-me_25.jpg,meningioma,1,test,512,512,c5d47cc5e47f19c36625167b84ce6a1efb3a6230edec7348be14f3ae0cc47412,18bad5ff80012c66482eb86a8abce62fb1734a982df78a592a4cdd1883d9cb72,c02f3a783de06736,,,,,,True,explicit_augmentation_marker
data/raw/nickparvar_v2/Testing/meningioma/Te-aug-me_26.jpg,meningioma,1,test,512,512,1d25e50395cd4b9ca1039a90abe4f1f342d7c3d715c7d14b77d30ed931057683,fc5f7857430d0357f12c2f0bd96dbf269dcf0d7f86cb12aa52a2e2f928c9476b,c28f2fdc344b323c,,,,,,True,explicit_augmentation_marker
data/raw/nickparvar_v2/Testing/meningioma/Te-aug-me_27.jpg,meningioma,1,test,512,512,46b3d12854f645613496378e8df81aed5b97b0e667029d0212e70bd451e8e531,357438d9841180ceca37a0a2bff9b2be372d7c725c4382dede12bdf06a721b7e,97867a9e61686569,,,,,,True,explicit_augmentation_marker
data/raw/nickparvar_v2/Testing/meningioma/Te-aug-me_28.jpg,meningioma,1,test,512,512,7a19f1b05d9a3970a5390dd74ce74e22788b8ef9d8ec9254a9cbbed9affcc902,eb03247d5ece23064e5ea27deb700cdedfee3d80b6089891cc630e6fda36477a,97976ac6643d3918,,,,,,True,explicit_augmentation_marker
data/raw/nickparvar_v2/Testing/meningioma/Te-aug-me_29.jpg,meningioma,1,test,512,512,61fe2f26d852e706e9b50c85681a15a15fe188f6ca64ad65231a35e85a29a535,0962e58f19664c3a2e6fa1b0398272e39530158c32824332766750585dae9816,93346e6839b365c6,,,,,,True,explicit_augmentation_marker
data/raw/nickparvar_v2/Testing/meningioma/Te-aug-me_3.jpg,meningioma,1,test,512,512,d18fd68225036788c1ca0d579fbd6fe5af06242bb66519ae3087d88febdd5659,16f4c97cc7f5c1b4484cfeeab8b726ffc1d26f528c644a8a6f38ed157fe7d7a7,979d785a61613933,,,,,,True,explicit_augmentation_marker
data/raw/nickparvar_v2/Testing/meningioma/Te-aug-me_30.jpg,meningioma,1,test,512,512,1db4e043ec80d0a50450cf987ee17dd2c3baf24c3320faf24c82d21ed9ae5cf9,280c863c9f1cc12cc83eb0df7b42806277c56e32b4ad71d37dee1b15b0066744,95873a9639ce698a,,,,,,True,explicit_augmentation_marker
data/raw/nickparvar_v2/Testing/meningioma/Te-aug-me_31.jpg,meningioma,1,test,512,512,a34179724980010ad88724da6bad536a1c917fb75f166c5c44c32d2635b85fbe,1d61a4fb94249b897a3743e77b449bc86ac0a67f076515a70d1a128dc6c6a3ca,c26d2f3c3cb66461,,,,,,True,explicit_augmentation_marker
data/raw/nickparvar_v2/Testing/meningioma/Te-aug-me_32.jpg,meningioma,1,test,512,512,d8592922386cc7eee0080197ab5897ae9a632272ed4a3e23f9e1cb8016b367fa,2168339d0b7f0e9b5a3de430586a28bda7aa310fc921344c2480f148f86d3ce0,c23f3db024c3329f,,,,,,True,explicit_augmentation_marker
data/raw/nickparvar_v2/Testing/meningioma/Te-aug-me_33.jpg,meningioma,1,test,512,512,1c1daf09a0dbf5b937ea70018bb2b75d9672ebb41fa8dce16699e1b897a59fc7,79ccd8ff8b4d6dcea1a3732e251ea0456ac4b51abef334b7f01c0ff4c20d94c0,815d7e2a75a56385,,,,,,True,explicit_augmentation_marker
data/raw/nickparvar_v2/Testing/meningioma/Te-aug-me_34.jpg,meningioma,1,test,512,512,5c365ac5f5213cb64db8770f219c10776134981e4792afe466cc87c762e3e55c,b37a8646c9068c415c735b90e7647d50804788896a38aeb09701ff22e168f22f,9c857b3a6c6c2723,,,,,,True,explicit_augmentation_marker
data/raw/nickparvar_v2/Testing/meningioma/Te-aug-me_35.jpg,meningioma,1,test,512,512,37f02017709d8caa4f29c290424a252a780a36358fa4947141862e078ddda8b3,5be367d887eb57c2f056ed5f5c24a52b3a94d706ec87815b9b0563b05447b221,c03d3bf469693266,,,,,,True,explicit_augmentation_marker
data/raw/nickparvar_v2/Testing/meningioma/Te-aug-me_36.jpg,meningioma,1,test,512,512,358f76bf98e73a7923ef4f7bcc6358c03f7a45da574cfec6732599b5ed0235dc,786ebbde544ae4e2a1b4fe6615275da720a74c75f17b6c239e61de0e788af65a,c2393de470c3669e,,,,,,True,explicit_augmentation_marker
data/raw/nickparvar_v2/Testing/meningioma/Te-aug-me_37.jpg,meningioma,1,test,512,512,028078b5676735d87c1cfaa0767dce89841d1a0b4aa79a19a9bb25b13a5a90b2,21ce25e54192f2b45c3450bf930af8aaefae6ddb87d9070f8a9372ffd7e019fa,d0c72f78702592f6,,,,,,True,explicit_augmentation_marker
data/raw/nickparvar_v2/Testing/meningioma/Te-aug-me_38.jpg,meningioma,1,test,512,512,212a09b46cebc025890a5dbcbb10abcd404a36c9080dbac7468c0ec29e566426,59a9d65180848f87cc9081dafe8eae6bdf03c7e9164c28d8f4cf903a72ecf736,c2962fca3c4b383d,,,,,,True,explicit_augmentation_marker
data/raw/nickparvar_v2/Testing/meningioma/Te-aug-me_39.jpg,meningioma,1,test,512,512,a2af2df3416a134a6659416dc22273f09e3a6dd23543a187da2097d502d51def,73ce527849f3e3e4cd12ee72c29eadd9ea3c2de4fb2cb3af2c755bf427e5c22f,c02f6a3d78257936,,,,,,True,explicit_augmentation_marker
data/raw/nickparvar_v2/Testing/meningioma/Te-aug-me_4.jpg,meningioma,1,test,512,512,34fccd5b29787d40ef027f1527f2c457b17b273ea2098f664b89e1ebb3e5ec88,084acf3d24ac2b812dce001599ba47ed743300a13a8b2c69a9801331d1553e72,d2332f1c71c6e619,,,,,,True,explicit_augmentation_marker
data/raw/nickparvar_v2/Testing/meningioma/Te-aug-me_40.jpg,meningioma,1,test,512,512,4d647fdf6242576a73cc33e8e031945c808e61708dc1c1e7581e8f61fca46108,92b137f7412466395348fb8c34657a7e5da2e93a087d8b3f7b4141e90774fcd8,d2972f4a36c362cc,,,,,,True,explicit_augmentation_marker
data/raw/nickparvar_v2/Testing/meningioma/Te-aug-me_41.jpg,meningioma,1,test,512,512,23ee7778dcb4b34604e99f37157b58f25fc4ceaa2c99fc19af2bf360ef5a9bcc,58bb08b73edb364be6618a61f8b94237b406fce709c87b1a0ac3f95c1242c68a,d0e40b993f836cc7,,,,,,True,explicit_augmentation_marker
data/raw/nickparvar_v2/Testing/meningioma/Te-aug-me_42.jpg,meningioma,1,test,512,512,001dc464513126e112dfc62417b4aadc2bc1dac869764352a3ac880a3875c58d,c8084ff7af1f5f45275ef3f9aba0ded7932d3a45986206a322e5b6a9c5d1fa5f,95e43e852a8f619e,,,,,,True,explicit_augmentation_marker
data/raw/nickparvar_v2/Testing/meningioma/Te-aug-me_43.jpg,meningioma,1,test,512,512,bd233e8d3d1b9f8f5973f5ea5ddf16ee8cea504473087489fb6127dcc91f4801,e794530bfbe673186bb1a5cd3830fe9df16fe7c2b22bd29db5d3c47f06c9825b,950b3e6a3a726969,,,,,,True,explicit_augmentation_marker
data/raw/nickparvar_v2/Testing/meningioma/Te-aug-me_44.jpg,meningioma,1,test,512,512,68184c494f15511ea52dfe0d9f6bde09c7e0cbadd605b50b673f1ae705a9194e,bf203aaaeab0fa5735a00cd5237ba21e45abfe4743c2c74b3432dec767a6521b,966b382564c77396,,,,,,True,explicit_augmentation_marker
data/raw/nickparvar_v2/Testing/meningioma/Te-aug-me_45.jpg,meningioma,1,test,512,512,cd449722d02d8e4deaaa0965337b7e85d01f83c4e99b92627e5b136e86db1115,dfad7bc895396d4f1a8468f11d47d9964e005de4e2440264942eabf91b85dfe6,c27c2f346cb630b3,,,,,,True,explicit_augmentation_marker
data/raw/nickparvar_v2/Testing/meningioma/Te-aug-me_46.jpg,meningioma,1,test,512,512,13a95819dc4bbb28501e9a56c2595dc3d545359cb991adbfeb33111cb5c16bc2,8fb3c3d1f871bbe8fe3cb8a695930e983a73969fb8c21d2c76fb0c4ef8078cb8,c33f6e3035d06693,,,,,,True,explicit_augmentation_marker
data/raw/nickparvar_v2/Testing/meningioma/Te-aug-me_47.jpg,meningioma,1,test,512,512,cbd0992085bed5e0eccd05df7dc40036ba3826421c9f85fd2298c05855b6f2c0,a9e44b62d9adbb7c7ee24d3d8642c4b53eb806819b04d951aa7286bc47e445a0,97947e4a30d93365,,,,,,True,explicit_augmentation_marker
data/raw/nickparvar_v2/Testing/meningioma/Te-aug-me_48.jpg,meningioma,1,test,512,512,2bcb4e6b8912f1513bde43cbeb14cfecef0cb044957cf1fae205dd6481384ba8,8acb0d0ed87474896702848a2b76a4275411f563850adcfca42536bf85385806,857a3b686ea178a5,,,,,,True,explicit_augmentation_marker
data/raw/nickparvar_v2/Testing/meningioma/Te-aug-me_49.jpg,meningioma,1,test,512,512,f992ba2a5a4d99f7c4d769c53a62e78fefd85050459ad213559b91bc08c61ec6,de13229019b928a5764e6d92a6beb2904460665f95acdf9d4cb03dd34af851fa,c39c2d733c6b606c,,,,,,True,explicit_augmentation_marker
data/raw/nickparvar_v2/Testing/meningioma/Te-aug-me_5.jpg,meningioma,1,test,512,512,e80ac7785ec816cdd94c7b85bbe53b5fc6cec17ce5e1eff380ecc5535d0a4178,3bd854a17e2c6553664ead385bb27ca84b04c532c65d567ad5cb23f4692983c6,d54a2f3b3ca461d2,,,,,,True,explicit_augmentation_marker
data/raw/nickparvar_v2/Testing/meningioma/Te-aug-me_50.jpg,meningioma,1,test,512,512,50486885c6f91cb15e490d1fcd0777cd6f0a7e8c6774f7ae456ef9469721ef7a,808639d2f8ee9f2d7046cb6ab7dd157c5d36cdaf69995620db65f7942bfc2525,c26c2ff0349370fc,,,,,,True,explicit_augmentation_marker
data/raw/nickparvar_v2/Testing/meningioma/Te-aug-me_51.jpg,meningioma,1,test,512,512,bb370d5932c0154e0f3889f27d9809eff076f9e8acd8f9fced0385583869fd91,19a37358ffd46ffbeca27acd59108a58631832d0e244a07786b66098633d5057,c03f6b343cb17469,,,,,,True,explicit_augmentation_marker
data/raw/nickparvar_v2/Testing/meningioma/Te-aug-me_52.jpg,meningioma,1,test,512,512,df64ac44e05d2e0bdc797196ea3c535606142b334c8f2398bb0b47480c88c5a8,d70c4ce787c38256306fde331ff8485db1cdcac9432cc0427146955589d39400,c0972fce383b8c3c,,,,,,True,explicit_augmentation_marker
data/raw/nickparvar_v2/Testing/meningioma/Te-aug-me_53.jpg,meningioma,1,test,512,512,8e10bc0c3be5983045fa623eeb4cd9b391eaf39dde181816177b41a6841c607b,38a681d65d9494f5f77a137f2fac54f7f47dc568cf022e5d91c5d946e9e94df2,87c3789e6a6c8c72,,,,,,True,explicit_augmentation_marker
data/raw/nickparvar_v2/Testing/meningioma/Te-aug-me_54.jpg,meningioma,1,test,512,512,ed48ae6911b56dae3fbcb07670bfcbb4d66053bae2a9db580f084460a1782411,505df4e9802f8735017fc07614f8ea4ed6be1a3d1432e9e414101156e0c243f1,95c07f972a1e6938,,,,,,True,explicit_augmentation_marker
data/raw/nickparvar_v2/Testing/meningioma/Te-aug-me_55.jpg,meningioma,1,test,512,512,f787d266ce5f0e59f7c68184047ac141e862e3b0486cb3af3d0665135b03d422,821c856cc97d0c0e456d60af8aaf166b7a44b665ffffa100bdb75d6095d50306,97c36b192c64e339,,,,,,True,explicit_augmentation_marker
data/raw/nickparvar_v2/Testing/meningioma/Te-aug-me_56.jpg,meningioma,1,test,512,512,f0856bfa9d611e17ed9cab94a6f314ad1c5cc280df82df302cbcc70e23632c5c,dca29e140011cb5a167e6f699a2194a0e2c78060d4db577fb093c817f4783f3e,c22d3dd0358762cf,,,,,,True,explicit_augmentation_marker
data/raw/nickparvar_v2/Testing/meningioma/Te-aug-me_57.jpg,meningioma,1,test,512,512,9f40f7a4bb386a847b922308fa24ed325b5d5f5e1395ae8d93541837b99f8160,857cc6335be92f7de9edc64b5507f87ca6203aa2bdc2ab27569a8af5cf13b9a3,826b3db5609a639b,,,,,,True,explicit_augmentation_marker
data/raw/nickparvar_v2/Testing/meningioma/Te-aug-me_58.jpg,meningioma,1,test,512,512,d7e23cf6212f9bf8dd7d12b640d50841ac1aa8f656e20ed515a7e7f3847fe02d,2c433a3e9df328b707a31fa85e3758cf1bbfc43fae27a13c3d441429206cbef2,918e4ed6799b252c,,,,,,True,explicit_augmentation_marker
data/raw/nickparvar_v2/Testing/meningioma/Te-aug-me_59.jpg,meningioma,1,test,512,512,3aae945e9baaea413b27f9b26f9c091343cfc8ea526cd2a99c25e45767b28854,bdebf445d0998ec1dfd1f01b0691092b4dce27c08ad320cd1df812df418c07a1,942b7a6465b5c393,,,,,,True,explicit_augmentation_marker
data/raw/nickparvar_v2/Testing/meningioma/Te-aug-me_6.jpg,meningioma,1,test,512,512,671f9a1dc502cad76d673f8cef8be068771e191c28d2881c78df959144ef4364,d86f0f85e5dca4b9e2e5f996f4660878380e7d2acc603d746d3a202cf4d7f977,c4db3ea46dc83531,,,,,,True,explicit_augmentation_marker
data/raw/nickparvar_v2/Testing/meningioma/Te-aug-me_60.jpg,meningioma,1,test,512,512,0b7665f24b1d3744429f17db15f866a5fe5ec07fec30ab496d28fe599c21dfc2,aad47c8d764ce1c502b18ef71b6b06baecff30e43e8611a3e99f427ade1b2ddc,91907e8e3949e579,,,,,,True,explicit_augmentation_marker
data/raw/nickparvar_v2/Testing/meningioma/Te-aug-me_61.jpg,meningioma,1,test,512,512,bafb24418ee1b0ab4144dcb37222bb9269970b6c66f1df241f97c4de63c7d1b8,ae803598c086da6885951733aca3d11909ab49b48a317c6fd3bdc774beffab64,97592f1e69743065,,,,,,True,explicit_augmentation_marker
data/raw/nickparvar_v2/Testing/meningioma/Te-aug-me_62.jpg,meningioma,1,test,512,512,2534361844e089963ed95cf50018fb322b10ecc32a67b6bf85ec23a29cdf9104,3372df331b4efd373c6c056d0daab77365f33565f373d92e3285e39d97197141,86783b70792734cd,,,,,,True,explicit_augmentation_marker
data/raw/nickparvar_v2/Testing/meningioma/Te-aug-me_63.jpg,meningioma,1,test,512,512,46efdd53960c4f4d37694599e0fae5125f448e0548e57f3ee93d66c54d78bdd4,9841f6c589b2c34564a4691bacda599b7141425d9a03016aac542f87d9be3f31,9669783b61e16467,,,,,,True,explicit_augmentation_marker
data/raw/nickparvar_v2/Testing/meningioma/Te-aug-me_64.jpg,meningioma,1,test,512,512,aa85391048254b973546d38437e406cd3df3af3471cac2a31c49ab92c20a14f0,4639140f443c262215da1b748654b753248f3506fb3917e815edeb3a7ac2c119,95c47e9362836a3e,,,,,,True,explicit_augmentation_marker
data/raw/nickparvar_v2/Testing/meningioma/Te-aug-me_65.jpg,meningioma,1,test,512,512,087d8a8da82064e119684b4aef2d90b9aab02d3746c02b55ff756a6a192ba70a,7b0c9360fa39b0fb99b255623faee92df028335663ae00dab41b278c2a46d9f9,91e17bb628886da7,,,,,,True,explicit_augmentation_marker
data/raw/nickparvar_v2/Testing/meningioma/Te-aug-me_66.jpg,meningioma,1,test,512,512,b409c52e25695d68240d11244cab0d7a6841827626fdf2fc30176da4b6908282,9de7f6e916c3ad3a8bd73867774e8d899b087397c64210ada644bb21b47661b9,81d05eab6c5f293c,,,,,,True,explicit_augmentation_marker
data/raw/nickparvar_v2/Testing/meningioma/Te-aug-me_67.jpg,meningioma,1,test,512,512,83fc0e469851eaf9ac54451f7433c67bd7af72910d659e9deccbcd87a39d96fe,dae74d63f0ccc95c873550e39fb941f984b02580e810ff6516f412569be97913,85856ed67c4a71c9,,,,,,True,explicit_augmentation_marker
data/raw/nickparvar_v2/Testing/meningioma/Te-aug-me_68.jpg,meningioma,1,test,512,512,c66d7e736fbfda9a0b44527d466fc8d127294ed9699df46c8977251df371d4bc,e5fa5f4741e9c8086f641030372ac8899e965e9d268778b3e093cfa5cefdfde4,95f03e8f2939611e,,,,,,True,explicit_augmentation_marker
data/raw/nickparvar_v2/Testing/meningioma/Te-aug-me_69.jpg,meningioma,1,test,512,512,4b27e614433bb752cc585e1123793967e8c9c2f17b32367fac0388b4c987c1d3,8662433b89aeac5ec803f6d2458760c2033d13c79905b3fdf1cb351143393d2a,95876ec6615a3939,,,,,,True,explicit_augmentation_marker
data/raw/nickparvar_v2/Testing/meningioma/Te-aug-me_7.jpg,meningioma,1,test,512,512,5cc599d240c887430115be897b8c56e8c3414a45c5c1d4b87eacbdbf74bfe4ea,590c06263a818c7d80a1a80d4fc1267cc400b82386b73f026538bfbc7c348f6b,95a57a2c6b872ccc,,,,,,True,explicit_augmentation_marker
data/raw/nickparvar_v2/Testing/meningioma/Te-aug-me_70.jpg,meningioma,1,test,512,512,116d82e64050494a151d60e9c77e393ed64bc5ac9d4e259dee6db4590697ecd1,2a4750480597832225ab10c50ecd9a0fbbbec9cd3d23f8f0185b0d1df2289777,979638da7c19316c,,,,,,True,explicit_augmentation_marker
data/raw/nickparvar_v2/Testing/meningioma/Te-aug-me_71.jpg,meningioma,1,test,512,512,911be68322bdb02c311bd69ae585ad06b540cce2061a89610f924208f812dea9,d5301e1811ff0d9b9e0f4e7b0860e3875ec41e3a42ea6f98fc5e1830091e8ca9,c2d22bcb3d6c7039,,,,,,True,explicit_augmentation_marker
data/raw/nickparvar_v2/Testing/meningioma/Te-aug-me_72.jpg,meningioma,1,test,512,512,9876d54fe742e4b05b5c73e67d1cef118ddb4b9c34e0b9d9764338241d2d3174,16ad76224775a41b2a62f9c653a08960902d220edbf80aab45145e29dfddac2d,85952fce781e6668,,,,,,True,explicit_augmentation_marker
data/raw/nickparvar_v2/Testing/meningioma/Te-aug-me_73.jpg,meningioma,1,test,512,512,ce23ac0fb3e2ed20ba5eaf23075ecb91eafaf5956d9c037bcdc3f514b51627c8,b50a2f97536197fd98c7e80cc39947bd1c099500b87d700f90ac6c33724ca3e7,967a68c5659ec698,,,,,,True,explicit_augmentation_marker
data/raw/nickparvar_v2/Testing/meningioma/Te-aug-me_74.jpg,meningioma,1,test,512,512,f3580fca487c8943b440ed7e2e23eb87bda76b2aab89698739479bfdff1ca703,eed5be3706b38fc0fccadc4b6743c784507e1ee1593642a84e832083aea72776,976878a5659e2798,,,,,,True,explicit_augmentation_marker
data/raw/nickparvar_v2/Testing/meningioma/Te-aug-me_75.jpg,meningioma,1,test,512,512,cdb5ae7f4614402d3db2fec2b04abfab0a8a8bc5e1613f8e345d07e4324ff59b,879594813eafa62245702fa4b9cdd73d2cd3f228e5d7d430c55d1bd918cea225,c3c36bd32c487497,,,,,,True,explicit_augmentation_marker
data/raw/nickparvar_v2/Testing/meningioma/Te-aug-me_76.jpg,meningioma,1,test,512,512,31e53866284f80e087bc5f5fe282a9393be49514e2eac1fc42846e987f213b17,319b1e9ad8fb71da6198fe929ceaa4ce8ecda85909b9a94d311d5de914953b5b,933d686664b77191,,,,,,True,explicit_augmentation_marker
data/raw/nickparvar_v2/Testing/meningioma/Te-aug-me_77.jpg,meningioma,1,test,512,512,9177faf6b56471e3c94dbd939523b787a22e48fd7fdaef5fc6e27c353f4724f9,ff46a7600e2b4f411dc79e46ad7dc3b2a3e699af136688f34cb709e6513f4530,c04e2b277da5743c,,,,,,True,explicit_augmentation_marker
data/raw/nickparvar_v2/Testing/meningioma/Te-aug-me_78.jpg,meningioma,1,test,512,512,0696f1968b3c49a56bf359140b88adc3f8902237db8d9b4ac4cf123295239779,7d449c6f509163b8ebc3feb9ca430479f683a8ea113cc136409e34376e7355ad,93c97e36646931b1,,,,,,True,explicit_augmentation_marker
data/raw/nickparvar_v2/Testing/meningioma/Te-aug-me_79.jpg,meningioma,1,test,512,512,570248a1e2567358fd76253e2d1b75052012c4023cf43b5904df1355093e07aa,8bff4f25da80ff26230b5a2da07959d6f89cb1781e3c674819155abf046eabe9,841f5ff828656197,,,,,,True,explicit_augmentation_marker
data/raw/nickparvar_v2/Testing/meningioma/Te-aug-me_8.jpg,meningioma,1,test,512,512,0fe64f57b8cc5c8e9aa9dfdeb8a0ca1cf1d6ec3bdb3f8c298c852288dbae9313,4a991a6edbbe37a6cbef1383bb59306913cf85a6d333859ba1389015bddd38d7,933c7a6c30a569b3,,,,,,True,explicit_augmentation_marker
data/raw/nickparvar_v2/Testing/meningioma/Te-aug-me_80.jpg,meningioma,1,test,512,512,5bfe4701abefa5f2df5e4192c709b7ac80ccfe630c847bb23b41f13ba689faa0,16d16b5a397b9594ad9b9edf3769cfb6a0b1e8ff0ee688d18fe5b78168614f99,c45a0aad4f497d35,,,,,,True,explicit_augmentation_marker
data/raw/nickparvar_v2/Testing/meningioma/Te-aug-me_81.jpg,meningioma,1,test,512,512,b0251b7a06ddf9fca0e592d2e0cc3cae2ce56efd84fe4878ab24b9f85d37267a,e7d11e573b92312416b91199dd82edb35ff1844bc7b55e090916676c130e5b23,c9d12e6e39396266,,,,,,True,explicit_augmentation_marker
data/raw/nickparvar_v2/Testing/meningioma/Te-aug-me_82.jpg,meningioma,1,test,512,512,be7e0ecae92bb29e25fde33bc9b1305daae57bd808b88040686ed0239afb0d85,c2ab185483b4ba7e38a0502ac020848c10ef15ac2ed78ae512de5169a6a55fdb,c4683f3136cd5ac3,,,,,,True,explicit_augmentation_marker
data/raw/nickparvar_v2/Testing/meningioma/Te-aug-me_83.jpg,meningioma,1,test,512,512,47579f26df36e2f2a4437b6f09f4ea7432a18c17572096c37dccd0aa2b882d4f,690e0adccc6e67a2e8618518f47f79c0cfa5cdf8fa52487b42d79fc818136ddd,915e3f606bf06561,,,,,,True,explicit_augmentation_marker
data/raw/nickparvar_v2/Testing/meningioma/Te-aug-me_84.jpg,meningioma,1,test,512,512,97cdc7b2263117cd739308e7cf0e44eb3b49d9c20e05e70f8e6a54b884615521,88e1d5cca44f928439793368e0da913c1cfbf93cf85f2eb744a699c08ba0e164,c21b2fcc314f7631,,,,,,True,explicit_augmentation_marker
data/raw/nickparvar_v2/Testing/meningioma/Te-aug-me_85.jpg,meningioma,1,test,512,512,a8be16e3290ee90ebda059c103e2cbed767e3a42a73bee5fd5ba96fadb403143,0f16ace298b6d71aa321a9a59a33d57a07041bedddbfca72174f13c685f228f5,d1d26a9b296ec949,,,,,,True,explicit_augmentation_marker
data/raw/nickparvar_v2/Testing/meningioma/Te-aug-me_86.jpg,meningioma,1,test,512,512,1791aab487b999852df45c13c211ca8184359beb3e7e60085ddc52476a15b675,108f445d1790d3ae28e1eb19c32b05ca05ffa25208cc42c596a5d52b072356b6,c12f3ed139c66299,,,,,,True,explicit_augmentation_marker
data/raw/nickparvar_v2/Testing/meningioma/Te-aug-me_87.jpg,meningioma,1,test,512,512,8091f0242937e2ee9c62209ee6107293ced6d5beeee45a72eb27dc6d4d9d1664,3ee55edfea01460ad2104bd14fc8f08630e10c8d1ef4dba08edf732ecc17ed84,951b7e682a7069e3,,,,,,True,explicit_augmentation_marker
data/raw/nickparvar_v2/Testing/meningioma/Te-aug-me_88.jpg,meningioma,1,test,512,512,18c84182c0452289fccfd8f27cac45cf256e90d7c121d377c4255533bd7e7b21,6909291d2bef29cb078b9422cb34835a867daa25d0c55f0ca7c826e72cda89e1,940b7e782df83169,,,,,,True,explicit_augmentation_marker
data/raw/nickparvar_v2/Testing/meningioma/Te-aug-me_89.jpg,meningioma,1,test,512,512,9dbc4ef4d2f074de6366f0031d27da36ed55e5945dbd3af46ab9d018f5d97069,b3f013fc5c131cf4105224bfcb881755b900c4090720c7b9054d458235ab3073,97797a39686123a5,,,,,,True,explicit_augmentation_marker
data/raw/nickparvar_v2/Testing/meningioma/Te-aug-me_9.jpg,meningioma,1,test,512,512,9791d9181fb18bff021ba64c72c788ac9d29c9f7eb5d477e50ff6822650ae8e8,9728cfe53bc5168f6aecd7e3a4275851a7efa1ab2720864856d3ef53d92ddc20,d5df42ac09092fa7,,,,,,True,explicit_augmentation_marker
data/raw/nickparvar_v2/Testing/meningioma/Te-aug-me_90.jpg,meningioma,1,test,512,512,81e294df780dcba40242224539d24fba306d44ce1d945541df61cd6edf8f3546,5ea3b847962252db37bff81887dd79cbd0097a20588f1cbc1cb8f76d4e4c579e,952b577818666af1,,,,,,True,explicit_augmentation_marker
data/raw/nickparvar_v2/Testing/meningioma/Te-aug-me_91.jpg,meningioma,1,test,512,512,1a437246122c0734aab8ae197bbac7a7c413e26dbaf8937a8672541b431b1808,b9e55d46394abd36c277c02dcbc308b150756b607116259e5a5cc4b71abcfaa2,87853f8f69586878,,,,,,True,explicit_augmentation_marker
data/raw/nickparvar_v2/Testing/meningioma/Te-aug-me_92.jpg,meningioma,1,test,512,512,cb6e62759c58a6890a70ce2f883b6beca227762137bf3edaa2b897fa9d017b6d,0b2e505be0b2ab69a6f33c22019050893c03ea0a29de1df00990bab7c767f5a9,969d78e66168e631,,,,,,True,explicit_augmentation_marker
data/raw/nickparvar_v2/Testing/meningioma/Te-aug-me_93.jpg,meningioma,1,test,512,512,3b48b20e7bdf4b6932c47fed6d92563395fef8e1dbf34bdad00ddc09e6b78440,9b1479f8315d65dce6aef16d000e2f7108c1c584d464bfcf3d6e0f6a78f67a7f,85915e9e79ce6889,,,,,,True,explicit_augmentation_marker
data/raw/nickparvar_v2/Testing/meningioma/Te-aug-me_94.jpg,meningioma,1,test,512,512,3530e9bc2542f4d4426043543e0af8d7f25ca4c087aa247399f65ca8a410f2a5,4a146a1a71861820ec2e03e3b93e18c70f711aa11035a4828eb5316165618c17,976678296186e6ce,,,,,,True,explicit_augmentation_marker
data/raw/nickparvar_v2/Testing/meningioma/Te-aug-me_95.jpg,meningioma,1,test,512,512,7e839fffc6b7402cb20a910e335fe08c81f25fb0f819face41582591e8ea04a0,969bd04c54ecc70d417cd5075787ccf697bec49f51fe32cecef2c42f0e1a2623,97857a9e613a6629,,,,,,True,explicit_augmentation_marker
data/raw/nickparvar_v2/Testing/meningioma/Te-aug-me_96.jpg,meningioma,1,test,512,512,3086869a02d5ada365c111cda40cb8de0191fa209b72a9f56804c15d56c45aa9,87d37d3ec0d779f7391a3bbf150dc378a08de0d4a712fd8749f07e72396a3b38,d0c26bcd250bb76c,,,,,,True,explicit_augmentation_marker
data/raw/nickparvar_v2/Testing/meningioma/Te-aug-me_97.jpg,meningioma,1,test,512,512,8e72e307f764338c460dc204c5266c424b265b367a86e26682798373e152b88d,7c44c90e60ca4de1de667f7f939603026dcacfe28059b2a0b23509f60a70b6ca,976c68b16596334e,,,,,,True,explicit_augmentation_marker
data/raw/nickparvar_v2/Testing/meningioma/Te-aug-me_98.jpg,meningioma,1,test,512,512,8c6fe9225ed2f90e503cb70b2a0ce7e45a7402e424ee39ba49905361de9de77c,6c0454734ddecb5b8b277203355db934dc6e5c58023c59a3dc3806bacb10abfe,c63c2fe3319a66c4,,,,,,True,explicit_augmentation_marker
data/raw/nickparvar_v2/Testing/meningioma/Te-aug-me_99.jpg,meningioma,1,test,512,512,686e3d8195a1ccb243316334478b310fde96a0517a32fddd04782e504efc960c,b2de26ffeccff0443c44be00b94e6eb6ca48000097017e7a6774badaaef8533e,97393a626960656f,,,,,,True,explicit_augmentation_marker
data/raw/nickparvar_v2/Testing/meningioma/Te-me_198.jpg,meningioma,1,test,341,395,f55311fb8ccf1b86450233262bd00b176bd1c404e5849b59c0a3cd5e4440626b,6ad6c220baaaf5a8c445f00bbb97d8d825bbd4896382344442c8cc5e643137f6,c50c115b4e3f7ce2,,2372991963cf1bd8,,,,True,exact_duplicate_of:data/raw/nickparvar_v2/Testing/meningioma/Te-me_179.jpg
data/raw/nickparvar_v2/Testing/meningioma/Te-me_235.jpg,meningioma,1,test,455,500,86847c6a4729a4b19bf1b3f58905c68812c6f75ea680c0ccb1621b94e165d16f,c5184dfddc7099fbc89d86ec238630dfe1140937272d80a1c2aa5024d3d916e9,c4736ead39cc3984,,6d143deb4372c400,,,,True,exact_duplicate_of:data/raw/nickparvar_v2/Testing/meningioma/Te-me_116.jpg
data/raw/nickparvar_v2/Testing/meningioma/Te-me_45.jpg,meningioma,1,test,210,240,f813b3d84d164a5b7e87174946eb5c7acaae34e62b480bb31bcb0d6d518986b1,ea69a335cd6b7717c6d7cf14939913f9aaf5bef273f2917cda949c6f7af93de7,901b1ef87ae56985,,b75c8b9898d9b6b2,,,,True,exact_duplicate_of:data/raw/nickparvar_v2/Testing/meningioma/Te-me_182.jpg
data/raw/nickparvar_v2/Testing/meningioma/Te-me_70.jpg,meningioma,1,test,228,221,69c1c453795ef46d2c171bafe4d4af47b0f059026d3e231227668cd7c8928068,c83fa736e3db3798cdc3a70484e54b43cb3009d7baab8f0056c582dbc0f27058,c4f13a2f68b1a4e6,,b330b7e1f9f5d84b,,,,True,exact_duplicate_of:data/raw/nickparvar_v2/Testing/meningioma/Te-me_295.jpg
data/raw/nickparvar_v2/Training/glioma/Tr-gl_100.jpg,glioma,1,train,512,512,544aa9e1829e61d95d5c2b68863dd2bd98bb44eaa198226ee55603218a1f485d,db7bc5885e0f6f532fa2757dc3aa5a23db57eeb1c58189087c5866f3871d26b8,c03f2f3d36e43292,,2063422afa1610b7,,,,True,development_group_overlaps_official_test
data/raw/nickparvar_v2/Training/glioma/Tr-gl_1028.jpg,glioma,1,train,512,512,48b2f076b9d34efa613358ba48c09eea6f56499b7c8cc6dd36da17870687ba80,d71f872dc88f1de5e58408e82270146c10157fce14ca2dbc0c2d5b7ec406329b,961c797131cd6666,,b0d82c250ec7baea,,,,True,development_group_overlaps_official_test
data/raw/nickparvar_v2/Training/glioma/Tr-gl_103.jpg,glioma,1,train,512,512,550e372869abdc4461dd864ad54fdd5f20e110ca965344cb3911010684f34330,c458b8ad8738392f0fce4941e9967fd77e62066b99b1b072bff1a41e7f83a235,96ce6b9d60926569,,08a782e17f111dc9,,,,True,development_group_overlaps_official_test
data/raw/nickparvar_v2/Training/glioma/Tr-gl_1030.jpg,glioma,1,train,512,512,f3ce51c275ec36fd22285c12cb6475b6411eeb4394ca83e4c0efcfaa296a207a,0d09434765c3513ca74c16a97fac440dfe82f0567dae8abd385a3c9fb43bc0ae,93306e6e38d165e5,,12e08b43449115c4,,,,True,development_group_overlaps_official_test
data/raw/nickparvar_v2/Training/glioma/Tr-gl_1039.jpg,glioma,1,train,512,512,cc0250d1cc59fb33e3ef9fe3aa6f4d46a0b4a96c0dc4bf62b84ac9add9a682a9,c2dd7f1f686bbbde27b04c50234eb715c9b338cf3aa7aceef622e77ef994acf1,963a68e165c7364e,,1fed37bbf383da00,,,,True,development_group_overlaps_official_test
data/raw/nickparvar_v2/Training/glioma/Tr-gl_1040.jpg,glioma,1,train,512,512,3b500f02ad835c10898c77cbbe15078088b4ecc7623886aeb3c89ce2bd3340f4,98fa6f864418f49df93ccf4eb9f01e11d22f9c1ec4f8ce75e387fcf0e1d6d39e,c3c76d9e343c3231,,99cf76682047b1ef,,,,True,development_group_overlaps_official_test
data/raw/nickparvar_v2/Training/glioma/Tr-gl_1056.jpg,glioma,1,train,512,512,648e3d7215a5e2fde7ec2c6e6259bc278ef099c224132f1e79299f6cf55e8054,e52995b362f605beab8abc1b9b2fdd8e5681035cfa3005dccb23c4c4f4c68256,c33c6b7a3cc2253c,,c13e82055c401469,,,,True,development_group_overlaps_official_test
data/raw/nickparvar_v2/Training/glioma/Tr-gl_1057.jpg,glioma,1,train,512,512,dcb8d6cb4496603b7d8757bef29fa39cf1d84a4e5d953b3135d19dbd788b7dff,e081da0356c0608ba5802f802a15a094b4041fe76fc9fef9e29d97c977828b7f,86493f1f38e53478,,ab4417ef42f428ef,,,,True,exact_duplicate_of:data/raw/nickparvar_v2/Testing/glioma/Te-gl_311.jpg
data/raw/nickparvar_v2/Training/glioma/Tr-gl_1064.jpg,glioma,1,train,512,512,4d3506f55b9534015f4ce41c8b9cfed12d3187717a2a5aa554efd660794e71dd,6eb4862041bb0ba19bc605e63bd7566b16278489ad1b094f66177b56f26a9abc,c33c6b6a7cc02d3c,,c13e82055c401469,,,,True,development_group_overlaps_official_test
data/raw/nickparvar_v2/Training/glioma/Tr-gl_1072.jpg,glioma,1,train,512,512,167646ef0dfbc5b3643ee6b2ebccb51ab9f7f8287dfbc66b908265d4cffe59fa,5c8dbe31dcf1cb5709518a8a20fde08f0467dfc4d6d3bfc443a274c63d24f342,c03b2b3d3fb43832,,2f9cd3473d17ef8b,,,,True,development_group_overlaps_official_test
data/raw/nickparvar_v2/Training/glioma/Tr-gl_1085.jpg,glioma,1,train,512,512,75b867a885b9bb9bb3b6e2d74038ff8dcde49857a22c8b0619bf1b56b20078f9,b6f62fcf0ac1f96c996638c97ed9b3f2a0d5844928baccecd666865fc105c533,c3c36d9e343c3638,,99cf76682047b1ef,,,,True,development_group_overlaps_official_test
data/raw/nickparvar_v2/Training/glioma/Tr-gl_109.jpg,glioma,1,train,512,512,2389fda31023448903058a7d6e6481baf349d5f925b8e3bb134bd28bd77cb318,87b42a3c474edfc96675b04e4539b3d65f5084d98383372ba08265874c976630,d3cb2c9c3071b366,,ef76d38ef46ab409,,,,True,development_group_overlaps_official_test
data/raw/nickparvar_v2/Training/glioma/Tr-gl_1098.jpg,glioma,1,train,512,512,5794bf363988a2a24d118db901dcce06667cd38edaa1aeb6fb528871f1b221ef,c9f4c3210fff0234b01c653fee7f8a94a2076bc1856970c0233d6511e381189f,87cb699c3d187478,,55dcf147ccc1f87c,,,,True,development_group_overlaps_official_test
data/raw/nickparvar_v2/Training/glioma/Tr-gl_1132.jpg,glioma,1,train,512,512,6867d98872346fb442cff19f2e1326970dc190182ba263d25bf2625fc005b8d7,8ab356f5c54c5881a8a0f8984b6282372f10a26921d76b8115f4925b542e9a12,94943fda7848716d,,82b035b077d7c5e2,,,,True,development_group_overlaps_official_test
data/raw/nickparvar_v2/Training/glioma/Tr-gl_1154.jpg,glioma,1,train,512,512,48d3d754fce9f1cdddc5ce0a21cf09c1d14ef0bb09193d02079ee505748a1145,15fa0796e32d12b2c6e76d54aa2754c5b5bf2ed1b8c7bfbcf0559702cdfc0c92,969d689a616d3663,,2773705e61fe8720,,,,True,development_group_overlaps_official_test
data/raw/nickparvar_v2/Training/glioma/Tr-gl_1164.jpg,glioma,1,train,512,512,ed9340488698e501fea7b059693a722d67372dc90d07e6e456ea96b70975182b,c873d467abba09fb8444aa02dbcce7010fbb503a2ca4faf3bf5e20e1fcbd7831,963e6ac165633335,,82589d75bd5afcb1,,,,True,development_group_overlaps_official_test
data/raw/nickparvar_v2/Training/glioma/Tr-gl_1195.jpg,glioma,1,train,512,512,74361d9da7838b3530a0903670cdbdec6513cf302ad72b9c83b8c8fc7f497697,3d6483ae4e23b973e2963d9e5c74f9eb5dd25227255b1ce9526ad82b7cec27d9,c02e6b3f6cb53470,,4f82664dbdb26057,,,,True,development_group_overlaps_official_test
data/raw/nickparvar_v2/Training/glioma/Tr-gl_1210.jpg,glioma,1,train,512,512,80fc1a6c55f6e21b26fa2ff1f6beeb347c714a332fa69c043eca37bce6f9bebf,0e09e9ba7f3aa2c1a6e1b074bedf36219f2b9a409a99aa589c8f6b8ed0a2193d,c02f2b373db53630,,a6549cae3cde99b0,,,,True,development_group_overlaps_official_test
data/raw/nickparvar_v2/Training/glioma/Tr-gl_1219.jpg,glioma,1,train,512,512,f1579211cdba6486bae9afb4a6643221742f8a2fc3efedf6f5c202ac6d194195,46f794f17c9b18f6eb78b0ad688a34b800a4148b81c9155bd488a14c8ccd9f35,d38d3c706431e766,,6186a3cd0a898850,,,,True,development_group_overlaps_official_test
data/raw/nickparvar_v2/Training/glioma/Tr-gl_1224.jpg,glioma,1,train,512,512,1cb383948a156aa10dcc284876493c034421e25109837d4fb56dcf12eead96db,425551bb2c0131b02137b827dab0950f9375766fd4a7d3021a847a3d55ce60e8,95967a5a6169e325,,eec878a08f92dc2d,,,,True,development_group_overlaps_official_test
data/raw/nickparvar_v2/Training/glioma/Tr-gl_126.jpg,glioma,1,train,512,512,514c45d8561e97b5fb6818ac641dde5c81b849f62c9bd40206f0b802fc7121cc,826406078e822accd8a2c2e20b6057d4b4b052c92f2d6ef09676f43fe06e2b7f,969b6a98616d3663,,2773705e61fe8720,,,,True,development_group_overlaps_official_test
data/raw/nickparvar_v2/Training/glioma/Tr-gl_1270.jpg,glioma,1,train,512,512,55e3241ead513e576d1096c1011063d0ac11c7e9191d41dc84650bd5903910e1,5aa54eb0d5e9d7af09506cb99497b09a027c7f79be34090098b080124eb0abd6,869e6ac935697325,,2e4d9e9cc2268a50,,,,True,development_group_overlaps_official_test
data/raw/nickparvar_v2/Training/glioma/Tr-gl_1271.jpg,glioma,1,train,512,512,598cc0afe5393e23bd2088621622ade0ba7561a309aeb24167bf888dbe41b87e,fc932b48fb329f7dccb0bd3e672b757616dfef49f0b4dd5f4d137e1150ca1a68,d36c2e7168a47372,,c413f910c0275542,,,,True,exact_duplicate_of:data/raw/nickparvar_v2/Testing/glioma/Te-gl_169.jpg
data/raw/nickparvar_v2/Training/glioma/Tr-gl_1278.jpg,glioma,1,train,512,512,77294e4b28ef2d2346aa08178d22d869f6aa9992e2b65fe84a4253d3b6425034,b162f8564f10660c5e24d3838d431d99ac289bb587e3053530175c61c8ff6067,9796784b6169a725,,6b19a0a6c3b0d7d3,,,,True,development_group_overlaps_official_test
data/raw/nickparvar_v2/Training/glioma/Tr-gl_1283.jpg,glioma,1,train,512,512,f65c46f6667ee0df250bd7917a4c946e7e347207fbabf3567ab197fc87e0c973,72a6fd906e1a496d3bcf89a2cee852272a4c2648b611dc74f21de76abc69b471,c02f6f343df43132,,137d7d1e831f6244,,,,True,development_group_overlaps_official_test
data/raw/nickparvar_v2/Training/glioma/Tr-gl_1286.jpg,glioma,1,train,512,512,ec9998f5cfb7df9292de957f06c3c606f218f434ff5f7afb9c0362ee251febca,07d4c6b0e2cf8a4a56d7ab792971ae01828d10e03bee5c18a9b162bedc07a702,c03f2f342fb438b2,,2f9cd3473d17ef8b,,,,True,development_group_overlaps_official_test
data/raw/nickparvar_v2/Training/glioma/Tr-gl_1297.jpg,glioma,1,train,512,512,27d3c40b58e15d7feede36d9cedd485f10c0c22f5cfa32e412b2994f5cb98a19,02ed7f0f5efa484c30560322bafb71b81d7a5a4ebd2ec6670e7f830383a5f196,851e7a6839e16d35,,0a5f7639d67f5611,,,,True,development_group_overlaps_official_test
data/raw/nickparvar_v2/Training/glioma/Tr-gl_1308.jpg,glioma,1,train,512,512,5b7a3cbae3883d2f4933920cdca94c21e518ad8f961dec14a05dcdfc980a1518,567f70aac8522fdbb8dc7dd771f599f4d4287dabad330c5ddb250f18d5c1bcfc,c11e0b3b3f6934b4,,9fad638682628f9d,,,,True,development_group_overlaps_official_test
data/raw/nickparvar_v2/Training/glioma/Tr-gl_1314.jpg,glioma,1,train,512,512,6c3f26ff4043a27a5642832a5aa71ea892dc7a4081ee99b39175ca77dc02f24e,ff4cde0a8f9edd5a42e77a56f809458c403e2a6bef43c0fbdf5d9922772fe773,c41f3a683da568b5,,e38d335f6aad6a8c,,,,True,development_group_overlaps_official_test
data/raw/nickparvar_v2/Training/glioma/Tr-gl_1329.jpg,glioma,1,train,512,512,bdb64c23789c446afb48e95af44301a4af05470aa7273f03d7e72b27139d4518,a1348946c0e49bc7d950aec79defa9a5bbe369d46d577bfd827d02c04e7542eb,845a0b2b5e6f2c3d,,cfa976f24f4b3f0f,,,,True,development_group_overlaps_official_test
data/raw/nickparvar_v2/Training/glioma/Tr-gl_1352.jpg,glioma,1,train,512,512,f7023a245bf0285e63f5f89fb56c8167d105ee5a3b3f38d56d475955d4e2b323,cca6ab408ab417e552ea5e55a4acd7abfdb2c4e8b5ec908c7be1d5b0a7db3f83,c33c6b7a3ce32438,,c13e82055c401469,,,,True,development_group_overlaps_official_test
data/raw/nickparvar_v2/Training/glioma/Tr-gl_1357.jpg,glioma,1,train,512,512,0752579b683b46989a363a8f7adc88e89d2287b07d8eff7946cb1fd51adb22d3,d53879d853dc6bd13d1c321135c72b11ed48bf6fb636231a03301670b3757f3e,c16a3f293e257836,,bdf3dde692f97c03,,,,True,development_group_overlaps_official_test
data/raw/nickparvar_v2/Training/glioma/Tr-gl_1363.jpg,glioma,1,train,512,512,560bb7f85ada9922e263cd604466500c16b7d1d92ca5b4b4615546e78c8c60a0,12beb961b89c941e05c93224a445bb0687a2bda6eeb5bbec043d143e5a47f735,d3696cb43cc2619b,,1cf42c03bf6b0337,,,,True,development_group_overlaps_official_test
data/raw/nickparvar_v2/Training/glioma/Tr-gl_1364.jpg,glioma,1,train,512,512,7aa0bb3469fbd5acc5cfd1976e797e7787ae13fc4a86461f94f7e126055f56e0,fddf2eb23ddf34e0ff2daeddc34243dd45266a0fa672b21691fbd57774cd9ac0,c36d6c943073336d,,14712ab275648bcf,,,,True,development_group_overlaps_official_test
data/raw/nickparvar_v2/Training/glioma/Tr-gl_1366.jpg,glioma,1,train,512,512,27cf9d7b5930fa69328d5c4c954cc2e46370a840ab68983264afd8693ad1c3ff,749a92379a56381438c8c2a3c6deb5341f9749850c3f243e2eaab22944190816,969678c9616d6665,,e7078edcc880b434,,,,True,development_group_overlaps_official_test
data/raw/nickparvar_v2/Training/glioma/Tr-gl_1367.jpg,glioma,1,train,512,512,f6808485e27d10ed374a1cdc4f66309cda055097e3bf7bede9a1666604f5b03d,5c89dca388112f1f959b69e1450dd2013a62548f2b20975efeb1c2c4101fd3a2,c36b39e4349366ca,,1ccb7351f6d0ae48,,,,True,development_group_overlaps_official_test
data/raw/nickparvar_v2/Training/glioma/Tr-gl_137.jpg,glioma,1,train,512,512,5b611d9d2863ce5d8c2eac80a97486943292a0cdac6a2517a19b054ba435e504,b2077621b8722ba61c5b829eadbea8366532290de2b1660bdf29ce3eb5d5e8c9,c26f3fb43412723a,,25e43a11ce4be314,,,,True,development_group_overlaps_official_test
data/raw/nickparvar_v2/Training/glioma/Tr-gl_1398.jpg,glioma,1,train,512,512,e2b835d75860e3b9ba30540246852fb83ec3e455c5915ff90e3de303f0f9bf75,30ef96b6db90e8c7ce188f31686a24042d042d33e6b60247987f4c6df30b1123,94973bd87069616d,,82b035b077d7c5e2,,,,True,development_group_overlaps_official_test
data/raw/nickparvar_v2/Training/glioma/Tr-gl_158.jpg,glioma,1,train,512,512,a607ce2f9e06b77e7674fd064d1cfd1649f99c02d97715027b875923c6e6376d,2c5d2c446faa1c1471ec7cbaaa2015be2896b71f067dfd62e7e539a54ed0cd6f,9796784b616c6725,,6b19a0a6c3b0d7d3,,,,True,development_group_overlaps_official_test
data/raw/nickparvar_v2/Training/glioma/Tr-gl_172.jpg,glioma,1,train,512,512,bf416c724c2f6de1aef758d25d5b5062490b3c05563de10f3fa268516607f6f4,ae3dfe13437971784e5d6c4dbe42d147de38273203b3e9b6c11e67a53e724a44,866939246cb373ce,,a5ec4f2f37c7da05,,,,True,development_group_overlaps_official_test
data/raw/nickparvar_v2/Training/glioma/Tr-gl_176.jpg,glioma,1,train,512,512,8ebe9b308f61f2360b84374719a1cfc287654fe7f457c30266a7cf7f6d28a147,b30ef1c2f98b8b1a7ec87b17401aa4537e560f19edff7e81594f967e739cea5c,97cb6a9c25986669,,35327bd754e30154,,,,True,development_group_overlaps_official_test
data/raw/nickparvar_v2/Training/glioma/Tr-gl_192.jpg,glioma,1,train,512,512,b4cc19608adc2fb982b34912d3ffdeef07e40bae2015d3321c331a1f59a7ad4c,2445e2628e9d00df013f5c36cfa8f894b22d6777536b1fdb6e79d4f6462e4f48,c03f6f702dd03732,,137d7d1e831f6244,,,,True,development_group_overlaps_official_test
data/raw/nickparvar_v2/Training/glioma/Tr-gl_20.jpg,glioma,1,train,512,512,5908812dabf4b772571d4dd67d26068672e63708b7ec505aa59b025981695e51,daf85ebff21d26d664440f55d4b301988b296c370d7c7d9a9a16d409c8c58d30,c2642f3334f670b3,,d94b0d3b22524744,,,,True,development_group_overlaps_official_test
data/raw/nickparvar_v2/Training/glioma/Tr-gl_214.jpg,glioma,1,train,512,512,a8b31d464bd1efc9fb1aa17d15bb119363e5e85e71f738a7e9ad446e73440608,4a5ff2a7c5af43c22e8f437992f325fa8922d1e5fd039c89b5bf72e5ec6bdf8e,97c36a9c64783339,,2152e50389c03623,,,,True,development_group_overlaps_official_test
data/raw/nickparvar_v2/Training/glioma/Tr-gl_225.jpg,glioma,1,train,512,512,5994ec3a97f9cdce8f154b2157da4ddb248a57f2cf849e4452bb0852d892be9f,1079419d110d9716de06db7b2b47b9c82931f681c8b3403f61aad3f0f1843645,974b38b5603667d2,,2bf132c6f72b5318,,,,True,development_group_overlaps_official_test
data/raw/nickparvar_v2/Training/glioma/Tr-gl_252.jpg,glioma,1,train,512,512,699bb3d7ac76c2c4c8a0c9f379748aac56b3895291a94cc42e939aa0ad6a59b4,af14a9a129d5f830f0b06d1d8f778b96183dc6cbc63ef42ad4faec292dce90b4,c0392f3d6db67034,,f016a6f6473410d3,,,,True,development_group_overlaps_official_test
data/raw/nickparvar_v2/Training/glioma/Tr-gl_265.jpg,glioma,1,train,512,512,1e2029b934f803f84f7a027828acc34b4c9407b9029ce394312ac8ec8e6935a4,d56a98fcd2c5d68dc7f24dcfafc5d1ede0ad5950fc180fb8ca678e3afb888170,c03b2f3d347172c6,,5861a339db704135,,,,True,development_group_overlaps_official_test
data/raw/nickparvar_v2/Training/glioma/Tr-gl_266.jpg,glioma,1,train,512,512,2446d342eecbe1ba3c5e109f2a559ffe91eb708065a317d34c257bbe959f9597,d175e79b586c0a29651f0a4d93c9fe2100662911ebbbaa612d5eb1308ac4eedb,d0632f2f6cb4649a,,6c94db7c598cfc53,,,,True,development_group_overlaps_official_test
data/raw/nickparvar_v2/Training/glioma/Tr-gl_276.jpg,glioma,1,train,512,512,77c7fb8cbe809e3d786a98e9cd84eeb3bbac562bc85412dc28a28cfb54183080,f2ce9cccbc3d3ef6e92e2d8e0c8a5b03f090a903fdd8599559e083871005f716,956a7a3d643c6332,,f9cf442e00ee6431,,,,True,development_group_overlaps_official_test
data/raw/nickparvar_v2/Training/glioma/Tr-gl_278.jpg,glioma,1,train,512,512,642443b5c46818268b31aa98adfbe04fe9a0bad1fc1dfe54361694c0ead23aec,37bb5533c20522bcfea394d2f535ffe5a574b190ddf34836c7ba5d7a42fc6339,c29e3dc1702de336,,dde779c497cb6d11,,,,True,development_group_overlaps_official_test
data/raw/nickparvar_v2/Training/glioma/Tr-gl_315.jpg,glioma,1,train,512,512,b0ce980808ccd0998dcd201dcc847e89396256d023ba6948b2de712b5bb94e75,1c8aee22fa2b40f59eaa84a0a4fea2866210218f272bb6a06c3298cc44b3acb7,973a68e161c7266e,,1fed37bbf383da00,,,,True,development_group_overlaps_official_test
data/raw/nickparvar_v2/Training/glioma/Tr-gl_320.jpg,glioma,1,train,512,512,ac5a25521668bf49b5411893cb6538287e1d511a01c40c21372e5583688696cb,c9fd00dfc9eb2c9ef95fd833e2c12e8f2afea6d17de72812fc32db510aee5669,d0612f3f6db4609a,,6c94db7c598cfc53,,,,True,development_group_overlaps_official_test
data/raw/nickparvar_v2/Training/glioma/Tr-gl_327.jpg,glioma,1,train,512,512,288ddd10085c840be845b8ca9c447be63435ef106dbb5a41bcf2cf41ac16fefe,a435bb70712129b2666870e6a51928f10d7d5cfe13b60738d55e7c5456f39809,92383bb069c365cf,,00a0c60e6af00b6f,,,,True,development_group_overlaps_official_test
data/raw/nickparvar_v2/Training/glioma/Tr-gl_332.jpg,glioma,1,train,512,512,00a22f74323aa6ef3bbcd8a7894696d4ba2b1b7ed55b409c48457e07206dfadd,fef59e6a9b5740cb7073e037af3860440d8784693e9543791b08b8c909f9af1a,92383be161c365cf,,00a0c60e6af00b6f,,,,True,development_group_overlaps_official_test
data/raw/nickparvar_v2/Training/glioma/Tr-gl_337.jpg,glioma,1,train,512,512,f6de88d561e61d64730b496f85ff25ad44dbdac345bba42e7ed104af26df1bba,033e40d27a91cdae3985063b6eb4f8fa9d0d1ddbf274abb1ef02abfa87c09761,91ce4b0d6c3f2d34,,66380da2a68fc04b,,,,True,development_group_overlaps_official_test
data/raw/nickparvar_v2/Training/glioma/Tr-gl_342.jpg,glioma,1,train,512,512,72414ce262702588788eae69b41e592a142ef836303d00946e54c63b3e6e84ef,6d59816aab34c2a9c4bf0a86cae826a3f39e6811a623ff15780e27dc733752c6,c33d6a3461936e93,,3c57e05a08b6d785,,,,True,development_group_overlaps_official_test
data/raw/nickparvar_v2/Training/glioma/Tr-gl_348.jpg,glioma,1,train,512,512,8baa5a5f3db8045c5780261a61f932cfe7933871b8f62b0df2292fc3cd06d7cf,aad632aaa2304d86d625dde0a4c6977ba9c5632b40fa90d734bd61af75b6bd22,c2c22f9f354c7634,,c7a0a9bdba0269c9,,,,True,development_group_overlaps_official_test
data/raw/nickparvar_v2/Training/glioma/Tr-gl_350.jpg,glioma,1,train,512,512,3c6d0a1251189228550a435f2700daa8cbd3806b1b7d1f2eb5b2670f45eaa317,6d523fae41fe91187f79917548e3a9991648663062999c9c739512e4eea1dffb,c03b2b2d3fb43a32,,2f9cd3473d17ef8b,,,,True,development_group_overlaps_official_test
data/raw/nickparvar_v2/Training/glioma/Tr-gl_361.jpg,glioma,1,train,512,512,90551aa3ecdd39de63e7e0bd299a90ab0f8d542e5b69e57b129cd1742999efa3,0eb721934d58bc52cf5792ae094039f278c5944339a8889dabf1492e6166fb9d,96493e27396cf035,,02185c198acafc37,,,,True,exact_duplicate_of:data/raw/nickparvar_v2/Testing/glioma/Te-gl_299.jpg
data/raw/nickparvar_v2/Training/glioma/Tr-gl_385.jpg,glioma,1,train,512,512,529b71783a1ed30fc10fe95bb7270eb9d99eec04cd120e49aba2470ebb1c9e8c,3929d279e4185633a155a6e1ce9e3e3392da5886bc212ad99b6c63bb175864d5,94963fda7848616d,,82b035b077d7c5e2,,,,True,development_group_overlaps_official_test
data/raw/nickparvar_v2/Training/glioma/Tr-gl_4.jpg,glioma,1,train,512,512,786923b00a6cbeb74c4b2764f769d6c4a98fe9b7268f4277709736bff8873dba,3f1ffeaeda5ab4bf7f9db714cfacd9b02f27319c1147f374437b0bca4c448375,c09d3f4a3c796c31,,426237a2fd70b592,,,,True,development_group_overlaps_official_test
data/raw/nickparvar_v2/Training/glioma/Tr-gl_414.jpg,glioma,1,train,512,512,f54205647aa37f0362d44e0eeec99589ae01037820c1ff9af4ff958e7b6e7057,1aa9786836ba1072de4879c5eb02537e5f5a66aa9529c7dc7cd75997aa92124c,969678d86119676d,,b0abacd55e5570af,,,,True,development_group_overlaps_official_test
data/raw/nickparvar_v2/Training/glioma/Tr-gl_418.jpg,glioma,1,train,512,512,42a092ba18aa277571a80e6426381a69e1e7670b7d94ac14b259116080281a53,d71fadc590bf96b15f2073710c6dbcc95f96a825558551a523928782856da15c,d0ca2b2f376c3d30,,d06ccfaf46f90bdc,,,,True,development_group_overlaps_official_test
data/raw/nickparvar_v2/Training/glioma/Tr-gl_419.jpg,glioma,1,train,512,512,a7cede9f7fc9eb3716b461e693adfecbb908236f4fa12c5337bcf6a3c67641f1,f42a9bf51e914972f1096d9efd3b78c17ca5ffa3a49be668e2b699b394860220,c3c32d9e343c3371,,99cf76682047b1ef,,,,True,development_group_overlaps_official_test
data/raw/nickparvar_v2/Training/glioma/Tr-gl_420.jpg,glioma,1,train,512,512,37914bc658c50ba2ca1ae4f1a57a8ee9421edcd49159dba28d60212abd3a229b,03370841b614b01f62f31785d8981264c66c41de7b82fa92625c77feaa31326b,96493e2d3966387c,,96a799b64fc4ce5a,,,,True,exact_duplicate_of:data/raw/nickparvar_v2/Testing/glioma/Te-gl_233.jpg
data/raw/nickparvar_v2/Training/glioma/Tr-gl_422.jpg,glioma,1,train,512,512,c3f4970ef1d5c2ecca6dd3cda6ffe78f816a9f8c4385b5f196dd66ac124c3e07,d1b4d1d9c3e57026cfa724650b86eafabe09275230ade12b87a56d6d029cb27e,c02e6b3f6c393570,,4f82664dbdb26057,,,,True,development_group_overlaps_official_test
data/raw/nickparvar_v2/Training/glioma/Tr-gl_43.jpg,glioma,1,train,512,512,0f6c943e8dc0d5f06ed41c49380786f1bb18a26551bdcf29e23d55af41eb870c,3ed707341c17ea73ca559e1491c70567cfd3063ce53ab4ee393d802766ff744c,c3696c94317393cd,,14712ab275648bcf,,,,True,development_group_overlaps_official_test
data/raw/nickparvar_v2/Training/glioma/Tr-gl_433.jpg,glioma,1,train,512,512,54adeaab155f8d354d91a7212ade47d72706aa1f3bc8f5a40e09ee5c59d54f10,813122a0f1ac0052c3e8df5dd2f3492c9a9767663affc17d9f52e8939e4f8c67,85583e2978b66557,,b28657959c779a89,,,,True,development_group_overlaps_official_test
data/raw/nickparvar_v2/Training/glioma/Tr-gl_457.jpg,glioma,1,train,512,512,ab9ece3b7c65e26636ab7cc52aa793cd1c61612eb78295a9e21948ed5811ec51,c45e18332586bf2c108ebc6c2a623294143fd6f3fd65e0ae1b3f2b697aa5f8e8,c39b2dcc348e3339,,fc6c49da9bd18640,,,,True,development_group_overlaps_official_test
data/raw/nickparvar_v2/Training/glioma/Tr-gl_460.jpg,glioma,1,train,512,512,834f9c41d466125e631b63fb1696eddd424abab5e6334a03c1fd34b9e35f32ea,4441220037111cdfee13f61661cbb76d9393f5563d0e8cc645b8c26c121d0d77,d00f2b2c6f253c7c,,767d8d19b5746944,,,,True,development_group_overlaps_official_test
data/raw/nickparvar_v2/Training/glioma/Tr-gl_481.jpg,glioma,1,train,512,512,43e6232c360aabfa563e128bf0127bcebe0f4dc9c0896e9881a2856f77ac51d7,0927d867a719e4fdb1a1df229449f4192de086084d29b74873a2746e96659489,956a2f3578a57470,,c66ed8a51bdcf81b,,,,True,development_group_overlaps_official_test
data/raw/nickparvar_v2/Training/glioma/Tr-gl_511.jpg,glioma,1,train,512,512,c48d17583646181bbfb4a2f64917269a6bd09d312b989030309fe37b5c00ea0f,a1ce370368858b91cf860357d155e3754cc2544703362aef74d3520b11b83823,c13e6b3b6c2d7830,,dbbd8eca782aa15f,,,,True,development_group_overlaps_official_test
data/raw/nickparvar_v2/Training/glioma/Tr-gl_513.jpg,glioma,1,train,512,512,23929261c95c77154e6f95e4d5eb1f588e49f157c3651646180b22da1314187e,956a66ebc112d599190b13138effcf24e24e1be1dc71173296076e70f6a0d9f5,94923f5a7868716d,,82b035b077d7c5e2,,,,True,development_group_overlaps_official_test
data/raw/nickparvar_v2/Training/glioma/Tr-gl_527.jpg,glioma,1,train,512,512,ee9036fddb23258b41587f7eb99d87761d0570f2a776b83795148f3a4fabcd7e,0dfc8cbc8500c34777d39e5cbe3696c092fedbe8c9fc69ad644bd51efbc02ed0,976b7aa46c346531,,ca98610ae1d34e70,,,,True,development_group_overlaps_official_test
data/raw/nickparvar_v2/Training/glioma/Tr-gl_563.jpg,glioma,1,train,512,512,957d9d48865d42714bfb1ffdf7e1e3667cfabf4687f42bc62331e3e3ef246df4,a262333b99923c94068a16478a084c4fb24338687b834a21487d2f26c6464ba7,c29e3dc9702d666c,,dde779c497cb6d11,,,,True,development_group_overlaps_official_test
data/raw/nickparvar_v2/Training/glioma/Tr-gl_577.jpg,glioma,1,train,512,512,4d2a2d9427381511a843f3dc588be9802cb68c3d31b808637025502a8b41e895,b085dde27c57d63f3744c0990fff8fb28dd434d2f9842ef814cb066b7b421993,97696aa53192678b,,bbaec5ce512aa0f4,,,,True,development_group_overlaps_official_test
data/raw/nickparvar_v2/Training/glioma/Tr-gl_607.jpg,glioma,1,train,512,512,511df8bfd3bc31e312ef801321f14bbab0fe33ad12b62be5d56ab3f654bba223,7774526096fbc22d83d7b80716168eb3e4a9239bcfcb5595c2b7abffa5824b53,874b7a9d29b6309a,,f21d77a6f9089e8a,,,,True,development_group_overlaps_official_test
data/raw/nickparvar_v2/Training/glioma/Tr-gl_611.jpg,glioma,1,train,512,512,371925babd63d8b113a8b583638e4f39b14b243d99d3f383976b624fbea940ff,1e775372a7c4fb92eff6e2526579ac2c20a2366df2b71498da9d3870fcef3d3d,c03b6b4f3e3c6930,,4269092648ec6fcf,,,,True,development_group_overlaps_official_test
data/raw/nickparvar_v2/Training/glioma/Tr-gl_620.jpg,glioma,1,train,512,512,272f2bdb7e437606cd32b618d9a9756244d38d51208d0976b390cfed3ce4334d,e09b9d771110f0f503e502ffd8c0657e2fbb91f29c636406566db390429ef4be,d00f3b5a2dd26c3c,,ef1020be76602b99,,,,True,development_group_overlaps_official_test
data/raw/nickparvar_v2/Training/glioma/Tr-gl_625.jpg,glioma,1,train,512,512,f043956c96fa9c1ea23a56bbed4d60a21844125384dd2c3605d6946b09c2b77b,410cdbefc4ba9db12b7f5a6570c2e11e4bc0f3da4d530acd5d1c6d7d4f4591eb,c33c3b683cb26c35,,4f66d3643538d47b,,,,True,development_group_overlaps_official_test
data/raw/nickparvar_v2/Training/glioma/Tr-gl_629.jpg,glioma,1,train,512,512,15a0fc39345a41a3925bb85f8f1185e3997dccd71ce022177c0d58cac093e00e,45ac35c5a3b75d439894c65139efc24aa272f4a3d1c703ea96c6938ac9b3febd,92383bf069c361cf,,00a0c60e6af00b6f,,,,True,development_group_overlaps_official_test
data/raw/nickparvar_v2/Training/glioma/Tr-gl_641.jpg,glioma,1,train,512,512,80fd3e27df1d9f8ff58dbc60cd3638560d5e2900ef62a94dedbe31fe0e13e080,fb3e7fe56393e6f4ef3d2ba774c2bc8bbe27cb4fc29e3a7c58b0bdefbf2306ca,96967ad861696365,,eec878a08f92dc2d,,,,True,development_group_overlaps_official_test
data/raw/nickparvar_v2/Training/glioma/Tr-gl_647.jpg,glioma,1,train,512,512,3e3a5b9fab0b32b1fd01310140c27bc077722a87d941e336620ab87cab67ec62,486311925e786b451068f215df10ab1a1aff7136ac8b0be47b135c7d2bd69cfc,954a3a8d78b6619e,,4ba1033119ebc478,,,,True,development_group_overlaps_official_test
data/raw/nickparvar_v2/Training/glioma/Tr-gl_649.jpg,glioma,1,train,512,512,df21cb0a59c9411c6912153db34749736a53cc8be4a4f1c375ce022d04496be0,d63ebc9d78d3828ecdbd09322ddd485a75a08d3d7986ea898cd3e9c1e88f0910,906f6f3134c66791,,379a4249f9da958b,,,,True,development_group_overlaps_official_test
data/raw/nickparvar_v2/Training/glioma/Tr-gl_657.jpg,glioma,1,train,512,512,29d1be475119e1f492b27d70ea22917e4f5bee4e0f37a087ebf1cd6a408dd6fb,74a17ffa8ce942da06b8a920212395b725cc24d3c1a2eae64fa7d78b8cd0bb90,954a3aad70b6619e,,4ba1033119ebc478,,,,True,development_group_overlaps_official_test
data/raw/nickparvar_v2/Training/glioma/Tr-gl_664.jpg,glioma,1,train,512,512,ba9b514b77eb4f02f1a82c24f32fe0b8dbaa41793be37c81b1a1459ea204f099,f4330ae69b37008621af4fb6e53b48d7cb37b9fda4bc18f1c8505446ce1516d1,851e7ae979396161,,8626ef51b0238cb5,,,,True,development_group_overlaps_official_test
data/raw/nickparvar_v2/Training/glioma/Tr-gl_676.jpg,glioma,1,train,512,512,10b538366237cb45e56dcc329de63b1adbed5524816feb3680653f71bfe79607,d8a7b8344bf20908c29b7fd7873d4bb7b71d10671d871cf4e8002683c5b25261,c01e6b0f6f6d243c,,4930776f917b0d56,,,,True,development_group_overlaps_official_test
data/raw/nickparvar_v2/Training/glioma/Tr-gl_685.jpg,glioma,1,train,512,512,86b49602c31c6e9e4a91805e2c17f80352afee001644e3de702a8e4da3dbb67d,4fcfd57e086d42f17267a0d443ee26874ba8064e9f9f68d82b838cff9889d0f5,c02f6f3c3db43132,,137d7d1e831f6244,,,,True,development_group_overlaps_official_test
data/raw/nickparvar_v2/Training/glioma/Tr-gl_69.jpg,glioma,1,train,512,512,3ace50cbddba30e872c114c566b5c225b233acfed1a293f9e352fddd8f565a22,769ac0b5aa8fbb140d6ed0b53c1e28de56a386c2ea1670a7355ce763ae84ff23,c11e0a3f3f6934b4,,9fad638682628f9d,,,,True,development_group_overlaps_official_test
data/raw/nickparvar_v2/Training/glioma/Tr-gl_702.jpg,glioma,1,train,512,512,57d4e24d04f8e9adf5ffbb28a2dcdb782d4bc21eb0c138a491177db8996bb4bd,43e392d05fc744c489478a3462bf36776b5f2fa2164b8c6a2db1eb8140d5a913,96967959616d6661,,e7078edcc880b434,,,,True,development_group_overlaps_official_test
data/raw/nickparvar_v2/Training/glioma/Tr-gl_707.jpg,glioma,1,train,512,512,92af07887439957669f921b30366873c639e543e7c565db2b53abce15ae23a4a,ed252838bf57dc1e1c9e3b0f9613a99d67c2078579f02f888f30621ebb6af7fb,97cb699d34183678,,55dcf147ccc1f87c,,,,True,development_group_overlaps_official_test
data/raw/nickparvar_v2/Training/glioma/Tr-gl_71.jpg,glioma,1,train,512,512,31059d2d478c0b3e3f769757f983bc0cf90e0935d96abf4bf9b992fb38c6f935,9b4b45be8aa2fd72dfcdfdf9808291f2ec01854c20fd299598f36bcd85df663a,d00b3b4a3dd26c3d,,ef1020be76602b99,,,,True,development_group_overlaps_official_test
data/raw/nickparvar_v2/Training/glioma/Tr-gl_717.jpg,glioma,1,train,512,512,61d631f96bd3b2bb762268b52b221aee5d42757d2dc193c86feb17d8e0e761b9,3de5a4b5aae3b3077ec10e6776dc2c7330ea0066efce37fd895e21e8f0981436,977868a5319e66c9,,bbaec5ce512aa0f4,,,,True,development_group_overlaps_official_test
data/raw/nickparvar_v2/Training/glioma/Tr-gl_728.jpg,glioma,1,train,512,512,e1d8ceef05cc907ef83b3848ae7197a7c745ea6e7d07a0b26066489d4781060d,ff8e114aba0152cc3f776a19e6b151240626d4542c376b4ecb939bd6ade7570d,c03f2f702dd0b633,,137d7d1e831f6244,,,,True,development_group_overlaps_official_test
data/raw/nickparvar_v2/Training/glioma/Tr-gl_75.jpg,glioma,1,train,512,512,be85cc66ab65f9e9aeec5961455356fe6150e06f172239cf61274fd9ff13f468,5c9c1fa28a78d07ecd55e28e4efd5dc44902f951282758be6f5a95cc54233dc5,c3c36d9f3c1c3438,,99cf76682047b1ef,,,,True,development_group_overlaps_official_test
data/raw/nickparvar_v2/Training/glioma/Tr-gl_751.jpg,glioma,1,train,512,512,89f077dc94e5b6bf37e7eb9aab158f7594a6044d5b1d56cb200a05bc3e941029,06888df278075cf54a0a66ec26ec91579749c9a888ee50e4b000ee98feddd3c4,956a3f2974a57146,,5c3bd3237207994b,,,,True,development_group_overlaps_official_test
data/raw/nickparvar_v2/Training/glioma/Tr-gl_778.jpg,glioma,1,train,512,512,ec5bcebb46990384e90ade38f41c153467e3e609159664bf84e004049e5e4de8,74937231f0f410fa481b48f6b246f0a41ab4dd873a401263f3ba6ce89f224f6f,c1376a4b3e2d6934,,20cf1affa1ddae41,,,,True,development_group_overlaps_official_test
data/raw/nickparvar_v2/Training/glioma/Tr-gl_789.jpg,glioma,1,train,512,512,79ed29f95df80bdd32124be165751d2b25020b084efd4887912b42662162e9b9,d7e15d39a9f62236fdd72d343fadf5136b4c5152c5e4e8a16faebe569ff6f094,94973bd87869612d,,82b035b077d7c5e2,,,,True,development_group_overlaps_official_test
data/raw/nickparvar_v2/Training/glioma/Tr-gl_79.jpg,glioma,1,train,512,512,461c278e65baeba1a53e3a733677567ea389d81353f6ad9ec74d70018e3d1aef,4e1f38dbd3cbc1c13189ec9103fc245111c2c512d13b77cd352e96e9fe386cf7,c3c36d9e343c3638,,99cf76682047b1ef,,,,True,development_group_overlaps_official_test
data/raw/nickparvar_v2/Training/glioma/Tr-gl_792.jpg,glioma,1,train,512,512,3306a930faabe607950226a55c6364e96562af7d407ae2d031cca687e91124c4,91f6fadab8ea0b88efd68790e36517af758158d061dfa54e1d79a92744183ff0,c26f2fb47416721a,,25e43a11ce4be314,,,,True,development_group_overlaps_official_test
data/raw/nickparvar_v2/Training/glioma/Tr-gl_793.jpg,glioma,1,train,512,512,3f22601c95aa22110a62c16e598261d202ca81c2439755f9f2a6c15781c754ba,57ef1323776420d3c8c3a8546daa2f90e4498a8fe74b8df99683821b4c896380,973a6ae121c3274f,,1fed37bbf383da00,,,,True,development_group_overlaps_official_test
data/raw/nickparvar_v2/Training/glioma/Tr-gl_835.jpg,glioma,1,train,512,512,ff63857a8aa06cdbfbd40b5d828324866fe91cab14c886957162af8164aaba7f,ccfa7388ab585055adbcbafabb076692ea2e244b6dc11d1705f74e9c77c6d72e,d0c12f8f6c9e3478,,79ca9a9dfa6973af,,,,True,development_group_overlaps_official_test
data/raw/nickparvar_v2/Training/glioma/Tr-gl_837.jpg,glioma,1,train,512,512,ca3e04e2daa1e5c6c51f0c1d36a161f41f8d7845543913ecb1d2b3a58871e348,342f13620a3d63ad58de7cc6bb66ae8a9f39c12f8f6c6e30c779443a3e484411,87d86e2d3864f265,,d77467a3346c607c,,,,True,development_group_overlaps_official_test
data/raw/nickparvar_v2/Training/glioma/Tr-gl_843.jpg,glioma,1,train,512,512,49c20e434d16b0f9ca7cfbd700c8d00153693c4eeee8067688049d22281ece65,0f969b5f654937ca302ca88420ca09c97e12b7b26caa45121247fad88e392d55,d22d2f7030d33bc3,,958cd9bab0886b3a,,,,True,development_group_overlaps_official_test
data/raw/nickparvar_v2/Training/glioma/Tr-gl_853.jpg,glioma,1,train,512,512,502f4172153ced4d17a4555353047ebb5ac34c92a6ad7702cb9b4b99560f5ed1,a8dacc7dfc6a9368ecf73c758031a1ee36c6383f8a6d7c0cf9ec8d1b69c76460,969e68c9616b6665,,e7078edcc880b434,,,,True,development_group_overlaps_official_test
data/raw/nickparvar_v2/Training/glioma/Tr-gl_863.jpg,glioma,1,train,512,512,1d47c700cd1b49d3e0f8ca8e119bc9429b33dcabef96cc012dfe343a41a8e859,655162a79bb323ee221a0092d78f8d6944ecc61ee4e6775aea3d345854f9ed97,c03e6b3f6c393470,,4f82664dbdb26057,,,,True,development_group_overlaps_official_test
data/raw/nickparvar_v2/Training/glioma/Tr-gl_864.jpg,glioma,1,train,512,512,6047e748651887e472a49b1d88466834342c5ef37dbfe6b468bab7c43dc78627,415be4132e40fc62dce57890b68c736c7d058e4d176fdfdbe48b8c85e87a820c,d26d2cb4309333cf,,e4366b0dbf74aae4,,,,True,development_group_overlaps_official_test
data/raw/nickparvar_v2/Training/glioma/Tr-gl_879.jpg,glioma,1,train,512,512,567a6734a79f0d61c5380befc6bc2269f86ec8ab0fd5b476f84e264571c99096,4f9c7027ef70a2028315d73dd948c545726689660dacfc0dcbb4e21629bb96d3,d20e2fd024d3732f,,ae1652ecf1b4158e,,,,True,development_group_overlaps_official_test
data/raw/nickparvar_v2/Training/glioma/Tr-gl_88.jpg,glioma,1,train,512,512,c5ce17ea8b69731b474d01baf1f400468810038e1a3ff25c33e87bf96e332c65,e117cf2032c7c5a8b9ce455a75ccce4e8cadc4a4420ca4102dbc62fcb038d12a,d21e2dd064c3732f,,ae1652ecf1b4158e,,,,True,development_group_overlaps_official_test
data/raw/nickparvar_v2/Training/glioma/Tr-gl_882.jpg,glioma,1,train,512,512,e56c899bee7db956bcf23da3742f12a1b575b2954b7b411e441d7a53f5a71cb9,e174de2a65ff1b4d63681c60e22ade0aece415fc02bc982242aba567584d1ac0,936c68b164c673ce,,d8a2255ae637bbe8,,,,True,development_group_overlaps_official_test
data/raw/nickparvar_v2/Training/glioma/Tr-gl_896.jpg,glioma,1,train,512,512,38ca0b0926e30444a230c6963e8acb6b489507b9903b43d0ef5e3e23694f5612,ec2fd8e57cd6c7b7a145d1074563cf306fa1de6b42a7d4bf9bb78f080cadc0a4,d14a2fa53ea7303c,,7b0cb3b5a23a4415,,,,True,development_group_overlaps_official_test
data/raw/nickparvar_v2/Training/glioma/Tr-gl_940.jpg,glioma,1,train,512,512,4cde248af7624252afe1d9c5e77a3a70c8841478dc9d9dc3e2ebf65a37a4d1fe,c9cd63fc933dcc7962a0068c89037d307adc491d6fd648416e8908f145626c4d,c3c16d9e3c9c343c,,99cf76682047b1ef,,,,True,development_group_overlaps_official_test
data/raw/nickparvar_v2/Training/glioma/Tr-gl_970.jpg,glioma,1,train,512,512,292cfdbd74c8bf8ac410d5a84d521ddc179c67a4001df1c21c29af485eb09a38,6c48107fa1a4612d4efba0b133737832a1fdcf507bb80bf263d38d8786b49c36,d28d3d606c31e766,,6186a3cd0a898850,,,,True,development_group_overlaps_official_test
data/raw/nickparvar_v2/Training/glioma/Tr-gl_972.jpg,glioma,1,train,512,512,840dbb222ae5c8eb09038dc014f023ff1e0e440f872e81a52904bb2b1c3046eb,b1e21471f6c50eca3fcde687faba9d54eaf810ee7c044ee3ba653d5633d29f23,c0376a4b3e2d6d34,,20cf1affa1ddae41,,,,True,development_group_overlaps_official_test
data/raw/nickparvar_v2/Training/glioma/Tr-gl_980.jpg,glioma,1,train,512,512,650eb0b8557e3b2c6835e47e77974d8c8172f66852850ec2d29940e890ab011a,1e5c6e5a84dce9fbeeccc4aa8fdb51bda5e09fd1622c61773e5bc32ba22451c3,851e7ae979386169,,8626ef51b0238cb5,,,,True,development_group_overlaps_official_test
data/raw/nickparvar_v2/Training/glioma/Tr-gl_981.jpg,glioma,1,train,512,512,7cb479ac3290e8b903cd1d3a91dcfdda3269446b7c996591b0f5784bf520bba4,4b9773d43fbbcf35e1979dee365d044f082802f5c479c92548a6319c4f2d5b4d,94967ada61696365,,eec878a08f92dc2d,,,,True,development_group_overlaps_official_test
data/raw/nickparvar_v2/Training/glioma/Tr-gl_985.jpg,glioma,1,train,512,512,c56492c4157d1d3c43c6b5177bd1a20467b1ab9b22007abfaacfbf62b75dc50f,9b39b25b8a40df95fd30bdd9815056ec64f78c24763bff1a16fbe400728b3d31,929f6cd8616d3326,,6af0dc9f969d4340,,,,True,development_group_overlaps_official_test
data/raw/nickparvar_v2/Training/meningioma/Tr-aug-me_1.jpg,meningioma,1,train,512,512,e3f9ed802e33f06f97d6372201b8d7549ebfe8b24ec1c9fac184d6db2eb71880,c58e1e3cde01ace5e77dbf0c71268eb723f0ac7a43bbc0f23d77884aca6df925,91627e2579d165c6,,,,,,True,explicit_augmentation_marker
data/raw/nickparvar_v2/Training/meningioma/Tr-aug-me_10.jpg,meningioma,1,train,512,512,7c76187c5483f47479d962553ad0e41e7411fb949752aa1ee23003d38c9fa2ef,ea6c0b7afd9dec75f9a1673cfe1c200fa790db074a615d9bc826225a50b626f9,c2c22f876c9e319b,,,,,,True,explicit_augmentation_marker
data/raw/nickparvar_v2/Training/meningioma/Tr-aug-me_100.jpg,meningioma,1,train,512,512,bae057adae86b07a451d1dda48ad4d5cc2f3df8231046a56e83a4bc3fbe143ee,d6ac0a8db662e025019a167f50eeb0947a5371c10bc048d8d2f974bf5f2da742,d04f2b876f2d3426,,,,,,True,explicit_augmentation_marker
data/raw/nickparvar_v2/Training/meningioma/Tr-aug-me_11.jpg,meningioma,1,train,512,512,b1737294310774d3ff185e6f5ac909856792beb80406e250c6257ea18ebb2bb4,095431716202adc672d41662870ef4d1a46771ee985ea15fc53342b8a6b63eae,95e43e872a8f619a,,,,,,True,explicit_augmentation_marker
data/raw/nickparvar_v2/Training/meningioma/Tr-aug-me_12.jpg,meningioma,1,train,512,512,0615336a3a790d004a69464533500c3f751ae1896227fc94050ae92055e123e7,9f1904c273d70fa83e2aa435418254b8ea425be95524c161637c64b66a765fb5,d54b0aef496d2741,,,,,,True,explicit_augmentation_marker
data/raw/nickparvar_v2/Training/meningioma/Tr-aug-me_13.jpg,meningioma,1,train,512,512,be311e134c1ecb5a2b1c54a637be3fdc1f9478c86cf0ff81994af636d501e3be,ec11f07cb6955d0bc176de3688ddf22212380e36297f701c262219d89e82f85c,951f3e526b60686b,,,,,,True,explicit_augmentation_marker
data/raw/nickparvar_v2/Training/meningioma/Tr-aug-me_14.jpg,meningioma,1,train,512,512,428de1d6127d05e900bba8e224c889cadce08ce1d7855cf90d0443a5bc30e458,9f97b9bc9fae3eb718d7d880102888bd4be77456f52f86599ae9a6ef24ae54b9,c0580fa97d277cac,,,,,,True,explicit_augmentation_marker
data/raw/nickparvar_v2/Training/meningioma/Tr-aug-me_15.jpg,meningioma,1,train,512,512,b374b2eaaa26536ef3f286950fe83ac53283437477bdb2d0c6127e23f408b440,2849e247f5cbb8629ac690af4cb41899c6366e67bc217cc4b5190dc628835413,d06a2b3d3fa47832,,,,,,True,explicit_augmentation_marker
data/raw/nickparvar_v2/Training/meningioma/Tr-aug-me_16.jpg,meningioma,1,train,512,512,3ca50538c2f1e669a4898e99fe4699b8e9884671689ff469b305beeab51a1661,94ec240ea3c2f259f09a896915896fad14c436f22c597f8a02908d29ae00bd26,d0e06bc73d1e64d8,,,,,,True,explicit_augmentation_marker
data/raw/nickparvar_v2/Training/meningioma/Tr-aug-me_17.jpg,meningioma,1,train,512,512,a1859abd8bde50367403f5ec4f3fdb21e6f7bdf69d9b9dc19582d35c07910251,32e943d946d4589d0e95fdbce01dc52c13854b93bd617887aa9878fee1af00a3,d0606ba53d36f0d6,,,,,,True,explicit_augmentation_marker
data/raw/nickparvar_v2/Training/meningioma/Tr-aug-me_18.jpg,meningioma,1,train,512,512,640ec5310f19c9a43f0eaeb5967c76b657dde7341bfef749836f0878d2fc6d9d,fa83fd6283af4408a1c89dff6067925af047a9541f27c42bcc3c36f068d79fe1,85786e1979e539a1,,,,,,True,explicit_augmentation_marker
data/raw/nickparvar_v2/Training/meningioma/Tr-aug-me_19.jpg,meningioma,1,train,512,512,677f4096ad508cb37e84352be17f1e50637d14de7f6991029d7ece42b6ee9eb9,1c65ef63440df45eabdc4c6c395a9d1b35d4a61396865cc658e74ca827f41031,96492f3e693e6234,,,,,,True,explicit_augmentation_marker
data/raw/nickparvar_v2/Training/meningioma/Tr-aug-me_2.jpg,meningioma,1,train,512,512,a902146245b78be12e1ea3756c9fed28bb76868e64a735331cbf2050ba67fa62,42bac1cccf4641d8b826e6069512c52b178c125f84438b6071a5e08ac9de8c07,969e3ac1699b64c6,,,,,,True,explicit_augmentation_marker
data/raw/nickparvar_v2/Training/meningioma/Tr-aug-me_20.jpg,meningioma,1,train,512,512,51eaab66e0daca0e5e1734d2898e47623fb43a9a5cd200667b506e5c19820745,cad83727adc820f24266f005a4e315563eb2fa7089f123f71557a4603fc1da4d,815f6a396aac79a4,,,,,,True,explicit_augmentation_marker
data/raw/nickparvar_v2/Training/meningioma/Tr-aug-me_21.jpg,meningioma,1,train,512,512,bbc4a70b78085a0bdc003bdb33312c0f204671b2ef39711e90bf0cf81376caef,21b0b597f10975a38cf2d0b155e77054118a97a9565986ee52d968eaf62bb2e6,957a3f682d706543,,,,,,True,explicit_augmentation_marker
data/raw/nickparvar_v2/Training/meningioma/Tr-aug-me_22.jpg,meningioma,1,train,512,512,00c8c3d53ff580796f5f765216735b7fb18da88eaacf5957b20c6ea1a6e33981,164b8f1b99deaffe7d786dc38a6975d899ad90a75208682b9376d6e54680228e,857a7a2d7cad3034,,,,,,True,explicit_augmentation_marker
data/raw/nickparvar_v2/Training/meningioma/Tr-aug-me_23.jpg,meningioma,1,train,512,512,a8a34c2891545dba6ee909c7544a1913b595905f80390e441311f1e1e0957530,ecede95a921d6bf47d7571e0cef6cdd3f6394113c3992d2eec129d7e5b8e2bac,853e786863f225a7,,,,,,True,explicit_augmentation_marker
data/raw/nickparvar_v2/Training/meningioma/Tr-aug-me_24.jpg,meningioma,1,train,512,512,a507cd4b83f9e9bfaeaf2fd52ec78be0ea7555ef9425aaddb72c51cfe5fda35d,4c7c050205442ed10b7de177f9fd2a17b7b4d78e2ce38384f7d2a2992a8527c2,85593e2a7da560b5,,,,,,True,explicit_augmentation_marker
data/raw/nickparvar_v2/Training/meningioma/Tr-aug-me_25.jpg,meningioma,1,train,512,512,33a007635d12454623593e931ab4a71d875c7f815f718042336658d8c7f6c58e,6eecdae09631d0ed15b3aaf4a9954b902053fe0d29db9d0c3a69cb9a4cb8ce00,855a3f1d7826782d,,,,,,True,explicit_augmentation_marker
data/raw/nickparvar_v2/Training/meningioma/Tr-aug-me_26.jpg,meningioma,1,train,512,512,77dcdc83af80b8b1a9114e42a06e69c4e797c35ca57dbc7e92fb8ab20adee9b0,ac42ff62b44cf251b79e07f63f829ceea0fa2db200ed814503fe473f68fb031a,9734686e319367c5,,,,,,True,explicit_augmentation_marker
data/raw/nickparvar_v2/Training/meningioma/Tr-aug-me_27.jpg,meningioma,1,train,512,512,bf869906a484c9d578d1e85b4b7e5de35d0c0e0c76ee04f2264d8664d2d9fd8a,a1c394a2a29245ffe6e8842264bfbe737d75b68b5ab5768efa7459c241f8563a,d09f2f4a3c397261,,,,,,True,explicit_augmentation_marker
data/raw/nickparvar_v2/Training/meningioma/Tr-aug-me_28.jpg,meningioma,1,train,512,512,97f6d535a7a8bcc7d12e408745fcedce38b33e9d8ef05539d020d6b0ead67273,d1e461cc9509fb90052f2a6ff4847b6177fde963abecc903e638521c6b46c3b8,d0d02e1b6d6c1f39,,,,,,True,explicit_augmentation_marker
data/raw/nickparvar_v2/Training/meningioma/Tr-aug-me_29.jpg,meningioma,1,train,512,512,3a7905745a9e1e3749f10d3743c19cad39dd25f732c2216267edf23e28ed4a42,311081d2ba581b94433da16b4bcebd14882c2ddc83e471870e26d45859ae8179,97947acb616b232c,,,,,,True,explicit_augmentation_marker
data/raw/nickparvar_v2/Training/meningioma/Tr-aug-me_3.jpg,meningioma,1,train,512,512,3eb113302e8d7aa67d726c0017e18f7df371dd32fd291f6e4bc467a32648b34d,9b71c46ffcca60a9f87ace9bcd6ef48b65884a63775e0f6c32a466b95f9cbd9a,921a6ee17196666d,,,,,,True,explicit_augmentation_marker
data/raw/nickparvar_v2/Training/meningioma/Tr-aug-me_30.jpg,meningioma,1,train,512,512,1cc78b4114c125d8133150cbb52aa59b28dda8aac45cf93acdfdc05a9d1f4c36,6e542dbb4dd3216af3ff1890426b6de73e2520d885e8bac2ecd385fded631e57,95337e8c39496566,,,,,,True,explicit_augmentation_marker
data/raw/nickparvar_v2/Training/meningioma/Tr-aug-me_31.jpg,meningioma,1,train,512,512,e008e1912d671fad97f0771a5bd1e0aa57fe4fbbbae07100a1f1f0d9ece5d523,a2b63ad31077a7c83fd1b0a9aead091b53cb5265c9ff6a0f7cbaf108cf3a25d8,853f786863d32587,,,,,,True,explicit_augmentation_marker
data/raw/nickparvar_v2/Training/meningioma/Tr-aug-me_32.jpg,meningioma,1,train,512,512,3c7a6c308708821f348121cf3ee9c4cf447a3afca4138dd3ade473ea0bde8edb,12390ec116a1a734a07e82eb1e6c81e7cf4444969db3f44661893f66ab5325ff,c2692f3f30346c67,,,,,,True,explicit_augmentation_marker
data/raw/nickparvar_v2/Training/meningioma/Tr-aug-me_33.jpg,meningioma,1,train,512,512,632dd2f8bee9a7ed5e977bac76d6bc884c1d77b0ed53da279455777b25286be5,fd53155304910b87a8245cb8e66f6331f4c762cf30d071b50133ea3115dc78a1,d20d2b4d2db33ce4,,,,,,True,explicit_augmentation_marker
data/raw/nickparvar_v2/Training/meningioma/Tr-aug-me_34.jpg,meningioma,1,train,512,512,c292dda3c100f43386e6100a59bcf440d61a6ba566cfba5eb814e66050475283,86d8124c355fee718de17b571296f32c543ef531fb4c835000d395390c24d793,c23c2f7035f274c3,,,,,,True,explicit_augmentation_marker
data/raw/nickparvar_v2/Training/meningioma/Tr-aug-me_35.jpg,meningioma,1,train,512,512,0adaa884f948a8e65a33f7e59784990293e1620d6ddb788a9897b6a6b543498d,7bf01fd656725e2cf4a552963865660dcbbdd7b11ac0646cc86eee39591669ce,85ce5e536a2a3969,,,,,,True,explicit_augmentation_marker
data/raw/nickparvar_v2/Training/meningioma/Tr-aug-me_36.jpg,meningioma,1,train,512,512,460f6d00369b16c1efb7ea1ec0c9d0ddb54e19fea8a01bef3e3ba8a502fccf9d,c1fb6c2344e1ecf61b28d385c5f8beacf72de0e5f7279a99b601bc8ac4f8d5e3,c2c23d0f343c7373,,,,,,True,explicit_augmentation_marker
data/raw/nickparvar_v2/Training/meningioma/Tr-aug-me_37.jpg,meningioma,1,train,512,512,b2992e6b4332d95a1259f81763d990860f0c6d73e1ddcdd0195ec6c25e6d5a06,117de17b145d87bcd6502550bb9d497717a5a2a2c1bfe292830828927536d983,c2693f2c78b26ce2,,,,,,True,explicit_augmentation_marker
data/raw/nickparvar_v2/Training/meningioma/Tr-aug-me_38.jpg,meningioma,1,train,512,512,dd67b6cc1d49d341379d94f38c398e821116c2a50cbc2e66771dc0079620eaeb,6469ecc01d1e9682a6cf2b6738ada378f33fc6cc914f55240e21a1d2e269d5a7,976b7aa5289e64c2,,,,,,True,explicit_augmentation_marker
data/raw/nickparvar_v2/Training/meningioma/Tr-aug-me_39.jpg,meningioma,1,train,512,512,26233e453ea02e7dc9f10bed16e48502ee9ff31c58e32e02105cc43543e0fa5f,2ebc3e004e9743cdbe92d69c4d1675492007015442c16d0102801cecadaff513,d00d7a7e2bf86d20,,,,,,True,explicit_augmentation_marker
data/raw/nickparvar_v2/Training/meningioma/Tr-aug-me_4.jpg,meningioma,1,train,512,512,5664bb02302c9107d551c1cb31903ace78132446362493553414428f58928f3d,88f295d24e9254742602a7081cf3dbf3708039943b907577c360f4f13966b19f,9796787861616766,,,,,,True,explicit_augmentation_marker
data/raw/nickparvar_v2/Training/meningioma/Tr-aug-me_40.jpg,meningioma,1,train,512,512,0d4f1aebe171eafb3015b051a2356c265508385a3f4a3f2503d1626b0be791d5,1cf916e613ca086be422f6719ce8df85cdc8599cec47a2183ead52cd325300b7,d42f3e6931e425c6,,,,,,True,explicit_augmentation_marker
data/raw/nickparvar_v2/Training/meningioma/Tr-aug-me_41.jpg,meningioma,1,train,512,512,90d447f04b72cc2f5ceceef03e463df292bf1651d1c38be5727921f678eec355,96609a59d9a63aaeefc90fd75298b7b7dbf424c1649da0f7dbe55ab03c9f26e5,d14a2b2d7d3436d2,,,,,,True,explicit_augmentation_marker
data/raw/nickparvar_v2/Training/meningioma/Tr-aug-me_42.jpg,meningioma,1,train,512,512,8153d4fe740412b8ef01a30521ddd0c1ce4d982eed5e99ecaab05e989ae794fd,6dc09c8c2eb2b1f90928977943c906acc2407e45a00b2f114aa665380978511d,9668393569e67649,,,,,,True,explicit_augmentation_marker
data/raw/nickparvar_v2/Training/meningioma/Tr-aug-me_43.jpg,meningioma,1,train,512,512,bba0f61966100c4702d83731f0290ea22c80bfd28d356d4b4c3e87eee597354d,b063428479613b7f22a78e725d6cd7bf7c44a958ab0cd299a8fb3f1e0a71d893,915f6a2978a471b5,,,,,,True,explicit_augmentation_marker
data/raw/nickparvar_v2/Training/meningioma/Tr-aug-me_44.jpg,meningioma,1,train,512,512,40246c7527e2a2c685ecd1d21b1c06d6f8ee9e986a9b96dff2dfbe26ccf46442,1c72f3e169b7f09d9f137c6f1f1c2a5005ecbd948c457ec98b206f7c5e5a65b1,d48b0b8a0ddb6b1d,,,,,,True,explicit_augmentation_marker
data/raw/nickparvar_v2/Training/meningioma/Tr-aug-me_45.jpg,meningioma,1,train,512,512,8278fcfb6f3de451852994816c9e808f4ea382dfa951cdac12fd638fe5ed5ebb,0159e312c3a27f9f10c2b9119313da6b46fae6aa348842af6b2f17bccc243959,d50f7a782a6269e1,,,,,,True,explicit_augmentation_marker
data/raw/nickparvar_v2/Training/meningioma/Tr-aug-me_46.jpg,meningioma,1,train,512,512,da95a0203efab6b4a1f6e71cc8140bc62963343fb827cc956bf8e6834bb2211b,f0c26342950f6a0814498095adffa5187c12a662b3c710f2d621af2f60931f1e,84365e7839726e65,,,,,,True,explicit_augmentation_marker
data/raw/nickparvar_v2/Training/meningioma/Tr-aug-me_47.jpg,meningioma,1,train,512,512,0b2482a789d5b39a36d7790e0a600397415287f2e6d8050d4b58a29e5b84d5f4,c21f41d77c6332a7cb0067a6e4e26d50f180e122735bc23840ec173ec902badc,85871f91798c6cce,,,,,,True,explicit_augmentation_marker
data/raw/nickparvar_v2/Training/meningioma/Tr-aug-me_48.jpg,meningioma,1,train,512,512,1349e6fa48787081459a84d8ef53deff37cead2c544640a93eebbac190a07ceb,24ca8119c44b2298c4853baf5ffe7f1e560b87f87c2000db029f893e162a9a84,c16e7a6d3c347093,,,,,,True,explicit_augmentation_marker
data/raw/nickparvar_v2/Training/meningioma/Tr-aug-me_49.jpg,meningioma,1,train,512,512,33f7eba584db48b243f1e983ceca28b4950e38f00a02c100b1fbd1ca790fabd3,7320c458a440b48499ca0a25fba2f14fe9aa789edb38dc95deb05ecbf3e00eeb,d00f6ef82d6171f0,,,,,,True,explicit_augmentation_marker
data/raw/nickparvar_v2/Training/meningioma/Tr-aug-me_5.jpg,meningioma,1,train,512,512,2a283e764f0f0f4baf8fb27042b0963604c84c6cc088100c26bb630c1c32c6c5,fa96b4a78c38aeead3a0e390b1bc7e26e937e3d05575dea1ca2e2fe779e3568b,c6393b6461c6669b,,,,,,True,explicit_augmentation_marker
data/raw/nickparvar_v2/Training/meningioma/Tr-aug-me_50.jpg,meningioma,1,train,512,512,ba6a7293bc901c5e75b93805335289387aa0045dda0b5d8ec53312908b95e6ea,268f043f8a028c3d2b27fbe7aa7326ed753dbe5867cdb7d8e884b16246c23169,953a6e6968e513e4,,,,,,True,explicit_augmentation_marker
data/raw/nickparvar_v2/Training/meningioma/Tr-aug-me_51.jpg,meningioma,1,train,512,512,74325e4603797474d6d0a201630ac230e8db17408ab83696f9e4e8422c0c4029,963fd1712710fec50c1c7706bdeba47e0b2be0950ba95fabf00617b99cd7ba37,c36b6ca4319ab26d,,,,,,True,explicit_augmentation_marker
data/raw/nickparvar_v2/Training/meningioma/Tr-aug-me_52.jpg,meningioma,1,train,512,512,b199420d92fec201701838ebf3550cf2741d56784e7b2e8541680283d21c4cb2,90babc87dd96dd6ada9c8399d891e9fda27f994ce3b393062f72dd6d6b83c5bc,d1c16e1b5b6c1e19,,,,,,True,explicit_augmentation_marker
data/raw/nickparvar_v2/Training/meningioma/Tr-aug-me_53.jpg,meningioma,1,train,512,512,b8fd688db80f3b8686b45765fe6d97862cfdbe1f2ee7306af4b3e6247b7000f1,da5a3f56cc3835fd640257e2d4ffb64bd8a9da41fa37eef6c82d58626d963d4e,c2b72ec879193366,,,,,,True,explicit_augmentation_marker
data/raw/nickparvar_v2/Training/meningioma/Tr-aug-me_54.jpg,meningioma,1,train,512,512,0f5b870568ad6e965007644e39c953746e5d0b2e7d2b15ec723c4e3c5804e149,4b61f084befee50abe587369a2a00b952dbe220a2306589108df6bd810271c0d,96867adb69586136,,,,,,True,explicit_augmentation_marker
data/raw/nickparvar_v2/Training/meningioma/Tr-aug-me_55.jpg,meningioma,1,train,512,512,c111e81603947f8485e08cc77640ab97fdd18674bc81bee226c477406dbda78d,1a413e849fdf583fc23bf511e1f9fe58aa2158a8e666fd91ac9137dfb7044867,c0d02f0b6d6c3f3c,,,,,,True,explicit_augmentation_marker
data/raw/nickparvar_v2/Training/meningioma/Tr-aug-me_56.jpg,meningioma,1,train,512,512,1da9be7814f93669ef4a9613a7df5b40e6c55b27d8cda6875eaa7601821e12a5,1fa285f4e789443546629b6c5d187782bb9838af447ed7910048a80e5160d3d8,c04b3f3d2ce23c74,,,,,,True,explicit_augmentation_marker
data/raw/nickparvar_v2/Training/meningioma/Tr-aug-me_57.jpg,meningioma,1,train,512,512,1b33488a761a5be2311c2eb8ea0061630b3e76719cb6baf2210b8fc41d6b7a65,3d48e27c1c85c3973fa13fb1d3fd24354e319a0f405fc154865024cb6d2d4297,d54f0a2d092d3f35,,,,,,True,explicit_augmentation_marker
data/raw/nickparvar_v2/Training/meningioma/Tr-aug-me_58.jpg,meningioma,1,train,512,512,3fd1ea46215e5b695580fe9e4061e3370659fe5b257a318bed70b22c47bde8b6,f74d2d57254513f0a9cb5bdf0540fe0ca28dc5ae2caec842c5cfbf538c63341f,850e777c70b10bf8,,,,,,True,explicit_augmentation_marker
data/raw/nickparvar_v2/Training/meningioma/Tr-aug-me_59.jpg,meningioma,1,train,512,512,86035ce6835610a316297df3e04bfaa1bf65fd781e828a20470b6212157e790c,3464de39e77c38e2d5edce3cbfe0c4fa13d78ecb9fc44d8a9f1f47040d333a1d,c06e2b3d6d353c34,,,,,,True,explicit_augmentation_marker
data/raw/nickparvar_v2/Training/meningioma/Tr-aug-me_6.jpg,meningioma,1,train,512,512,5f5ca6ea647c67a5a4ff1f870729ab4edda7de0ff5e791768a4daa55600ff94a,693e65bc5a58b3eb68d66190f781c3e6d8e9c95cd90f3da284ac13dd6b4bff7f,973868e565ce3698,,,,,,True,explicit_augmentation_marker
data/raw/nickparvar_v2/Training/meningioma/Tr-aug-me_60.jpg,meningioma,1,train,512,512,89eeef171d4086d3d31bb56225e56b32f5a3530387e06834bd1a6d72de9cb9ec,97308464cf646e1ad2bf72ec80f091780fe410745b1c76d2afe9772e5e7bc735,950b56795a666bc1,,,,,,True,explicit_augmentation_marker
data/raw/nickparvar_v2/Training/meningioma/Tr-aug-me_61.jpg,meningioma,1,train,512,512,285d3ab2b866d89c534bf7d9ff011266d9fbbdbca23d1d7c8dda62a466e91bb2,67eacd9fd102e3423639c102457fcda3bc03205940e041b076838bd0b30781c8,d0d00b837d9f3d8c,,,,,,True,explicit_augmentation_marker
data/raw/nickparvar_v2/Training/meningioma/Tr-aug-me_62.jpg,meningioma,1,train,512,512,a50c46a5fb0ff4ec257f72d8afcc4536ad564a493a18f538309dc790dec298ff,d288431c924745a5c14096f6d383a4fa287a054b46c8dc8cec9c4b113fec78ca,c45a4b8b7f2c6938,,,,,,True,explicit_augmentation_marker
data/raw/nickparvar_v2/Training/meningioma/Tr-aug-me_63.jpg,meningioma,1,train,512,512,b6ba3203b90451bb08bf218e6b0ebf15c72131e1dfebbc0acb79b0a540db3951,aac4a1cf4ff18977a802b98f4ee43b53585b746c35ecd007b728c8f82be9e886,966d3b2c79332cc2,,,,,,True,explicit_augmentation_marker
data/raw/nickparvar_v2/Training/meningioma/Tr-aug-me_64.jpg,meningioma,1,train,512,512,9f38fbb03025cb18612d338a12a77cc2e52b4d78f79b8e402c5a9690488c2ee9,b9dbfe02f1e481623cc2e3b32b8acb869c54cb9e78551c8c38bfd2477e40aa04,d08b0e732b6e7d48,,,,,,True,explicit_augmentation_marker
data/raw/nickparvar_v2/Training/meningioma/Tr-aug-me_65.jpg,meningioma,1,train,512,512,99a472ad4e769a62a4b98a6a614770b0f07a91d64b46d1aebd934c400c3a1f34,7db28a98e0030632668d84dd79b338c076bdacb3dc7b9b1be5db7e0893971506,854b7a257ead7034,,,,,,True,explicit_augmentation_marker
data/raw/nickparvar_v2/Training/meningioma/Tr-aug-me_66.jpg,meningioma,1,train,512,512,c6caea871a999f1240f80f498386d069398ebb933ba6333e1e113b98cf58829f,53349a9ffeb727da626682295ae1156386c7c7325bd868dcbaa347f47aee69e1,853e7ae06b3225f1,,,,,,True,explicit_augmentation_marker
data/raw/nickparvar_v2/Training/meningioma/Tr-aug-me_67.jpg,meningioma,1,train,512,512,9f998e7c29943e610da04a26a9b8022aa94046c9fed76af00a3f14960135129e,4fe477ca2243b4fec93fa7d01df4a1fe4e31d0cbeffd6ea13b59fc23899bc9ab,85783f317cc494e3,,,,,,True,explicit_augmentation_marker
data/raw/nickparvar_v2/Training/meningioma/Tr-aug-me_68.jpg,meningioma,1,train,512,512,efdab6944e91c968ab44248a9371d2ce6cccebf9dc20d3dcbf2977d07509658f,4762fd5dc30f5fd317cab102ed96522cbf35fc0a003bac4f2d3795488e91cdad,c02f6a3d782d3936,,,,,,True,explicit_augmentation_marker
data/raw/nickparvar_v2/Training/meningioma/Tr-aug-me_69.jpg,meningioma,1,train,512,512,467cb7b1c96929ac3dfe1ae9ee737c43cb83ec29d9f2ee2bf187eb8c6b7e16d5,671e0d8fb18c5a9997d0bad66051e6d468647ffdfec39ca93d786ac29088d49a,815a6e2d7cb33075,,,,,,True,explicit_augmentation_marker
data/raw/nickparvar_v2/Training/meningioma/Tr-aug-me_7.jpg,meningioma,1,train,512,512,0ae59c938f03327a1048e94f17ded2498a6d2e5413038bb40247220a9b24dc7d,0c15edf1cd76a4edeb65ccb12de26d9bc2eef0ca659a7537696535131b44323e,c03f7a7429f06527,,,,,,True,explicit_augmentation_marker
data/raw/nickparvar_v2/Training/meningioma/Tr-aug-me_70.jpg,meningioma,1,train,512,512,97c1d7035e2fcae6184026a6eb62e458ec5448c66955058056d3ea30289904a6,17edffd435456acd245632e294c27f783021f38ac91cf600c82d0e31b628fafe,d4d47a97298ae178,,,,,,True,explicit_augmentation_marker
data/raw/nickparvar_v2/Training/meningioma/Tr-aug-me_71.jpg,meningioma,1,train,512,512,cb0e2771e39b5a4ffb79eb805f40e23fbb80dc45c294afdae3c245e038a7a791,b517a38a0f96d3beb01963e91a824bbe53ee642edcfd2218061b746427fc68b4,942b7e7839e12d86,,,,,,True,explicit_augmentation_marker
data/raw/nickparvar_v2/Training/meningioma/Tr-aug-me_72.jpg,meningioma,1,train,512,512,6ff666663d1efe717c38f5efea7ed7a1bc29210b426758813b9b37a6369449d1,e8cd8256621b6e495b7be52f1bb371ce56c4147a77bc780f585b2b235a33e737,c4377b702c873587,,,,,,True,explicit_augmentation_marker
data/raw/nickparvar_v2/Training/meningioma/Tr-aug-me_73.jpg,meningioma,1,train,512,512,9b5d3ca6c088be2d46e36ca210038263cca6221ab5d2ee6ba4e29978908fcea4,f92ea5cc8f189a3ea6f66e08d59fdcfc1439ebcd8fca0ada60cf34c4f36f4a77,d0d80b833ddb3d8c,,,,,,True,explicit_augmentation_marker
data/raw/nickparvar_v2/Training/meningioma/Tr-aug-me_74.jpg,meningioma,1,train,512,512,aea3562a060993b23568159fda792ee440e601eacf053962faea95d870211448,e7d3c195f9aa634273ea222198963f328cf55b5388751a2fabe797ff7b011986,810f5fd91a1c6de8,,,,,,True,explicit_augmentation_marker
data/raw/nickparvar_v2/Training/meningioma/Tr-aug-me_75.jpg,meningioma,1,train,512,512,5cf0a9333dc348e7e3dbb0e782684baa469232173ade3240d30551077121d0e1,b88743857416f6df86355c1910a2835e76f687250fa77f5c9aac6a3c31904a26,857a3fa97c3064c5,,,,,,True,explicit_augmentation_marker
data/raw/nickparvar_v2/Training/meningioma/Tr-aug-me_76.jpg,meningioma,1,train,512,512,ae2bcf6c48b0774df4cd1917d9a5293788471c3baf434b7c0dcd08ac2cfd3b6b,046a8148d5836943079156f3042aeb1944cb7782e22fa8e330efeaf907ffeb79,c2e03d3f70b873d0,,,,,,True,explicit_augmentation_marker
data/raw/nickparvar_v2/Training/meningioma/Tr-aug-me_77.jpg,meningioma,1,train,512,512,e047ff7a00d96835ca5104495ca2adf138126c3ee3420a02f169ed243d425110,b9032529c7c47cbdc54d4e3d820587bad6a518b12ccec05773e5da3724f41c55,c06d2f323db17836,,,,,,True,explicit_augmentation_marker
data/raw/nickparvar_v2/Training/meningioma/Tr-aug-me_78.jpg,meningioma,1,train,512,512,38bc8978fe96bb488124e02ed9065fa4c5282a132b960a8003d62b316aaa5a2c,1c5ee67f0b8f74043fa87d93e7ab4cc7c2207394a25d6d56bfcd40525d603626,c5782f3d6c663065,,,,,,True,explicit_augmentation_marker
data/raw/nickparvar_v2/Training/meningioma/Tr-aug-me_79.jpg,meningioma,1,train,512,512,a54e819cc7bad9efa847e08694fc48607c3cb317e22fb37fd36fab5297d69955,ab658b927fad8189a2289fc722ec7b30c687a78c324d06e252e101597652b86c,85c1789e6a78ac7a,,,,,,True,explicit_augmentation_marker
data/raw/nickparvar_v2/Training/meningioma/Tr-aug-me_8.jpg,meningioma,1,train,512,512,81de38f2823146b82982a846f791af60a17bfe1592764ba72dd73297bb365234,fb39d62e7281b3234be30338c4f4a77c485249948f4ba29dd7dc30586524ebc4,815c6e6b2c2d793c,,,,,,True,explicit_augmentation_marker
data/raw/nickparvar_v2/Training/meningioma/Tr-aug-me_80.jpg,meningioma,1,train,512,512,f7d9e8eb12a78b8793b672c2e13f953bae94fe8723ac1b9ed4fd0578622b26eb,2513b42bca4335ee4bfcafd68b92d5aa94e5be816c9e2d14073afd56492ae67f,d01e2f7069f06d65,,,,,,True,explicit_augmentation_marker
data/raw/nickparvar_v2/Training/meningioma/Tr-aug-me_81.jpg,meningioma,1,train,512,512,317b94e7d9ad7788c8fff5a6db0f1f9188da588c5511caea6c2fb94c725c3aef,22f444a3ebb20e18329e9e7c44a6ce2dd06b7cd4c76ef859d27c65070e7aa32d,c0b72bf32d243c93,,,,,,True,explicit_augmentation_marker
data/raw/nickparvar_v2/Training/meningioma/Tr-aug-me_82.jpg,meningioma,1,train,512,512,ba11464d476f7136d4725a6604b0d2682c32aef4eabb9593334b060d8aa646f7,6cfb43464cd5129334c19714cd2d02e051f402823771bff270879c6631542bfe,94693e4a397a616d,,,,,,True,explicit_augmentation_marker
data/raw/nickparvar_v2/Training/meningioma/Tr-aug-me_83.jpg,meningioma,1,train,512,512,efdab62f269fe158a5603afd5438666aaad69f1de7955d10b3851b191365509f,22863e59ca4cb5adf5bcbebfd51e8face2ff4660593c5517dd9e48968f99d431,84587b257dd331d8,,,,,,True,explicit_augmentation_marker
data/raw/nickparvar_v2/Training/meningioma/Tr-aug-me_84.jpg,meningioma,1,train,512,512,0ba0ee3fff4061497f5cac111a2cfbc380a0a80f49682934ecef0163e17cab9c,effb8fb631e47875a38b49e71b72f9405ec8701d197048f563253ade14763bde,855a1a6e78b961e9,,,,,,True,explicit_augmentation_marker
data/raw/nickparvar_v2/Training/meningioma/Tr-aug-me_85.jpg,meningioma,1,train,512,512,52a18b71c9df3b6ae1f80f0e8e6bb249d48865f146d6c4c4611bce632180535d,2acda18775252becdf79042ca7356862b2fdf40727c94f47767d6559438c23be,c16e2b2d74b139d2,,,,,,True,explicit_augmentation_marker
data/raw/nickparvar_v2/Training/meningioma/Tr-aug-me_86.jpg,meningioma,1,train,512,512,12fd103c3274c0834b0b67fc5e3cb7499aa5a8a0d2128260f40ccd03f3511e4c,6567d4d3dd9698aa8a833d72ac04c442388632ea468edac0f8d8fc756347e285,c04e2b356fb53c34,,,,,,True,explicit_augmentation_marker
data/raw/nickparvar_v2/Training/meningioma/Tr-aug-me_87.jpg,meningioma,1,train,512,512,0ae021e221cf0803074d8359da04af9e76e9879fc056d6205ee35caa2826557c,98b9fe610268ea50912fbfba7dbc6a9f93a2985aa1f705801023147bce2e56ca,857e6b3869a564c6,,,,,,True,explicit_augmentation_marker
data/raw/nickparvar_v2/Training/meningioma/Tr-aug-me_88.jpg,meningioma,1,train,512,512,8aa9836a326072bf49f4d604a9d247d9b75e7ebfa1ce14790233d5dbafa24297,c85dd6901d24b4633d41c5275d1f5f2cd4aedacad3ddafa28620bc60107d6e50,951b3e722df83129,,,,,,True,explicit_augmentation_marker
data/raw/nickparvar_v2/Training/meningioma/Tr-aug-me_89.jpg,meningioma,1,train,512,512,0f673459b5dba7f9dab9a6a32309e2c89ddf4bb9b799d3350f56c33e8cc8b2d3,1668af4eba0582443921cd39727858e80c80b8f77a0803d6430c241d4b30f755,966d699631cb9398,,,,,,True,explicit_augmentation_marker
data/raw/nickparvar_v2/Training/meningioma/Tr-aug-me_9.jpg,meningioma,1,train,512,512,41c35977c6660def7fac02f008ff10cc05bea3e9f5e5c068ea07dc514ed1e091,168ea669b0b4f4256abbfe364bf7fcf923cb87d0b1d620b217b078894ed3e453,d46a2f393ea461d2,,,,,,True,explicit_augmentation_marker
data/raw/nickparvar_v2/Training/meningioma/Tr-aug-me_90.jpg,meningioma,1,train,512,512,e50960c499e99a17df350e4f261d140bb10d74d9a3d81d91c4878542e2b32538,10dc66cf4690d1d6998ee2179e851b418cc2c54ddde82ada420322602273846f,c34f6c913066733b,,,,,,True,explicit_augmentation_marker
data/raw/nickparvar_v2/Training/meningioma/Tr-aug-me_91.jpg,meningioma,1,train,512,512,5c32bc4af148302670ffb8a5aa58fc239cea60fbbfc08ba34a65230a0de6f6f4,343eb24b6b007248b2d70f8eab4079f20792d6159081a381505de5e51b49c553,d34f6c913066339b,,,,,,True,explicit_augmentation_marker
data/raw/nickparvar_v2/Training/meningioma/Tr-aug-me_92.jpg,meningioma,1,train,512,512,8f9c305ee1ad7c0f9e616d2f95e5536f5858b575e81d7a56e98b574bb8a20666,bf60d3c03d29e580c8f183a1071446056df223486189668fbf12aae0ef35452d,91da4a8d0bcb9e2e,,,,,,True,explicit_augmentation_marker
data/raw/nickparvar_v2/Training/meningioma/Tr-aug-me_93.jpg,meningioma,1,train,512,512,77d1a53171807f4ac1df61651a8f2fc8f631ef6632810bd69abc454f60068cef,04a671b365818dc1964f61f38e73fa8f3277246df02e6ceadd98e9aae0450702,c55a2f3c6cb53065,,,,,,True,explicit_augmentation_marker
data/raw/nickparvar_v2/Training/meningioma/Tr-aug-me_94.jpg,meningioma,1,train,512,512,b8a72a6ed1229b7b33dc11c8641ebf15e55e9db20fd933e6372234013b8707b8,195626880997cbf38fbfe61d8520b3f384a57c07db82f2b0db81b2b1cfc1d1ee,957a6a2d69a53271,,,,,,True,explicit_augmentation_marker
data/raw/nickparvar_v2/Training/meningioma/Tr-aug-me_95.jpg,meningioma,1,train,512,512,ef0e11d139ea444dbd4e266a8ccd3f79d22d82c5b16189481ec4047b605fb9c8,cf656222b8be3a8cdfc62066de8e530ab37266e5117b8a081b954e5e016d256a,97597a2d68663869,,,,,,True,explicit_augmentation_marker
data/raw/nickparvar_v2/Training/meningioma/Tr-aug-me_96.jpg,meningioma,1,train,512,512,0e611156f0581371a53bdf68f60e17132a31b9d7e651f774f66fa5a772dc75d4,68d9ba3ad44b28ccf71e8853a9b62bc61df0f251a39da7915dc216ba3de1adca,955a3e6d6ca63861,,,,,,True,explicit_augmentation_marker
data/raw/nickparvar_v2/Training/meningioma/Tr-aug-me_97.jpg,meningioma,1,train,512,512,089a7ad8107e9ef50fc7c35e7407b18fcda170be3707749807a059a5cb46b3a8,90294934250dd3614046b98553239b64c2676fdbe0278c2baee0b21da3ca5a68,815e5e8b5e8e3a4c,,,,,,True,explicit_augmentation_marker
data/raw/nickparvar_v2/Training/meningioma/Tr-aug-me_98.jpg,meningioma,1,train,512,512,47659f0b7a3739148ba3a036ec2204283a0a233876b0a0458bf251bfae9c2da8,96c3f78141b4a2bfd0ec28124619c7fc1ad39c6b510fa0b4dd08d1c0393afebc,d06e0b2937e61e35,,,,,,True,explicit_augmentation_marker
data/raw/nickparvar_v2/Training/meningioma/Tr-aug-me_99.jpg,meningioma,1,train,512,512,fde0dcb9f7a9aeb206a5f7fc9cadc37231f528162eabd29589c21b348e2315a1,4c61a46b0b2f1ab9d19e0b9890d511c17b57f828f98e1a063f552c1607f531af,c02f2b3d6d3438f1,,,,,,True,explicit_augmentation_marker
data/raw/nickparvar_v2/Training/meningioma/Tr-me_104.jpg,meningioma,1,train,512,512,63af1d654e0fead8c50f98a2a1f884eb517b7277ed7a1c9343d0861948721a5d,4652ce490566e1baa2f18aaf225cc5d1e8ddd9918644c7705983990910833a70,c92c2e9139c673d9,,553b2bf4a6a45ded,,,,True,development_group_overlaps_official_test
data/raw/nickparvar_v2/Training/meningioma/Tr-me_1044.jpg,meningioma,1,train,366,395,45938b1b529e1075b171d940aabb0388b4f863984ab96af7879025f0b31a668c,d12c4fdbd1180c52e535a25f2a81844ee1f8dcb7eedb0827aee711f66b8d8fce,d11b136e646e2cb5,,7e6d8e04ad1752ae,,,,True,exact_duplicate_of:data/raw/nickparvar_v2/Testing/meningioma/Te-me_157.jpg
data/raw/nickparvar_v2/Training/meningioma/Tr-me_1057.jpg,meningioma,1,train,210,240,141138c436ee1cfc6ca00fbef0a6bebb18fd9fa799992f6ddd1b99d315c107df,5c07838dd81dfb49e57276bb05b7ba1193ee561f716e90d4c68db77121628603,c46c0f367b733891,,eed08607b42407ec,,,,True,exact_duplicate_of:data/raw/nickparvar_v2/Testing/meningioma/Te-me_270.jpg
data/raw/nickparvar_v2/Training/meningioma/Tr-me_1069.jpg,meningioma,1,train,318,354,8fa0f1b0bad36d5bd71216ede76d56161464a390dd2600b0b1cbb81038188c39,d8b6ba0e8c63b0c4574fd71f23634e08f99990a29c4e7a340e136c26ef0a73ac,c0e2193dc7e25d39,,019ff34e275f7baa,,,,True,exact_duplicate_of:data/raw/nickparvar_v2/Testing/meningioma/Te-me_2.jpg
data/raw/nickparvar_v2/Training/meningioma/Tr-me_1076.jpg,meningioma,1,train,512,512,b9862b25aab2d2f9adcddca6cc4115f87a8824f9b551b7d7b6b02cc5d197c857,56d91b0073ab3a3df850c717d307b4f3acebf45d174f15bcb4134a5a12cb0186,91626e3579d165c6,,9384cc567b9b51f6,,,,True,development_group_overlaps_official_test
data/raw/nickparvar_v2/Training/meningioma/Tr-me_1083.jpg,meningioma,1,train,257,248,3dda830ebaa3389847012b51952891707f147df53645461c849dda635a9bb3dc,b670d9a5bc9b645fe5832249859cfd0d029776794aa8ef700916c6497f8ad2e7,815e5f2a70e957a1,,b52e846bac4d9277,,,,True,exact_duplicate_of:data/raw/nickparvar_v2/Testing/meningioma/Te-me_5.jpg
data/raw/nickparvar_v2/Training/meningioma/Tr-me_109.jpg,meningioma,1,train,369,395,c22c1029b1f5d3b96679b64527073e0b5f575d492094578a9eff022649af84ec,a238d2658c39937da149b44ef197bdafd75aec16230874f4f23944f3c048b8fd,801f5ffa29687d21,,5bf9e2cbdd1fd5d5,,,,True,exact_duplicate_of:data/raw/nickparvar_v2/Testing/meningioma/Te-me_30.jpg
data/raw/nickparvar_v2/Training/meningioma/Tr-me_1091.jpg,meningioma,1,train,208,243,4c3af3bbaa0e4fef239bd973509aeda877af2ba720a3d469a1d5438a9e55a910,9f94bf734b1a720dbc622992cbd13c7c87196069ffe5cff59a812457216df5eb,811e1fe87aa17ac5,,ef9023b3eb947751,,,,True,exact_duplicate_of:data/raw/nickparvar_v2/Testing/meningioma/Te-me_95.jpg
data/raw/nickparvar_v2/Training/meningioma/Tr-me_110.jpg,meningioma,1,train,290,339,7e93bc227b48e72c38365bbc077e3ac58b5be977cce4a752e09df9f1402c22fb,c10758d80ecfbd4b6bcc1228a621cbd7b1bc1a560561e0e49d0976b94669347d,811e63e81eb50bf9,,697cef0c5c7692ef,,,,True,exact_duplicate_of:data/raw/nickparvar_v2/Testing/meningioma/Te-me_174.jpg
data/raw/nickparvar_v2/Training/meningioma/Tr-me_1109.jpg,meningioma,1,train,512,512,c59e752aa923884714155afcdfdd76f082e92f14de35e834d9a688821b0b9eff,c454edcb62723e758e429a09eb7778524df96226d4b9a3b35f3c8bf94ddce2b3,85682f317cc59ce3,,60a23f5cb182da0f,,,,True,development_group_overlaps_official_test
data/raw/nickparvar_v2/Training/meningioma/Tr-me_1110.jpg,meningioma,1,train,214,235,6b436fb29f9dd27c8e6a2f30c8d516947c3b856bad43c45b7722e8360e517cbf,62e3e3cda197d8a5556db7f6a6867ca69935e9b85467e0ac7db084a35e259b37,902d4ab26dda3dc3,,04764e0d4af7db31,,,,True,exact_duplicate_of:data/raw/nickparvar_v2/Testing/meningioma/Te-me_42.jpg
data/raw/nickparvar_v2/Training/meningioma/Tr-me_1112.jpg,meningioma,1,train,402,396,fad1650afc5dc5512c9215f9f48dc1008498bba45510289e6df9922b120dcae7,673f8ed5f154a29a1d7ee02cc5f73cf599aec5aaf358de888b7f49ff4fdba7b2,c50a1fdd2a1e2af8,,e38c7146e8d01bf5,,,,True,exact_duplicate_of:data/raw/nickparvar_v2/Testing/meningioma/Te-me_165.jpg
data/raw/nickparvar_v2/Training/meningioma/Tr-me_1121.jpg,meningioma,1,train,256,256,887770a828d268a2487b833f31281d0291951557c1ecd96ed38f3e8966d0def0,5b436785fb1e1e2e5d4bcc992282b3842e6c156222d7b64dbc716f422052f75c,c51b1f622e3669f0,,ddfd8298fcb1fe5d,,,,True,exact_duplicate_of:data/raw/nickparvar_v2/Testing/meningioma/Te-me_86.jpg
data/raw/nickparvar_v2/Training/meningioma/Tr-me_1122.jpg,meningioma,1,train,300,345,faf979dc936e8bdda191a2af8b4790136ff54f4e9a3319ffaa9f06a3c8216b17,c43d2e752b239c28aa8539217d333b2cf4297807d0b541cd7cf765bcb36c9c66,c0643b6f3cb070cf,,5b6e39be7bda4441,,,,True,exact_duplicate_of:data/raw/nickparvar_v2/Testing/meningioma/Te-me_159.jpg
data/raw/nickparvar_v2/Training/meningioma/Tr-me_1127.jpg,meningioma,1,train,534,674,fd96f61075f420f133b29b587e13aee2367858cf827052cafcc2e2bc93cc1725,91d777d1fd562dec81ed83d7ad0bd66cf457d3763642d38991984d66c2262bc3,c54d1e3e6b2c38b1,,013ad082b49ba750,,,,True,development_group_overlaps_official_test
data/raw/nickparvar_v2/Training/meningioma/Tr-me_1146.jpg,meningioma,1,train,206,249,a47bcad5ac91f50b2fb3590b03fd0e575cc10f3a0c06c1d35a61f397b6efaf39,a81bcd3409192e1f3fdf305e16758cf47e073362187936a675edb2e952a0a6c7,c4cc4ee53b333992,,0f0c7e9cf3bf54a7,,,,True,exact_duplicate_of:data/raw/nickparvar_v2/Testing/meningioma/Te-me_241.jpg
data/raw/nickparvar_v2/Training/meningioma/Tr-me_1155.jpg,meningioma,1,train,512,512,b9aa698b99536815fdc8d4b0ff114a8da24c3249eaaac5dc1e89a3eeef33fb02,5b5bee629db759ac192f7451c3ca276ad13df519742aa2664d9fa6470a9257b0,9668393164c7e69e,,872dfd837e610888,,,,True,development_group_overlaps_official_test
data/raw/nickparvar_v2/Training/meningioma/Tr-me_1163.jpg,meningioma,1,train,201,251,f3d00bbb942117c2fb62466414d3c466ca283b678200fe87424e4128b80b2dba,148a4231acf4f7f53e6fc187e5370c6ed97d2c9bf1b2664a4c02680a1275bfbc,c6d22f8d343761f0,,131a4f1bc8bca7e2,,,,True,exact_duplicate_of:data/raw/nickparvar_v2/Testing/meningioma/Te-me_274.jpg
data/raw/nickparvar_v2/Training/meningioma/Tr-me_1166.jpg,meningioma,1,train,225,225,c70dc85daacdc0227c689b1945a83b0e026425721769070db8eb664bb274b569,20840c28ada77f49decee9ae91cf31c0b4100dae2f2280a791542f12882413d9,871e3ae168b469cd,,a7f28e9fda9edfe3,,,,True,exact_duplicate_of:data/raw/nickparvar_v2/Testing/meningioma/Te-me_31.jpg
data/raw/nickparvar_v2/Training/meningioma/Tr-me_1168.jpg,meningioma,1,train,273,326,989297d05b6c7b2c798c7efeccfff51fdf412e9e774b87cbe25d9f3909d49111,33c11bc792edcbf2318a991490aa0b623b83f142d8e8ac045a831144051842b9,c53910c62f656f87,,947db5b3a58d8d3a,,,,True,exact_duplicate_of:data/raw/nickparvar_v2/Testing/meningioma/Te-me_71.jpg
data/raw/nickparvar_v2/Training/meningioma/Tr-me_1194.jpg,meningioma,1,train,215,220,49e13da805572838ee86f2e79b5bd620bf5d1284c62b70cc96599aeb01f115ff,cde991c784a82bc1abf7e1203e909332f6fe28f7b1f4be7d30ee97c29e0ec115,926d459369a4b36b,,1ce923f6b0f9ca46,,,,True,exact_duplicate_of:data/raw/nickparvar_v2/Testing/meningioma/Te-me_158.jpg
data/raw/nickparvar_v2/Training/meningioma/Tr-me_1198.jpg,meningioma,1,train,278,306,556f561ec1c7743e7a8dfec5de7d34c0ab28e60352c21c677b2bb7354baeff1f,e7d5aa7d023353b909deb3527a814b7910ee4d1157a31788f444f0e9326f4f06,c5372acc33f04df0,,1d05d3148e491337,,,,True,exact_duplicate_of:data/raw/nickparvar_v2/Testing/meningioma/Te-me_66.jpg
data/raw/nickparvar_v2/Training/meningioma/Tr-me_1225.jpg,meningioma,1,train,286,356,32e43c129cf6fef5fecb82419213685e652d4dbc524f7c7f9d11c42b91c28fa9,0ff79ec06c78c0ec2f13ab91a0a839742bf6a1e099a1b32420c945345f6422a8,815a5f2c669d6897,,7fd578cad11ee41b,,,,True,exact_duplicate_of:data/raw/nickparvar_v2/Testing/meningioma/Te-me_39.jpg
data/raw/nickparvar_v2/Training/meningioma/Tr-me_123.jpg,meningioma,1,train,512,512,704796e2a1aa65f12fb37a99db00d521ae7d2aa9f710f920495f5dca6c3274c5,302266f4325dfea426a32364522810fd463d14950529eb1fd8198e76c47211bf,c2f23f1b34ce7038,,bd8b112b4ad6c2bd,,,,True,development_group_overlaps_official_test
data/raw/nickparvar_v2/Training/meningioma/Tr-me_1249.jpg,meningioma,1,train,211,239,2e27f1fa36558c2356b50a6f437d33f07c9187b3adcba56977e04aa6f30b3d68,00f583953d36298bccb31075783211f1967f91e5dbd1a6cb04962402a4b9352f,844f5fba5ab068c5,,2ef15e8737d30136,,,,True,exact_duplicate_of:data/raw/nickparvar_v2/Testing/meningioma/Te-me_266.jpg
data/raw/nickparvar_v2/Training/meningioma/Tr-me_1255.jpg,meningioma,1,train,512,512,490a0d6e3466257d99fbf51b6401281d15c6d2d44d58768c7fdcf65d58d2f6ee,531f21e4f56e8e7b96f3d156e79cb4782e2743c717b86780ccabf3cb83c5b73c,d1782e87e1da9619,,f609c6f74009102c,,,,True,development_group_overlaps_official_test
data/raw/nickparvar_v2/Training/meningioma/Tr-me_1257.jpg,meningioma,1,train,512,512,76e610505ae94201394a20edde8fd8103ebd057310acc926b7c206609d073278,7ba7eb4de1b2327be3769094ff4b83d3757d5951c01b64101b79721d1e7b3978,977a68a56196666a,,d8535fdd85c06bdf,,,,True,development_group_overlaps_official_test
data/raw/nickparvar_v2/Training/meningioma/Tr-me_126.jpg,meningioma,1,train,225,225,deaee0ac0187be63718484cd3a6bdc76a6bbdfedc10ea56e36045feb624bb24d,ecfe488416c68c73f43008affd686d84fd2350acf1b496b13f9b14f3a764cb2b,d22e6de13492666e,,6390841dd27415ff,,,,True,exact_duplicate_of:data/raw/nickparvar_v2/Testing/meningioma/Te-me_265.jpg
data/raw/nickparvar_v2/Training/meningioma/Tr-me_1262.jpg,meningioma,1,train,200,223,9ef07d315f8bb789b47f544050569f2b3403ccfe603daf97f037b46f691a28d1,8f492b67355336bd49fb3f3e99328fa12194f9b9f2d000073b744dc22ff6120a,856d47636a3c1eb1,,b868d61193bfa04e,,,,True,exact_duplicate_of:data/raw/nickparvar_v2/Testing/meningioma/Te-me_207.jpg
data/raw/nickparvar_v2/Training/meningioma/Tr-me_1263.jpg,meningioma,1,train,512,512,abca2b22229fea165162669f2f856566968ae17b61ffa60a43913fd97481e9bc,a14d407fb4c72ec11fa2db152b057a7c7518d14fa7e9eaa82603dc55db5dcf52,96617a3e69646535,,1fa396a7286f97ad,,,,True,development_group_overlaps_official_test
data/raw/nickparvar_v2/Training/meningioma/Tr-me_1265.jpg,meningioma,1,train,512,512,e2a955142f1b608205f3bc0ef078d801a644682d608e894950e2d1d85b543e75,dccfff9ba32b880fcec3ce633e38e82181ce9dee8cddaf8fa552bd13a18cbbf8,929b6dcd341a326d,,866d3861d5555005,,,,True,development_group_overlaps_official_test
data/raw/nickparvar_v2/Training/meningioma/Tr-me_1279.jpg,meningioma,1,train,512,512,8ccd9367f62e7d71d91f6b8644d5ab359a9f8170aa7eb331b19e9d6190a537e5,79f61a949f0046bf5d82eb1e5e7e810749afe8c74ad72a1f8f0f6643f89c861a,976a68a5659ae748,,d8535fdd85c06bdf,,,,True,development_group_overlaps_official_test
data/raw/nickparvar_v2/Training/meningioma/Tr-me_1282.jpg,meningioma,1,train,480,480,5186f1029b7a4afa09dd8160cc196617d6950e8230e164e73598263736be95b2,4819dc420be7d1cb62ecd73ffa3bd5f8751fcc93673567b7a7075a6ee23766e3,c3b82fc238e6649b,,c6fe45ddbb3c9132,,,,True,development_group_overlaps_official_test
data/raw/nickparvar_v2/Training/meningioma/Tr-me_1283.jpg,meningioma,1,train,512,512,299c81643275bf300c7fb3eddddfc40c287309f015db6caef7c7f4514ae43808,06ae54e8146cdc3dd260b7db4a3abf2c5a750c33160e8a120a2b9f7cc1cebae1,c3732fac3c523135,,51ef394614639edc,,,,True,development_group_overlaps_official_test
data/raw/nickparvar_v2/Training/meningioma/Tr-me_1286.jpg,meningioma,1,train,201,207,8014da7bd1038ca29824ab595a45f36d1bf1316872250c8c3110a05c74ac0d3b,c77acc207230cb3a4338ab8d841318cf5ed15fe20d76db4b3ffce4a4dd1ba70a,e740309f63c61b67,,6e917fdd1de6b665,,,,True,exact_duplicate_of:data/raw/nickparvar_v2/Testing/meningioma/Te-me_4.jpg
data/raw/nickparvar_v2/Training/meningioma/Tr-me_1287.jpg,meningioma,1,train,512,512,8c67f97827c1f777db46d601c7042276c762b636844b0d1d2d3361c58884d743,1bc7dad36baea07316de2605099589682cd514921820b15f6aab9a5fc88d63db,85783f317cc09ce3,,60a23f5cb182da0f,,,,True,development_group_overlaps_official_test
data/raw/nickparvar_v2/Training/meningioma/Tr-me_1289.jpg,meningioma,1,train,1149,1019,0fb56074c33854864a2e00a4ffff662efcff4cbdd2970cbcb29963d05a1c1ad7,46c3559d30f33236ecc1a950daddd0efe6446068b659b2d55b0bb3322e72bb4d,d4cc4a3b333919e9,,ee73632c71e61105,,,,True,exact_duplicate_of:data/raw/nickparvar_v2/Testing/meningioma/Te-me_285.jpg
data/raw/nickparvar_v2/Training/meningioma/Tr-me_1290.jpg,meningioma,1,train,630,423,a70f40c8cfc4a3811c80f6f00cc80d890c602ccdd5cb610c4e77db115e2195c1,dcfafebf508376141e0f603dced55f1bf21b889b33556cdb4011da0a430a8b73,811f5e722e6b6c19,,1274771138833db8,,,,True,exact_duplicate_of:data/raw/nickparvar_v2/Testing/meningioma/Te-me_37.jpg
data/raw/nickparvar_v2/Training/meningioma/Tr-me_131.jpg,meningioma,1,train,491,624,37f56b108bf51b46843a02ee76d310daebdf2d9fcbbd0d8554514689203b7d90,45096b46dc8537305d3dc9c3729f93ca62c0bd2b29eb4d2ca32cd525d5248047,d4690a1e6ff43361,,97b92b57578834c6,,,,True,exact_duplicate_of:data/raw/nickparvar_v2/Testing/meningioma/Te-me_93.jpg
data/raw/nickparvar_v2/Training/meningioma/Tr-me_145.jpg,meningioma,1,train,315,315,fcfe7634ac373c6839916f9cce74ce6369249bd96bd55aa3ae3d0050d2119410,9f4b27537fb41f40cb79ecb94d4398736efa8bbe34a467705437047cda29778e,d20d2f60747ea476,,dd7f994ad8739296,,,,True,exact_duplicate_of:data/raw/nickparvar_v2/Testing/meningioma/Te-me_296.jpg
data/raw/nickparvar_v2/Training/meningioma/Tr-me_154.jpg,meningioma,1,train,351,398,820dbfd9b7449559802740a08ded8d506dbbad2abdda7293d3595bd9dcf4e746,b49edaf41ae0e56964224c30085ee3073f971eab10b20bc0c4e593e4b74b3fef,8ffc544c16d2c31e,,6a62812cdf78fa12,,,,True,exact_duplicate_of:data/raw/nickparvar_v2/Testing/meningioma/Te-me_52.jpg
data/raw/nickparvar_v2/Training/meningioma/Tr-me_156.jpg,meningioma,1,train,512,512,43966d2315ad00f8034fcef6c93f2838a17df8d46e7a7a8e9374665d787a2e83,eb3c420dcf4eac331f58b44840b17b95a88c53e3f26938f9cc73611039b73862,c23d6b2c31b166d3,,948ab540688b3ff6,,,,True,development_group_overlaps_official_test
data/raw/nickparvar_v2/Training/meningioma/Tr-me_158.jpg,meningioma,1,train,645,439,f17a463d83cc7fa4f2608f3791009e6bc87d73118755ed6043adaa054d94b695,8bbdaa4b52b350e80d61824f150bfe4e8ef31be024b9542f369df8c568c3839b,970f789c4b386dc1,,5bfe937b7e9447fc,,,,True,exact_duplicate_of:data/raw/nickparvar_v2/Testing/meningioma/Te-me_231.jpg
data/raw/nickparvar_v2/Training/meningioma/Tr-me_162.jpg,meningioma,1,train,512,512,da5da424e765704b2cb9978665dfdbee5c1bbdc50a75de3de55732ba6e95ab54,ce4a20b152153d4d4d9d4e128ca6a0d7a0e41d8f572c5aabdd3df8e7bea86a98,977a6a656924b233,,b8181e0d0c097161,,,,True,development_group_overlaps_official_test
data/raw/nickparvar_v2/Training/meningioma/Tr-me_167.jpg,meningioma,1,train,416,395,44c5b942e58c6d70f1c96fdc7c9b3a0b960c2d41bb74546d96006f8d588c9b03,249f1337bff5650ef15898d47200fd602a805ca23c450d019a7d66ccb3fc328e,85181f7f62376e21,,024ad8ad2b11d629,,,,True,exact_duplicate_of:data/raw/nickparvar_v2/Testing/meningioma/Te-me_276.jpg
data/raw/nickparvar_v2/Training/meningioma/Tr-me_176.jpg,meningioma,1,train,512,512,212cc0a46983666254c8b5ea9f838d855b55b8a38e187f1e65051cc26f1664cc,5e240b280f936d71495c5b52f144bcfa7a8361c6ed88662c434cb57f045edcfd,d02b3f6425b4f133,,7a3a3d41d197cb54,,,,True,development_group_overlaps_official_test
data/raw/nickparvar_v2/Training/meningioma/Tr-me_19.jpg,meningioma,1,train,374,370,9c8572b3fb29d4a2467cdd2a8ef06efadb3430358234296b9e3e9fd6d8b31a0f,476f8593229120d7e73d26e8eb107fb71c02a8397a94a2d80f84cc0f2f04f2c3,c7441b3b4cc36d71,,5b5afbd0ea64b920,,,,True,exact_duplicate_of:data/raw/nickparvar_v2/Testing/meningioma/Te-me_184.jpg
data/raw/nickparvar_v2/Training/meningioma/Tr-me_190.jpg,meningioma,1,train,512,512,c7f51d9b15a5fd00e41bc5eedea2577ae7a871e160d9411d845572163d894066,2db9cee7957241743104dae698a9f089c1aa0aa51fba4ed3c9859d9a296f33e3,976968b5309673c9,,dafb24e228d63153,,,,True,development_group_overlaps_official_test
data/raw/nickparvar_v2/Training/meningioma/Tr-me_194.jpg,meningioma,1,train,512,512,95230820a8e400b07c2a163b33753186a7330eb861590c52f87265b80a876d63,5092aab71a75cda9deb76c351830e84c58ea33009b24ab44da6f557ebec074de,c2383de3249b63ce,,fb16c3836b3714f0,,,,True,development_group_overlaps_official_test
data/raw/nickparvar_v2/Training/meningioma/Tr-me_200.jpg,meningioma,1,train,312,401,7ae82ad05ee2fd7dc4d6ee5f4793ac4fc8c416bba68b698a2df7d59d76b1cd2b,aed1b38936c9b41a669dda4b69998649bce05eec42ce1c16d93e7fb7626ff166,96c64b6d3cb861c5,,711ef7a83f387866,,,,True,exact_duplicate_of:data/raw/nickparvar_v2/Testing/meningioma/Te-me_54.jpg
data/raw/nickparvar_v2/Training/meningioma/Tr-me_205.jpg,meningioma,1,train,338,345,c4d0ad53156cd1b77ce696394ebcf92492e1b19990e350438eac561f282a7405,591c03aa395de7230856830125cd7dd3fef99866ec9a3eec0729c83526515e9e,d27b6fe53c922888,,1ef24bace5d5a2e5,,,,True,exact_duplicate_of:data/raw/nickparvar_v2/Testing/meningioma/Te-me_232.jpg
data/raw/nickparvar_v2/Training/meningioma/Tr-me_219.jpg,meningioma,1,train,512,512,451f339dbf4d33864e0dd8940f533bbeddda6492cf60bb15615342bd467cc721,1a8d049f0515118e597eeeb4dd3e255aca44716cc2a199963409688b8b11656c,d4957a1a3f687829,,d0568746af6549fd,,,,True,exact_duplicate_of:data/raw/nickparvar_v2/Training/meningioma/Tr-me_1094.jpg
data/raw/nickparvar_v2/Training/meningioma/Tr-me_228.jpg,meningioma,1,train,512,512,aeca95c8fa91b70333e82dc035fafc8eeb4bce4a7dcc86392fe2f2b6897d3b99,c927e01558ebe8da66508de47c182684f45104f746e4047437c487ff42db97e3,c32e3cd1302fd36c,,497963ff530c6c8b,,,,True,development_group_overlaps_official_test
data/raw/nickparvar_v2/Training/meningioma/Tr-me_238.jpg,meningioma,1,train,367,395,ad80fb721b5d5ee5b77ff2e29e3473a54db92a5004c7de810fe1353e89a65d33,8b3876bee4655fab0140eca1b5475c0ac233a802dd491040f9e105900d6d7af8,d11b536e646e2cb4,,7e6d8e04ad1752ae,,,,True,exact_duplicate_of:data/raw/nickparvar_v2/Testing/meningioma/Te-me_230.jpg
data/raw/nickparvar_v2/Training/meningioma/Tr-me_239.jpg,meningioma,1,train,200,223,96c69ebadfc6c5a736937c6bdf11983ebf111d0cd9f738b1c1aafa96dc61f551,b6f48cad2a560beebc143d25a50207acecb9d71fd659bf526c30ff730f3d1d26,80375f697ab07465,,b60cb00008efca58,,,,True,exact_duplicate_of:data/raw/nickparvar_v2/Testing/meningioma/Te-me_167.jpg
data/raw/nickparvar_v2/Training/meningioma/Tr-me_260.jpg,meningioma,1,train,512,512,592e6bac493629742729200e79098e971a4df440405a30e99810f82bf27b5427,e8e804faa0d70c1d574f34ae65e3f592afcb569c8ed183143c8f43b8922e19cd,c26d3db4309333cd,,e4366b0dbf74aae4,,,,True,development_group_overlaps_official_test
data/raw/nickparvar_v2/Training/meningioma/Tr-me_3.jpg,meningioma,1,train,238,212,2f8546e485b635df17caf0595ffc29c1db3d87aaddc2681b8d6b6caa85ffd515,088a0a2db41e99a09819f95c9f7c8ab072c815d0e4cfbb9867e9e4d96fd158fd,d57b404730cbc38f,,df94b581ea143366,,,,True,exact_duplicate_of:data/raw/nickparvar_v2/Testing/meningioma/Te-me_195.jpg
data/raw/nickparvar_v2/Training/meningioma/Tr-me_30.jpg,meningioma,1,train,512,512,5dd4b7499ca468bf7d94ad9fee5bb43a42ec718e7192324322186cebbfca737e,0bfd5fd5df67846d4a09475f4c4afcdf19fe2683a402030571bb890bd5aee439,c23f2de074c396cc,,5e7b839444937f9d,,,,True,development_group_overlaps_official_test
data/raw/nickparvar_v2/Training/meningioma/Tr-me_313.jpg,meningioma,1,train,512,512,0fface2876f4eee17fab15c92a0e35e311c20605286b0462783fc42d0753dd29,e2d14ca7fc0e042e3bceaec7be24260d2ac6b73a68c5d0ac5e1781ff812e458e,976968b531926759,,dafb24e228d63153,,,,True,development_group_overlaps_official_test
data/raw/nickparvar_v2/Training/meningioma/Tr-me_330.jpg,meningioma,1,train,300,412,3f485834e521c740f298d16190f0afa1209a0e2d01080015ca6a8b5f3febe1fe,ee11f95fa0f54776995dc17173dd115a4659919a13f71d0c01065f9733ebccbf,91364f6938b86cc7,,93877bcca97b390f,,,,True,exact_duplicate_of:data/raw/nickparvar_v2/Testing/meningioma/Te-me_216.jpg
data/raw/nickparvar_v2/Training/meningioma/Tr-me_331.jpg,meningioma,1,train,204,249,7cfaba22355b770b309b9e019fb8a86ad4e3f22f16c00b6c003940435bb8a913,a2771df5b285acfc87d18f301b82f7cffeee15322990b756682243fc51fd3147,844c46ef3b313bb1,,a4d1f3206dc2df4c,,,,True,exact_duplicate_of:data/raw/nickparvar_v2/Testing/meningioma/Te-me_18.jpg
data/raw/nickparvar_v2/Training/meningioma/Tr-me_339.jpg,meningioma,1,train,455,500,24f09f91af40e42f2798bbc29df353ce17e6a0c0b533fb923b2fa8f75df6b496,c5184dfddc7099fbc89d86ec238630dfe1140937272d80a1c2aa5024d3d916e9,c4736ead39cc3984,,6d143deb4372c400,,,,True,exact_duplicate_of:data/raw/nickparvar_v2/Testing/meningioma/Te-me_116.jpg
data/raw/nickparvar_v2/Training/meningioma/Tr-me_344.jpg,meningioma,1,train,512,512,a1278dd9f48181c7e6581138c39a743a9ccec3e562719354edc8764404f739fb,427bb461b575bcfbec1efe174bbe136033151a15da6b784b2aba994d7536085c,c04e2b3f6d353c34,,bd30126ac6f11d2c,,,,True,development_group_overlaps_official_test
data/raw/nickparvar_v2/Training/meningioma/Tr-me_36.jpg,meningioma,1,train,442,442,e43e01934b68943651419d25cae4ccea04db2678db91b0e6a257c54732f920f8,34934f49e575997dad8163c48acea170d87bbf7c4c47c407e03fdcbf75488ca7,d14b3b6c24646ef4,,64f6007e33963b9f,,,,True,exact_duplicate_of:data/raw/nickparvar_v2/Testing/meningioma/Te-me_1.jpg
data/raw/nickparvar_v2/Training/meningioma/Tr-me_373.jpg,meningioma,1,train,289,354,0393684019b077c8ca1612bffafae672b08a84ed5e66d5290eb93d541a9face9,8255bd808e2a064803ff99dc960fec3aa5fd8718dc389b68590997ec83c05b68,815a5f68669d6897,,7fd578cad11ee41b,,,,True,exact_duplicate_of:data/raw/nickparvar_v2/Testing/meningioma/Te-me_20.jpg
data/raw/nickparvar_v2/Training/meningioma/Tr-me_382.jpg,meningioma,1,train,512,512,fc458c85a8432d97d5276d861e9779b4fedf0aef785896a69200fb973b495544,0c0df0f17babf8c39f9f1f849c390b86fbc6907faef2ca78be791fd214423756,936c6c93306ed399,,838d999c8da5e3a9,,,,True,development_group_overlaps_official_test
data/raw/nickparvar_v2/Training/meningioma/Tr-me_398.jpg,meningioma,1,train,512,512,58ab18c04f773649f0f02ab7885cb80e9ec87b927c8381646394d68fe2a80edf,ab8669aed74460e3192fd66c9ff4d02f670a1438d2f6e523f407890b3b1ecd8f,c61a39c5653366ce,,8743950f831dcf13,,,,True,development_group_overlaps_official_test
data/raw/nickparvar_v2/Training/meningioma/Tr-me_40.jpg,meningioma,1,train,512,512,905a727cd9023461278f49aea64e39987014ab2520a75c262d79239875528cb4,981eec6606875047f62687864de2cdeb54d7f5bc327bf018a347a524aef77ec9,929b6de5341a3365,,866d3861d5555005,,,,True,development_group_overlaps_official_test
data/raw/nickparvar_v2/Training/meningioma/Tr-me_404.jpg,meningioma,1,train,305,337,6dd5943d1831c3b133d5e8cbe5a3f87087256db4ac6af3e8878df2a0255efc87,4b4e4daa75e185d9487841c33b93f283f9b9fccd8db29b1a679309d37e889b3c,91d91b216f656ce4,,ce80419d8dd8d53d,,,,True,exact_duplicate_of:data/raw/nickparvar_v2/Testing/meningioma/Te-me_101.jpg
data/raw/nickparvar_v2/Training/meningioma/Tr-me_416.jpg,meningioma,1,train,512,512,a941f05c3aae124fc6496ae095c76b8a1361579eda0f873cd9f10aa7b1e20939,5877cba0378abd20b998df1abf382e11ea31a190e3e3e29e537086dfe0ed903a,c3692d3434d2739b,,25e43a11ce4be314,,,,True,development_group_overlaps_official_test
data/raw/nickparvar_v2/Training/meningioma/Tr-me_418.jpg,meningioma,1,train,512,512,c6f2d09f007c950bea3adc4298d5aedfe60187beafe26df9120fece18915d583,a3e8c89ba7df1302524677e6b377ce9aeaaf064162841d7dd90ea66f92e05c06,c2693db5309a639b,,499354a4754c80d2,,,,True,development_group_overlaps_official_test
data/raw/nickparvar_v2/Training/meningioma/Tr-me_42.jpg,meningioma,1,train,512,512,35e81a1b763295a5acecb1f54478b2ce1583ab334ad71f7e368043ab5ef176e8,f041d667ca0082a27e6aac7a8456ae8e6a52ad2713b9fa3267284d9a7889b3e7,c1682f253ccf3c3c,,655cace58b02a1f7,,,,True,development_group_overlaps_official_test
data/raw/nickparvar_v2/Training/meningioma/Tr-me_421.jpg,meningioma,1,train,442,442,f260fc621e5ae555a5eaaab2dcb29d491386a3849191b0ff9556bdf18a5ada76,1f82d908732f0949128de8cbbe847ed2b51a176d81c0978e27b4146935535694,c23f2df0700f36d8,,a9dbcf6e48b2e512,,,,True,exact_duplicate_of:data/raw/nickparvar_v2/Testing/meningioma/Te-me_208.jpg
data/raw/nickparvar_v2/Training/meningioma/Tr-me_424.jpg,meningioma,1,train,343,367,09efecdd6ab7be71c5bce1f0b9d293ca126d1b49c5f1c7c6baff17a65fbbf8c9,4969bb39fd023be34aba326668be5ed937ad2af8d5a4627c1fbb90326382c0da,9492166b794e6ae9,,b1e83aaa42c9b52b,,,,True,exact_duplicate_of:data/raw/nickparvar_v2/Testing/meningioma/Te-me_49.jpg
data/raw/nickparvar_v2/Training/meningioma/Tr-me_432.jpg,meningioma,1,train,341,395,e2c7bc9c2d735e5b584b329f5cda1aec1f2415b2972c4aa8efc8d0a61e61b280,6ad6c220baaaf5a8c445f00bbb97d8d825bbd4896382344442c8cc5e643137f6,c50c115b4e3f7ce2,,2372991963cf1bd8,,,,True,exact_duplicate_of:data/raw/nickparvar_v2/Testing/meningioma/Te-me_179.jpg
data/raw/nickparvar_v2/Training/meningioma/Tr-me_435.jpg,meningioma,1,train,512,512,49015205f06081a262490c8de5234054d9abdfa0457a479b74760f671a0b1550,b431e6d71b41d09ae423d89595464f590585010d245a1fe36ef284b1d3a879d8,97696a6131a566b3,,34887719a61e075f,,,,True,development_group_overlaps_official_test
data/raw/nickparvar_v2/Training/meningioma/Tr-me_437.jpg,meningioma,1,train,442,442,edaff90338db46c64d17412392dc68cd9493db0ebc3211c51a93021baa25ef09,e70b0e68c29e08a7f5a17ea81d9c0843f906c2719a289f6000dd6507edde1359,953b6a3c25e4708f,,44c3411cb853e796,,,,True,exact_duplicate_of:data/raw/nickparvar_v2/Testing/meningioma/Te-me_197.jpg
data/raw/nickparvar_v2/Training/meningioma/Tr-me_444.jpg,meningioma,1,train,512,512,fca372e5646fd82756b1e6c1e75e0aa44a2b2243e6beabb2a445468e3c2575bb,0e523293e2e4a11e5269f28d1ac5afe2ff0b0c3818dc41552e3469ada1b64bd8,846b4e71693978b6,,6d702f41bdf0e008,,,,True,development_group_overlaps_official_test
data/raw/nickparvar_v2/Training/meningioma/Tr-me_447.jpg,meningioma,1,train,512,512,4e6e9867b99160e8a0c65a241bb21a855dbaded140618a604d0fb3215951df9e,187fa8b0327b0e9d7b6e5d74bb352271c9e633a5b874caa3244214537fa41025,d06e2f3d75b016d0,,48d3548024435c1c,,,,True,development_group_overlaps_official_test
data/raw/nickparvar_v2/Training/meningioma/Tr-me_450.jpg,meningioma,1,train,205,251,df42fa96f4e750ec67b95889f912770e0408328899912b9497691c99e3fb63c3,d666f7a9ac1bc893f3441b92e25a9dc6cded6c35c14f31840faf0ad2cc41e917,c5cf3a382ed12d86,,b93b30bca81de30c,,,,True,exact_duplicate_of:data/raw/nickparvar_v2/Testing/meningioma/Te-me_251.jpg
data/raw/nickparvar_v2/Training/meningioma/Tr-me_453.jpg,meningioma,1,train,306,306,80dc72314701e8e722242e0e012c4c67f3a6d38b61138a9a01e251ae779190a4,fb5d493e0c07e5903a1962fe22d06e7cd1fadc93d2acab5fc11c5f7a8e8f2c96,c439594f3a6aca39,,9f6592bda4c4ba3c,,,,True,exact_duplicate_of:data/raw/nickparvar_v2/Testing/meningioma/Te-me_171.jpg
data/raw/nickparvar_v2/Training/meningioma/Tr-me_458.jpg,meningioma,1,train,554,554,ce8b974baddb2dc8bac4115b3f5c9c3006cd7a0134c3722906ef5c08d3294150,16287eb4c6c3e44cc9c2274469f06f54eb1dfe003ea877b22cdca62eae29e820,901a7f616de436a6,,e13b607ea88630d1,,,,True,exact_duplicate_of:data/raw/nickparvar_v2/Testing/meningioma/Te-me_96.jpg
data/raw/nickparvar_v2/Training/meningioma/Tr-me_464.jpg,meningioma,1,train,591,650,eca47283498dca90a78adbac146a0c95a7352e944d7364f3d3f46adf4c60357d,1ffaa77eb59abde152bd43ec31feaba7f5941cb112fb9e648241a8d8a3b646c5,902d4ab26dda3dc3,,04764e0d4af7db31,,,,True,development_group_overlaps_official_test
data/raw/nickparvar_v2/Training/meningioma/Tr-me_465.jpg,meningioma,1,train,225,225,e465760e8b0ca460951cfa70174020194061c32793bc236212be4280a8b25a6e,0b0a8c6d87635f3676a33c5d3b6e5f80af3af852b545bcaf3ec71aff701abd31,c23f2df0700f36d8,,a9dbcf6e48b2e512,,,,True,exact_duplicate_of:data/raw/nickparvar_v2/Testing/meningioma/Te-me_202.jpg
data/raw/nickparvar_v2/Training/meningioma/Tr-me_467.jpg,meningioma,1,train,512,512,92d4f4663661fdee2af01b2fea32bdad27e7270d1470fb3327bbe189636bf232,bb381b4bded66da59d09560499db36bcc1ab5f0ee92b696b9348a3f1e14d8443,933e6ce13196266d,,fc3e1d4722e3e83c,,,,True,development_group_overlaps_official_test
data/raw/nickparvar_v2/Training/meningioma/Tr-me_468.jpg,meningioma,1,train,225,225,e6ca19cc14a4c5dfaee656165c5b8c93608ab5adb96c354b15fec32fd3249857,7d9e3b7594b22e7eefa0fa08f64753fc0f218a7c4f5d894a9a09a4fe0b42260d,901a7f616de436a6,,e13b607ea88630d1,,,,True,exact_duplicate_of:data/raw/nickparvar_v2/Testing/meningioma/Te-me_50.jpg
data/raw/nickparvar_v2/Training/meningioma/Tr-me_472.jpg,meningioma,1,train,212,237,bd694839a7b18d8a031c43a2e76ea7603925ba43ac1349cf094d88e8c76ded6a,3a8c13c830346fe7c407f923b595741d412064e8d082e27e650c23a33c57b978,90764f6932cd6d32,,58b417eb2120e836,,,,True,exact_duplicate_of:data/raw/nickparvar_v2/Testing/meningioma/Te-me_190.jpg
data/raw/nickparvar_v2/Training/meningioma/Tr-me_474.jpg,meningioma,1,train,512,512,a427fa312cb3d0c36beeb8132403e52c0b1f1730158791a7dbbe284e6889b477,fd39cdb04242da49de13f4d44b76ad2e410d1e8c654e663bd2fcf11f08b80aaf,977a68a5619a6749,,d8535fdd85c06bdf,,,,True,development_group_overlaps_official_test
data/raw/nickparvar_v2/Training/meningioma/Tr-me_479.jpg,meningioma,1,train,530,526,b7e81c22bf6e933905cee1abef434f59f4f597b36e290ed1952c8adf3e23652b,0b4d91bce97caee6650698d3d263a5e02af14df663df6e13540b86557ca385fc,945a4b693e357865,,7d3a962059b9daec,,,,True,exact_duplicate_of:data/raw/nickparvar_v2/Testing/meningioma/Te-me_278.jpg
data/raw/nickparvar_v2/Training/meningioma/Tr-me_486.jpg,meningioma,1,train,214,216,f3fec5bf88028bff924a9866b3efc5711b6a4f4f1bce52692ddef89db1d2996b,b2553c90b30a47be3927f9cad6c5f4f45168af39cdb9f56d8415e2ad0bcfbee0,947a4b693e257865,,7d3a962059b9daec,,,,True,exact_duplicate_of:data/raw/nickparvar_v2/Testing/meningioma/Te-me_8.jpg
data/raw/nickparvar_v2/Training/meningioma/Tr-me_489.jpg,meningioma,1,train,295,394,29f768db76550147701feec1b895611e5bf285b3d7908187ce65e1c7d1609ddc,90695ea7ebe18c8dbe85fad367b73d7f1b2c72e7382f23e4c05801dd4e524324,97c24a6d3fbc64c0,,2d531aa572cfb232,,,,True,exact_duplicate_of:data/raw/nickparvar_v2/Testing/meningioma/Te-me_213.jpg
data/raw/nickparvar_v2/Training/meningioma/Tr-me_492.jpg,meningioma,1,train,512,512,67d5ea06379513aa119368053fd81c336310361cc476eec56235e510a2bcc377,d85eb95f3bc79d3cfe7dd0b7fc9366b036e6a9a67add3e48fc09111437a48f86,c02f3b6d2d3434f2,,569c24ede5603498,,,,True,development_group_overlaps_official_test
data/raw/nickparvar_v2/Training/meningioma/Tr-me_497.jpg,meningioma,1,train,219,234,995eefcf311b352e0f1e8855db68f9c40e8aa033f422663b715860c76aa4b1db,6e3970b97ce684fe01f7aa40c5eeb758b4365b9ff5ed98734fa6eab60fb70687,90c24f9b3b253cda,,01ff19c52a8f96bc,,,,True,exact_duplicate_of:data/raw/nickparvar_v2/Testing/meningioma/Te-me_228.jpg
data/raw/nickparvar_v2/Training/meningioma/Tr-me_50.jpg,meningioma,1,train,472,546,9caa6d599f0ac5f111c5d81e3ac9c67be237310a05cad476d63e111b31725152,c95a371a2e532b6980c561ae2288619bc457bd6d5083bc92a44762e12e367662,954a4a92164f7adb,,73ac4061f50a1eab,,,,True,exact_duplicate_of:data/raw/nickparvar_v2/Testing/meningioma/Te-me_277.jpg
data/raw/nickparvar_v2/Training/meningioma/Tr-me_500.jpg,meningioma,1,train,512,512,5e510a88f5471cea9be2e6ad5773e6d66784d0896a2b0fe40b550311fdb3202c,d98ed2ac811d622fc0cef3f624534ac4e803825ddcff6c64a10110a8b02e0f48,d06b2d3437c6d9c8,,1ff92a9945a4a4ce,,,,True,development_group_overlaps_official_test
data/raw/nickparvar_v2/Training/meningioma/Tr-me_508.jpg,meningioma,1,train,512,512,db9384e1a2ce28555ab52dc93fbef62aa9e30b0ef287a886cc7b6815e6ba1228,5a77220cd000ffeab219d07636718403ce042de1188f6f47415d7d0e343b5610,c02f6b6d3d3430f2,,569c24ede5603498,,,,True,development_group_overlaps_official_test
data/raw/nickparvar_v2/Training/meningioma/Tr-me_52.jpg,meningioma,1,train,304,410,ac3b5057b4ed5d49532b1a442243bdb6cc9e5ccf417421c0a0fbf7478a50c504,5effaaaa00d7b944f860bd3f798039c8a362bb243a29d2649bc65c7823b8c319,91b34e4c3d9d6ce0,,5e39ce59afc3bdb6,,,,True,exact_duplicate_of:data/raw/nickparvar_v2/Testing/meningioma/Te-me_187.jpg
data/raw/nickparvar_v2/Training/meningioma/Tr-me_529.jpg,meningioma,1,train,512,512,083a956e37459fd225cec6467ba136502bfe79bad88eb7dd5b4f4e761074de03,41fe3b535cd3d62e3f7de96a3290216f4f0d08abf18b351399645d171592a64d,c2f63d3934ce7038,,bd8b112b4ad6c2bd,,,,True,development_group_overlaps_official_test
data/raw/nickparvar_v2/Training/meningioma/Tr-me_530.jpg,meningioma,1,train,323,342,c4eae93e7fb065a8f96e0c916bced76f23e218331d5c540451200114f1dc4084,3219c7b9ff97036bf2ec8a01522b6e163de226eed3263e9f8d4ee3c83b8e26c4,907b6be53c9668c2,,2e3f35171425e36f,,,,True,exact_duplicate_of:data/raw/nickparvar_v2/Testing/meningioma/Te-me_105.jpg
data/raw/nickparvar_v2/Training/meningioma/Tr-me_534.jpg,meningioma,1,train,455,500,24f09f91af40e42f2798bbc29df353ce17e6a0c0b533fb923b2fa8f75df6b496,c5184dfddc7099fbc89d86ec238630dfe1140937272d80a1c2aa5024d3d916e9,c4736ead39cc3984,,6d143deb4372c400,,,,True,exact_duplicate_of:data/raw/nickparvar_v2/Training/meningioma/Tr-me_339.jpg
data/raw/nickparvar_v2/Training/meningioma/Tr-me_543.jpg,meningioma,1,train,213,237,4951f7ba2e002020c835b3f50136c3249f3ae004624b35a262e65dd431d70e56,1daf25aa0e36bcdf71c0073ed44fe4ed67c136633c7ab20c398eaf91f6867d53,c0e2193dc7e25d39,,019ff34e275f7baa,,,,True,exact_duplicate_of:data/raw/nickparvar_v2/Testing/meningioma/Te-me_252.jpg
data/raw/nickparvar_v2/Training/meningioma/Tr-me_547.jpg,meningioma,1,train,512,512,7a150a1c581ccef225181a00f0b01518438bbcb6aee85c925746f2af3d8d0f63,d99001b86d336b063ffc038495c5e05de11e8e6cae7e361b65f34085bf41d29c,d06a2f2d7cb53072,,0230705967349d48,,,,True,development_group_overlaps_official_test
data/raw/nickparvar_v2/Training/meningioma/Tr-me_553.jpg,meningioma,1,train,217,232,e06cbd846ceb5fc12ef5b7407d421fe2ed2641de68cdfc6ba64ea4bfa85d8fcc,1c8521f678855744fb7e1781677be45dd80c7953421ac841671a5df73a212af2,841b57797a9668d2,,926f6efd20760c4a,,,,True,exact_duplicate_of:data/raw/nickparvar_v2/Testing/meningioma/Te-me_259.jpg
data/raw/nickparvar_v2/Training/meningioma/Tr-me_556.jpg,meningioma,1,train,512,512,fd5ae8ca80af53eadf86a19a5e28e90710cc795a48df9d68052fdf771bbbd274,f531746109bd108c74190b8023a71d3eccecf2cf309801b56e99b9b51014ac97,c16a2f253ea57836,,bdf3dde692f97c03,,,,True,development_group_overlaps_official_test
data/raw/nickparvar_v2/Training/meningioma/Tr-me_557.jpg,meningioma,1,train,226,214,c8f4e6c756ce13736de8efe827079034e0265bd4dc9379f194c819c90dee49e1,8e4d80b7d76a6a8f73df6fb89bd66d26d9bc92238d2421fef3c4cea78a441e2b,950a76796ae06b35,,e45c2add6d262bd4,,,,True,exact_duplicate_of:data/raw/nickparvar_v2/Testing/meningioma/Te-me_138.jpg
data/raw/nickparvar_v2/Training/meningioma/Tr-me_561.jpg,meningioma,1,train,341,395,e2c7bc9c2d735e5b584b329f5cda1aec1f2415b2972c4aa8efc8d0a61e61b280,6ad6c220baaaf5a8c445f00bbb97d8d825bbd4896382344442c8cc5e643137f6,c50c115b4e3f7ce2,,2372991963cf1bd8,,,,True,exact_duplicate_of:data/raw/nickparvar_v2/Training/meningioma/Tr-me_432.jpg
data/raw/nickparvar_v2/Training/meningioma/Tr-me_567.jpg,meningioma,1,train,552,527,457fb9e8f89362f5ac7a4e6a869d55ca53e1cf3a40ca9a37e830d6475ebac5b7,15aaf89fda5b5f108d7e1ee731d245ccf8fe7ed06b4c40edfc0869dae43a508f,cbcd3c9c3036726c,,73ef4025c79c08c2,,,,True,development_group_overlaps_official_test
data/raw/nickparvar_v2/Training/meningioma/Tr-me_568.jpg,meningioma,1,train,512,512,9793890c7897afc841b9d8866128850ab507aaeaa0e2eaf4d40d2e38b617cc7e,d66bb68ff73846bd1a1d9def512beb4f29bbec614821e4beeebe81b9a01dfa53,9e696986671a9e29,,2992cf7f8fdc955d,,,,True,development_group_overlaps_official_test
data/raw/nickparvar_v2/Training/meningioma/Tr-me_583.jpg,meningioma,1,train,225,225,8a78218d3ea57c7e537c14609d48154a1cee9748243fff43f287db8c1957d11f,5b0e82a08de44c075d28949a85f1227c4701218b70c4bc3f5070af8bdb4a9df1,9b6c6c933166c399,,838d999c8da5e3a9,,,,True,exact_duplicate_of:data/raw/nickparvar_v2/Testing/meningioma/Te-me_82.jpg
data/raw/nickparvar_v2/Training/meningioma/Tr-me_586.jpg,meningioma,1,train,512,512,ba26d02f1509302942f95c700fe0d657c70c029888020dd1aab74385a75087be,259afdcdb87a139232dfa285a15e2798ad7d93f3157a334334dd7faa630c0739,c23b2de074c3b6cc,,5e7b839444937f9d,,,,True,development_group_overlaps_official_test
data/raw/nickparvar_v2/Training/meningioma/Tr-me_588.jpg,meningioma,1,train,512,512,d886c9df6e7dd3205cd82ec24e3445daa63ee70f6509fd84cce21f1232776176,3ba784730ba5eea6dc8dfedfb40ef3e98686c75c5e8d411b9342ee0f970bb37a,c03f6b2d3fa43832,,2f9cd3473d17ef8b,,,,True,development_group_overlaps_official_test
data/raw/nickparvar_v2/Training/meningioma/Tr-me_597.jpg,meningioma,1,train,213,236,6340faba2fff3a8e99b8a8a08805383f95adf276c2468136af37199cdbd87f33,8ebfc58278f4fd239e8b31b2c0f509281fdc785191594feb6f8d1bddb50bfbf1,d34b2ea438e56593,,0430372f282d3e18,,,,True,exact_duplicate_of:data/raw/nickparvar_v2/Testing/meningioma/Te-me_290.jpg
data/raw/nickparvar_v2/Training/meningioma/Tr-me_598.jpg,meningioma,1,train,512,512,8c52e46713c3f81674ca2dd61485e0e047945d14a5922d070affb14e1a7043af,228c9439fbebc15925601a35c754c395a00fde1418bff1727783c692679fa8f5,c23c3dc330cfd31c,,8d1626fa595b71b1,,,,True,development_group_overlaps_official_test
data/raw/nickparvar_v2/Training/meningioma/Tr-me_60.jpg,meningioma,1,train,512,512,c6e8617297566fce8a711b96cad066cf12f38536cb1f0715433d1a63c8a18007,214e164daa765cfbc91a59da2a1cf4382b6282f46c5b6cbfaf6e4528e5282690,c02f6b343db432f2,,59b18f33ea385075,,,,True,development_group_overlaps_official_test
data/raw/nickparvar_v2/Training/meningioma/Tr-me_609.jpg,meningioma,1,train,512,512,6e5ca8d2cbba5c2a2633f42b799660ff02b02dec3cbc72cc6263797f759137ea,c1bd1e1702828695d7cf528713672bbf0ee9d5617e3cc0a6fbcb62df63e669c0,c26d3db4309333cd,,e4366b0dbf74aae4,,,,True,development_group_overlaps_official_test
data/raw/nickparvar_v2/Training/meningioma/Tr-me_616.jpg,meningioma,1,train,200,235,e29bcad3a9669e308de687b578cb0b414b4fd17020fc63b1f350b06026337139,45aa0152507cac1f78e771108d3be072ac2a5d5dd1b87a561101d76b5dcee8b5,954a4a97164f7b58,,623ded0e00b634f7,,,,True,exact_duplicate_of:data/raw/nickparvar_v2/Testing/meningioma/Te-me_180.jpg
data/raw/nickparvar_v2/Training/meningioma/Tr-me_622.jpg,meningioma,1,train,512,512,13d08e8ef10ff5a79c5b61032e2ddb77be86fe5c9e5c4466452c4b48a985f21d,57c0a5f3dcf386441603ec6050d5e8b5c96a019df37204936da94eb8829f800c,963a68e56586f698,,8442d676b1519825,,,,True,development_group_overlaps_official_test
data/raw/nickparvar_v2/Training/meningioma/Tr-me_628.jpg,meningioma,1,train,512,512,87fcc40c8b78be67e89584493312173a8712b6764863f141088aa8b69ad55565,779123a8ade3970542a82f739a97d7e2ed8e461b2b7041bd326045c6c46a21fb,921e3be0614f679c,,45cd0424cc983b1a,,,,True,development_group_overlaps_official_test
data/raw/nickparvar_v2/Training/meningioma/Tr-me_635.jpg,meningioma,1,train,512,512,11daf07bd3397eb098f97d3d97e7e56f0122a78d89c3d82780b69d99c5a63462,bdcad16fc947e77b317af1acd6582e301958d2d09bd3b1d01ba1464ec3c4c254,876978a7309a63d3,,dafb24e228d63153,,,,True,development_group_overlaps_official_test
data/raw/nickparvar_v2/Training/meningioma/Tr-me_636.jpg,meningioma,1,train,512,512,7301405d8487faeb7b2de0d4fa3bfeb990868b71899bfcc298ac688c0e44f2c3,7c3b65fdf9f758f62bd68ef0b1203f304c00efd9cc72b6f701e4c3449b15c8b7,c02f6b3d3c253936,,8162fa2b611d0a6c,,,,True,development_group_overlaps_official_test
data/raw/nickparvar_v2/Training/meningioma/Tr-me_639.jpg,meningioma,1,train,528,581,7145b21317f3aaaf1d5d68132cbaaca5b7cdf4042e1b7ecf3c4c95b405a06655,adb783e61366bfa41641e8cbf2b1717be85f4dc4f8bab410db82e786dba6baec,902d4ab26dda3dc3,,04764e0d4af7db31,,,,True,exact_duplicate_of:data/raw/nickparvar_v2/Testing/meningioma/Te-me_214.jpg
data/raw/nickparvar_v2/Training/meningioma/Tr-me_661.jpg,meningioma,1,train,225,225,43d69187c66f53cf5bbfaad79bdeda18678b2bde8f1c144c051e4a8ae1f53fe5,264c8d5555b1ffab08aca7cf08db4239265be78aa5c67a3310882e11c779b343,954a473bb26d6893,,9bffd3851bdfa804,,,,True,exact_duplicate_of:data/raw/nickparvar_v2/Testing/meningioma/Te-me_205.jpg
data/raw/nickparvar_v2/Training/meningioma/Tr-me_666.jpg,meningioma,1,train,212,237,5cb7df105e6f8ded5c798d540089ec9e5170b068992d8451881f872bcd46c41c,76019f34e519dc601ee658da6e6ec85838c0d0c2bf9bf98d465021e5d3a1bba6,91c21e976ecb4b8c,,9d3a010c349416a3,,,,True,exact_duplicate_of:data/raw/nickparvar_v2/Testing/meningioma/Te-me_137.jpg
data/raw/nickparvar_v2/Training/meningioma/Tr-me_669.jpg,meningioma,1,train,512,512,5f3a684964a423e4d2456ef3311383bdf0ea4018609307ca3fe3be67d42a2156,3e2d27bb35cced1fb276e022a07a7ecfa2f4081de7eabf0063c5bfa58e4a1751,c92e2ed139c67299,,553b2bf4a6a45ded,,,,True,development_group_overlaps_official_test
data/raw/nickparvar_v2/Training/meningioma/Tr-me_678.jpg,meningioma,1,train,206,245,51354c7bdca6dd0d7a03ed215d768df8ab0db7f7831226e3b90af30e5863bc8d,233faff6de57ea9e0ef7f7d33c141d2fc3067b9318a025f91282643aa67a5454,c4ca3b692fa738b0,,22ae9badab6d9b58,,,,True,exact_duplicate_of:data/raw/nickparvar_v2/Testing/meningioma/Te-me_62.jpg
data/raw/nickparvar_v2/Training/meningioma/Tr-me_680.jpg,meningioma,1,train,512,512,d620cb0e3d960389b9a5a9684831c19e88736d2941e9bdb6b6a5a57effc79507,c7492cacff780bb57be06a7a2e4891bb60f76a4c4a1f6c23dcdbf1559f27e7e1,87687a257095d3d6,,46ccf487de5408c6,,,,True,development_group_overlaps_official_test
data/raw/nickparvar_v2/Training/meningioma/Tr-me_683.jpg,meningioma,1,train,512,512,3b7d1314e0187929a5ef5813ee5b954e3ad4973e4045d0d08141a385d5e14ebc,304fb6f3475ea4ab132af0c5a0fd1eb4fb79a98935c7a9a5a24bd7827b20b6f6,c1682f253ecf2c3c,,655cace58b02a1f7,,,,True,development_group_overlaps_official_test
data/raw/nickparvar_v2/Training/meningioma/Tr-me_684.jpg,meningioma,1,train,313,393,7efcd87636c28a674f2abf3bc6255eb1e786c12f40e794e4a3292c7381be4f66,8a0ec0e6a04eeb9348b4b5558c50a5c30296281145f2f1674425533920c7170d,c5c74a3d3a383b38,,98654b1e4acf2b7f,,,,True,exact_duplicate_of:data/raw/nickparvar_v2/Testing/meningioma/Te-me_29.jpg
data/raw/nickparvar_v2/Training/meningioma/Tr-me_688.jpg,meningioma,1,train,441,427,ae8aa3c5ee2590c27b3ce8b795ee1d76d399da54bb4682fe01ea50f8fd15aac7,3f3bee641bcb38c6bd725e6105e4bf1cd7938ec8e2e7ba425589752693247a9b,c73c1ac93ce1633c,,9debf9e4e5e0d71e,,,,True,exact_duplicate_of:data/raw/nickparvar_v2/Testing/meningioma/Te-me_229.jpg
data/raw/nickparvar_v2/Training/meningioma/Tr-me_691.jpg,meningioma,1,train,512,512,80c7bc3cb769d96b6974160f1fff584b1dbf696f0f23e8e6ed57345f1b527719,32a1dcd8a8ab7eb2abe30c07d8c601825eb6ad4e3fe50f6ae4bc1ae8a2b82f93,c2693db5309a639b,,499354a4754c80d2,,,,True,development_group_overlaps_official_test
data/raw/nickparvar_v2/Training/meningioma/Tr-me_705.jpg,meningioma,1,train,512,512,b75d3b17c45d310834ba37802dac2af44f72f92f033af6e5279ce998786abdc1,d81d94f9da839b92cb16d348381405887b6009d15ccd0e56d6fe33a42ab4ac94,876978b5309263db,,dafb24e228d63153,,,,True,development_group_overlaps_official_test
data/raw/nickparvar_v2/Training/meningioma/Tr-me_706.jpg,meningioma,1,train,216,216,8ae6b462e807908c4ee9ed56dfedef1c5e0151e543d820be29803cd56e4c38ba,d91c83ab753b997892175a9a4f2ecbe334447d5462fb9e49abf5bfe8b4b45148,c13e1ee16a3c69e1,,097e1c1e1a5f1cd8,,,,True,exact_duplicate_of:data/raw/nickparvar_v2/Testing/meningioma/Te-me_121.jpg
data/raw/nickparvar_v2/Training/meningioma/Tr-me_714.jpg,meningioma,1,train,554,554,1db9c81ca21c0ec3f145865ef84c439d9e3fd951b8478cef6a3a2d31a6e7c5d1,e7b71292c8d68fc9b0f9d514da973d5b63e90b2be9d79bed8f2c90020736c170,901a7f616de436a6,,e13b607ea88630d1,,,,True,exact_duplicate_of:data/raw/nickparvar_v2/Testing/meningioma/Te-me_61.jpg
data/raw/nickparvar_v2/Training/meningioma/Tr-me_715.jpg,meningioma,1,train,330,355,7aed0c5305f66cb3c67a0d617ef6e73e3f965cff91bedcc3bc074fba768d152e,0e80f7eaf589bc7a1a87736ce2f4ac930b9f82642b8ada52c9e0c2f1f8b7ad20,81d0175fb22e666e,,67300dbcc3d15cae,,,,True,exact_duplicate_of:data/raw/nickparvar_v2/Testing/meningioma/Te-me_9.jpg
data/raw/nickparvar_v2/Training/meningioma/Tr-me_717.jpg,meningioma,1,train,315,341,bdcb36433384ba17ee22c69a3e4f9149b20b69ecd85dd272a80dda704aff0aa8,2abe001e5212bb6d0b8597097498f65f5a079da3e2536cd12c4f09359b727972,d0d90ba16b676566,,5465f128ca9652f9,,,,True,exact_duplicate_of:data/raw/nickparvar_v2/Testing/meningioma/Te-me_75.jpg
data/raw/nickparvar_v2/Training/meningioma/Tr-me_718.jpg,meningioma,1,train,512,512,f8e9cf980bdac1de7740d880c4f9fe47efdb4668fdd804c1e795b8bf2632d066,c7a64945ec897e131005f48fcea5d46c29bdda2c01be20dec4ab663cb3b43f8f,876968b5309a63db,,dafb24e228d63153,,,,True,development_group_overlaps_official_test
data/raw/nickparvar_v2/Training/meningioma/Tr-me_726.jpg,meningioma,1,train,213,237,4951f7ba2e002020c835b3f50136c3249f3ae004624b35a262e65dd431d70e56,1daf25aa0e36bcdf71c0073ed44fe4ed67c136633c7ab20c398eaf91f6867d53,c0e2193dc7e25d39,,019ff34e275f7baa,,,,True,exact_duplicate_of:data/raw/nickparvar_v2/Training/meningioma/Tr-me_543.jpg
data/raw/nickparvar_v2/Training/meningioma/Tr-me_727.jpg,meningioma,1,train,512,512,2ac5ec24d5501be6c5b23d23ee86df06cb86a95fc52920eb8e657581edc45e0a,df12136d2c7ffa9af1b986a469b604d0fe0f81b90bfef215359bb6884932019e,c33c6b7835c33493,,790493eb82f63db3,,,,True,development_group_overlaps_official_test
data/raw/nickparvar_v2/Training/meningioma/Tr-me_737.jpg,meningioma,1,train,212,238,9baac7589f86296c10c7ba8cc026cd6f975fea93d53a82991baff3fee28af182,f1f84d26f827915431179caecfdd9fc2ee6eec784baaa82cf26d3f4cb56075cd,c04fc00b1b3f3fa5,,1d5258e44a43465a,,,,True,exact_duplicate_of:data/raw/nickparvar_v2/Testing/meningioma/Te-me_175.jpg
data/raw/nickparvar_v2/Training/meningioma/Tr-me_740.jpg,meningioma,1,train,221,228,18f69cb88362d858b70ef6e119ad2676bb82a0e5e4103352949fc6ee8a2d9b8d,ee46ae247a3ab95e4f9959032e4a0016cafaf2257e4bffda4796ba0f662eb9cb,d50b1b993ae46ce4,,b035872e92a0bbd5,,,,True,exact_duplicate_of:data/raw/nickparvar_v2/Testing/meningioma/Te-me_81.jpg
data/raw/nickparvar_v2/Training/meningioma/Tr-me_753.jpg,meningioma,1,train,252,303,99f6632afb9629ee8b0f9994a819e797ff7f1513c471da4fda70e81420eb6f51,fbea1e5aae4ae6cc190bb6f938b98a2df3c7282c04fabd5621a1e8747e401b57,a40b5b951e6af239,,4d1d7a51546cee09,,,,True,exact_duplicate_of:data/raw/nickparvar_v2/Testing/meningioma/Te-me_206.jpg
data/raw/nickparvar_v2/Training/meningioma/Tr-me_758.jpg,meningioma,1,train,201,251,301c9f4242d3f7208d7099e307f6de9865b31d6b9d6d71a76e52344e9b84e90e,6d1a107d6473e6b1de82d08fa732ed29a488b0edee26bc7c1da53796ec88f3ce,910666bb9acc6fb0,,f5e48d24e5709bba,,,,True,exact_duplicate_of:data/raw/nickparvar_v2/Testing/meningioma/Te-me_162.jpg
data/raw/nickparvar_v2/Training/meningioma/Tr-me_760.jpg,meningioma,1,train,314,358,df3b60233bc68318448f9d2cc3ca4cfffe663807569eae0dc839e3a97d262117,788339b8754622844f01a86a19b6f6f0e6bdeede0c47a0dcd7875011606f28a2,c5270f7c1be44ac6,,a2e8c8b4f9ee4a2f,,,,True,exact_duplicate_of:data/raw/nickparvar_v2/Testing/meningioma/Te-me_234.jpg
data/raw/nickparvar_v2/Training/meningioma/Tr-me_762.jpg,meningioma,1,train,512,512,5776354c82f75ed25b033499e4eced0b77beca5ac9f775eb27a86440a03dc050,6f37afbc9dd3249d331bb7331fbcd177d45ca3e09e7e0f30806c01ae1fe85ca7,9e696996659a8669,,2992cf7f8fdc955d,,,,True,development_group_overlaps_official_test
data/raw/nickparvar_v2/Training/meningioma/Tr-me_771.jpg,meningioma,1,train,341,372,62de21ad35edc274140c0f364d02f6e9117af8dc98e56e344bce8b219657197b,0e13182a6ce1184c0c8b941cce825c7e38be163226ff7e909f7460f64043631a,c4270ff80fc46cc7,,7eac020b371a27e1,,,,True,exact_duplicate_of:data/raw/nickparvar_v2/Testing/meningioma/Te-me_19.jpg
data/raw/nickparvar_v2/Training/meningioma/Tr-me_773.jpg,meningioma,1,train,512,512,4e59dbda748f414bf4ea2045702210d9392b569c42ca39091ed2b0e0bbd1f253,44c94e9c4fa927721fb13a48b1e8da039c1c92e906dba442b3de18255588970e,d1782e8761dab619,,f609c6f74009102c,,,,True,development_group_overlaps_official_test
data/raw/nickparvar_v2/Training/meningioma/Tr-me_774.jpg,meningioma,1,train,512,512,6fbb477712c85964f6f10d62b4b0e3c1aa75d4207f89dfbe7bc17ba271f3971f,143e28b1a413905381753f3335a22eb6121a551c5d6d52d2c9dd21f8aeb0ef76,c04e2b3d6f353c34,,bd30126ac6f11d2c,,,,True,development_group_overlaps_official_test
data/raw/nickparvar_v2/Training/meningioma/Tr-me_776.jpg,meningioma,1,train,291,340,704920b952a5b39458c8878301a01e0a109fbdd81f06c502346f6c03913de5ca,81b868271b203e96d88fc9397ed36399b0fd702c608872d7c68e9af5a7c0d931,c11f156b3f3e4168,,ca7fd3f87a8e5e1a,,,,True,exact_duplicate_of:data/raw/nickparvar_v2/Testing/meningioma/Te-me_253.jpg
data/raw/nickparvar_v2/Training/meningioma/Tr-me_793.jpg,meningioma,1,train,512,512,31fe2fd6835e25ef2b1700187001432ce685c684b5233619be97866742b777cd,fe54023cd078897ce54671cede2a7296a3e75c38b5b1ff8e68ccbce27cc644ba,c23b2de164c736cc,,5e7b839444937f9d,,,,True,development_group_overlaps_official_test
data/raw/nickparvar_v2/Training/meningioma/Tr-me_799.jpg,meningioma,1,train,224,219,f9d94f5dbe03a80e7725fbfd4927ef965bf852983da2497e40addfab16c94a3e,ff1ed97465a9aa59a24b75f1f14a108e0bbb3de8b13667ad5d00b0ff1acdfa7b,c73c1ac93ce1633c,,9debf9e4e5e0d71e,,,,True,exact_duplicate_of:data/raw/nickparvar_v2/Testing/meningioma/Te-me_293.jpg
data/raw/nickparvar_v2/Training/meningioma/Tr-me_814.jpg,meningioma,1,train,512,512,c05fcc3657c8950f588e6e56d34a278b3e03e283225f08217c21ec4f12063a64,e6f52f435c02dbb87a601ea6737583cff42ab38f064a989940173acc9ff3e0c4,c12f2ed139c67299,,553b2bf4a6a45ded,,,,True,development_group_overlaps_official_test
data/raw/nickparvar_v2/Training/meningioma/Tr-me_816.jpg,meningioma,1,train,512,512,ab3ff5117ba55f255f9dac3795e42eafe2c1101d1f142fd8e052bbf3ba85ed0a,562f7554d91d23356330f05b22aa8b61ef71f974a1717cf4b7c53311e090c97e,c4373b726cc63097,,08df6c5f6bf7597c,,,,True,development_group_overlaps_official_test
data/raw/nickparvar_v2/Training/meningioma/Tr-me_827.jpg,meningioma,1,train,512,512,16bd8d367b1784c7adeddcd309d48f8cd537f56803d7a9dca57fe1cff0a50d00,e35203adf70f2777a66c7a4ccdd79c365a67b6f6ee542d4eafff32dd3f173d19,c1682f253ecb3c3c,,655cace58b02a1f7,,,,True,development_group_overlaps_official_test
data/raw/nickparvar_v2/Training/meningioma/Tr-me_836.jpg,meningioma,1,train,512,512,09b9031e30e757eb6e648686f0ca412357e86895ebbc52d300d2d0a9305fd417,d5502252f304090d10a7c0c885e17accf9b3ef21e2a20a93d0d2f7135ff5ddc3,97876a4c619b256d,,9110f02b6a47e59d,,,,True,exact_duplicate_of:data/raw/nickparvar_v2/Training/meningioma/Tr-me_1101.jpg
data/raw/nickparvar_v2/Training/meningioma/Tr-me_845.jpg,meningioma,1,train,200,236,699fa8d35abf23b9730f03bf92107d3414ce08bd874546a16825a3d5c4724f0c,46d98177b8d7e099c488e344d2d73de0504c0755a62ef646bbdc3601b911af58,8ffc544c0ef2c313,,19af654a6253cc22,,,,True,exact_duplicate_of:data/raw/nickparvar_v2/Testing/meningioma/Te-me_126.jpg
data/raw/nickparvar_v2/Training/meningioma/Tr-me_846.jpg,meningioma,1,train,209,241,f1871bee9eb8abe560678ed1f1242f4b1e92dc78b99b183e9ac69ad7f147f8f4,446a948ff7e5a04b4063e278aa8c110bae933b716c4c2be210fe334e88207a85,c1c33e3866c33b69,,68a125554da22ac7,,,,True,exact_duplicate_of:data/raw/nickparvar_v2/Testing/meningioma/Te-me_117.jpg
data/raw/nickparvar_v2/Training/meningioma/Tr-me_85.jpg,meningioma,1,train,512,512,828c41dd54e834a9afb13c81cd20b95151f275362e604dab49046dffdfa71c7a,ef1bc87aa983e1b90429a6e5d4f1b1c1690d1d4c3f33c2f52d582500bf33d662,d0782f8761da9719,,f609c6f74009102c,,,,True,development_group_overlaps_official_test
data/raw/nickparvar_v2/Training/meningioma/Tr-me_858.jpg,meningioma,1,train,298,354,23f28ae3e7fa2f1560f4d1a399198490c4516ca9e5c9e8e54cc54494adc26b22,e2f643e62c3ce13e179256d58341ccc9681afd85e3e1a7c8047710517556b4a4,954a4a95144f7f5a,,623ded0e00b634f7,,,,True,development_group_overlaps_official_test
data/raw/nickparvar_v2/Training/meningioma/Tr-me_86.jpg,meningioma,1,train,455,500,24f09f91af40e42f2798bbc29df353ce17e6a0c0b533fb923b2fa8f75df6b496,c5184dfddc7099fbc89d86ec238630dfe1140937272d80a1c2aa5024d3d916e9,c4736ead39cc3984,,6d143deb4372c400,,,,True,exact_duplicate_of:data/raw/nickparvar_v2/Training/meningioma/Tr-me_339.jpg
data/raw/nickparvar_v2/Training/meningioma/Tr-me_865.jpg,meningioma,1,train,290,342,eb9fb089c64c264e1b69fa99df94d15eaeea7fe1e1abf02067a54bb2c7831900,05069e11eb6191c9f32f19b62fad1a6a8a0ccebcfe22b49ec709d63269d71412,811e63e81eb50fe9,,697cef0c5c7692ef,,,,True,exact_duplicate_of:data/raw/nickparvar_v2/Testing/meningioma/Te-me_111.jpg
data/raw/nickparvar_v2/Training/meningioma/Tr-me_877.jpg,meningioma,1,train,239,224,4dee52eb749d6ef80648eb84b951b084a60543ad6e60e878bfb8c5d5dcfab4bd,2cc757337499d71e1443934d21ebedf8c22763d61f6164dc85957abd8ce5cb01,d10b466c9a9fdab0,,540573c0c906e21f,,,,True,exact_duplicate_of:data/raw/nickparvar_v2/Testing/meningioma/Te-me_109.jpg
data/raw/nickparvar_v2/Training/meningioma/Tr-me_880.jpg,meningioma,1,train,200,252,2675eef8145df6693b593880acefd680b77d1fdb3d719ed36fc478f54baea924,eb3e713647b5f7865e9cbb476af9d0cf6b9856e6f37bb18471acf989550a209d,923a6de4369bca2c,,0de6118403ef41ef,,,,True,exact_duplicate_of:data/raw/nickparvar_v2/Testing/meningioma/Te-me_243.jpg
data/raw/nickparvar_v2/Training/meningioma/Tr-me_891.jpg,meningioma,1,train,512,512,9c29b5b481465aa7bd177d6580d12788ae76266880f230e966d8461eb8acf1e7,4dd8cf29deb3889163d9df4f1d41474200583429a014e459da6458f6d07753c4,96683d3164c7e696,,872dfd837e610888,,,,True,development_group_overlaps_official_test
data/raw/nickparvar_v2/Training/meningioma/Tr-me_892.jpg,meningioma,1,train,512,512,ecd7239367633454d44bbf208a10a7c606564d73deceb947698c432ab1065595,d04065a8656f59121a48005b4530b9ee4e9f4b30d6596bc473a5b5537ba960c8,97696c3961a66693,,9f0094840f1bacc1,,,,True,development_group_overlaps_official_test
data/raw/nickparvar_v2/Training/meningioma/Tr-me_897.jpg,meningioma,1,train,300,258,102ec1a84a997171c48cea71d746215bea0fc31cbf51d3a6ba13bea5194b0bf3,4ad217628e7f2608ebe9a71381d991aeac85aa49ea6ff206efc72a8347f0fc4f,c26f2fa42c3364ce,,0f1788612452ba73,,,,True,exact_duplicate_of:data/raw/nickparvar_v2/Testing/meningioma/Te-me_279.jpg
data/raw/nickparvar_v2/Training/meningioma/Tr-me_900.jpg,meningioma,1,train,512,512,45e2003ab5fc0d91415e7c67300e1a5da63da257283ba0237f11679b478cc9f7,b81aa79cdb4d454544fb9bc98e80c605ddc4423015b024f3428eb345a7aa47c4,c63939c6338fc619,,28a7691ba51dbc7c,,,,True,development_group_overlaps_official_test
data/raw/nickparvar_v2/Training/meningioma/Tr-me_905.jpg,meningioma,1,train,369,398,d3dc17e9beb57b30ad2dee3323cb2a7a7e893bcc0666b7938600f71decf5fb39,39909b85235868e0f096a265059b9374347da53b312d80d67fc2ea54d31c7e49,81e0566f3d257e34,,2ee09bdb9130bea2,,,,True,exact_duplicate_of:data/raw/nickparvar_v2/Testing/meningioma/Te-me_83.jpg
data/raw/nickparvar_v2/Training/meningioma/Tr-me_92.jpg,meningioma,1,train,512,512,4e4c88a11b026e6d417be242df7936dde4c09991e980c89f7f68adc5ef26209e,59f0f296dcf2dcafe3740449c8ccbcba14a7078b4b84ecdd7ba19d7a238e267a,c26d3d94319bc659,,32c18c99617c1e35,,,,True,development_group_overlaps_official_test
data/raw/nickparvar_v2/Training/meningioma/Tr-me_920.jpg,meningioma,1,train,262,308,dcdedbce322da66be987e07d9595a8ed0f27df8ab9c06e450299c87caf20ead7,2bf53ac78ff42cb238c0491da5c278c4787608f1521db675f23203de329e4614,959a454e169b4bcb,,d698a368f10515e9,,,,True,exact_duplicate_of:data/raw/nickparvar_v2/Testing/meningioma/Te-me_219.jpg
data/raw/nickparvar_v2/Training/meningioma/Tr-me_924.jpg,meningioma,1,train,512,512,bdfef5ffb30d007a969ee40f022f789aebdd89a3fd390ebf6a4607b01b4daea3,feaaa67507f4c231dbd68b86ac598bc36af28c9db030967757658d47969f6889,9b38688366ce9b39,,955f3d8b1a6b922e,,,,True,development_group_overlaps_official_test
data/raw/nickparvar_v2/Training/meningioma/Tr-me_945.jpg,meningioma,1,train,512,512,32b5b16dc07f7c117450f370519d23d1e59c9c09bd64df88b6bedddac3a0890b,a23770d788284a89592ec27056d16e9d8bf7b2bb8f720c7e14d03ca54116863b,91626e2579d865ce,,9384cc567b9b51f6,,,,True,development_group_overlaps_official_test
data/raw/nickparvar_v2/Training/meningioma/Tr-me_946.jpg,meningioma,1,train,215,234,20b8d58afcccf5666c37e7daed3ebbbcd71665ee7f87b4d3ca502705beb7e1e4,f81f2f1bf690ab0261c7b7d157ebb01d234a7deedfc90dec90872291c7020d44,c7c33a346ac33939,,c51faadf0c7a8d6c,,,,True,exact_duplicate_of:data/raw/nickparvar_v2/Testing/meningioma/Te-me_94.jpg
data/raw/nickparvar_v2/Training/meningioma/Tr-me_948.jpg,meningioma,1,train,512,512,23a5c32e914eba2dcb9d116dfa56e433bbffe4378ced9629a13c72c35b6a5b87,405d7788267f3041f2f3e9e3bad364e5b8f167d460836b8022de38b465ee3f55,846f4e3169797836,,6d702f41bdf0e008,,,,True,development_group_overlaps_official_test
data/raw/nickparvar_v2/Training/meningioma/Tr-me_954.jpg,meningioma,1,train,442,442,589c2d7cc54da48a6870686143589d963f0c4d9da3d44c884ae61969f4239780,b472eb0624cf0eb2fc6592f8ddb1d2f6b5c764bc06ad76b49f5ab435c7bcf64f,c6cc6e386333316b,,a0ecb908ec2ddfc8,,,,True,exact_duplicate_of:data/raw/nickparvar_v2/Testing/meningioma/Te-me_280.jpg
data/raw/nickparvar_v2/Training/meningioma/Tr-me_957.jpg,meningioma,1,train,341,377,e4fcd381c28ede0f3199c3968f487571669726be146fe0ff4daa2a6716858a8a,33fdffe1f9c8fc6da5f7d9213b96c2f5092fc7fd13fbaf4d3680855435852263,8b5a766e09ba6668,,0dcaed65cbf8379d,,,,True,exact_duplicate_of:data/raw/nickparvar_v2/Testing/meningioma/Te-me_156.jpg
data/raw/nickparvar_v2/Training/meningioma/Tr-me_960.jpg,meningioma,1,train,225,225,3e4fe94fcd8a70b5c029f7ea855604275ce818be383392b41ed37fb578678598,44abfd7a6b78a06e0ea853a61138afb7def700beef60b18d51cdeb2429519aa0,9b986c6666499b95,,242b285ae0fbce2c,,,,True,exact_duplicate_of:data/raw/nickparvar_v2/Testing/meningioma/Te-me_149.jpg
data/raw/nickparvar_v2/Training/meningioma/Tr-me_962.jpg,meningioma,1,train,257,307,560ac96dc3f7ab9c6b84af2cb3f6a4a7f510b75e865bafeaa95f705992846861,36906b0d21c978fbc9614d3143fe2a1d34504d2d4d5b6e43f571519e9d33b269,91d141921e2f7e6d,,b9f0987822f28042,,,,True,exact_duplicate_of:data/raw/nickparvar_v2/Testing/meningioma/Te-me_113.jpg
data/raw/nickparvar_v2/Training/meningioma/Tr-me_965.jpg,meningioma,1,train,722,690,0c7d71051f276819c1811d2cd311f32cf8c4618939f1f31bc7f64fb417950dbf,580466c9f86218c14a943ef9104be7a4d29345e8dd3d43c6bcc2356476b65b18,c48e4e1f7b393138,,66e9db02c5dec9e6,,,,True,exact_duplicate_of:data/raw/nickparvar_v2/Testing/meningioma/Te-me_223.jpg
data/raw/nickparvar_v2/Training/meningioma/Tr-me_978.jpg,meningioma,1,train,512,512,4392621e100ef2a98711920785c0304663317ff6d964a14c3a41b2b5f2d3318b,cf1763947ff647aff9e81940c576a3f2a3b729f5f7ee9a122285e40787358194,97397a387961252d,,046d2374f789e1d4,,,,True,development_group_overlaps_official_test
data/raw/nickparvar_v2/Training/meningioma/Tr-me_980.jpg,meningioma,1,train,239,248,5cf790ecbaf61047d2be14e69a561ed21192a69336555ddd0180096f75feb074,046abb349739628501906b5dd55cdef4a5f0e2da3eef5e4a8be134177821c7db,956e1e7863623963,,9bcd40a6341bf612,,,,True,exact_duplicate_of:data/raw/nickparvar_v2/Testing/meningioma/Te-me_288.jpg
data/raw/nickparvar_v2/Training/meningioma/Tr-me_985.jpg,meningioma,1,train,512,512,790af09dbd29e0767f7dc4952ffc8386d386c205652bd6f504612c1bdeea103e,f5fb8614e1fe1741c7a64a9cc59d4e8c396dd3f0a6caf54cfeeb82661f1f5f27,97696e3961b66093,,9f0094840f1bacc1,,,,True,development_group_overlaps_official_test
data/raw/nickparvar_v2/Training/meningioma/Tr-me_99.jpg,meningioma,1,train,507,605,6ad9d32cdae2045bb1b09e49987220483033847ecd38c2a369a63bf4fab0194c,ef96411854c7ee87507f69dd7b50d02ececee668a9450bcad750dbee317d3563,c4ce1bb14bc74c8e,,f41aee059be0457d,,,,True,exact_duplicate_of:data/raw/nickparvar_v2/Testing/meningioma/Te-me_26.jpg
data/raw/nickparvar_v2/Training/notumor/Tr-no_1.jpg,notumor,0,train,201,251,6ce57e5943e2753a1642f6520d7b0b783af337fec0623e2cd4a8c604c17550c6,baf53d0cb5e2a87ee3b3f970c4d2d810f7f9032d642c5d31c1c59dccc613bebe,c42d4b722f8e3cd2,,ae85cba91e783b1a,,,,True,development_group_overlaps_official_test
data/raw/nickparvar_v2/Training/notumor/Tr-no_10.jpg,notumor,0,train,192,192,c69f02452d498465d7c2da27b4e04a64ddacd7f51bbb4e1cba181e4befa0913d,795dcb1f86dc36e92d234f6fccdfab7c4141fd4582c9611da995f8aea1f5aa69,c24d3db630d932a7,,24a81fe76ad777a4,,,,True,development_group_overlaps_official_test
data/raw/nickparvar_v2/Training/notumor/Tr-no_1002.jpg,notumor,0,train,200,252,7ddbef2556e368dd15908ede6107c308faeb8088d987fe05c4b1b09577f361c7,78560260d541857882061346fc88b0bedb242eab735b03b0121edfbead130fed,d1161ff87a962951,,0625900b355a4ea6,,,,True,development_group_overlaps_official_test
data/raw/nickparvar_v2/Training/notumor/Tr-no_1004.jpg,notumor,0,train,234,224,5974b1c4f3ed366ad867c794efc2ff3e2d7d47df283d5b25818f7b20d02f1081,6750cf5982afb1bf74798d5ece0e4a599f75709aa20bd3db6c40aef94d77a3d3,d2386de53687309b,,d9d89a8771fecd15,,,,True,exact_duplicate_of:data/raw/nickparvar_v2/Testing/notumor/Te-no_194.jpg
data/raw/nickparvar_v2/Training/notumor/Tr-no_1005.jpg,notumor,0,train,275,183,125242e04e2478a6f51603858a639ef269f8027588686d002da096eddebdb371,b63057c31f50392d791a409da2166e21b2f007446f8117fa40e2c9cd85eadeef,9b392de36167304d,,18bdaf66842f97f6,,,,True,development_group_overlaps_official_test
data/raw/nickparvar_v2/Training/notumor/Tr-no_1008.jpg,notumor,0,train,630,630,c81e9bcb1239482f94c524f182da91129a286f43e43804c519650803ea4eefcc,767794412e511942f71dc21f9a318c0856f6fa27a598a225881d804f32736582,927a6fc565d2305c,,ab5fcf22d369291a,,,,True,development_group_overlaps_official_test
data/raw/nickparvar_v2/Training/notumor/Tr-no_1009.jpg,notumor,0,train,236,213,7885b62a460199a352cb9df4117bae2b9cd9b2354614805f1b17bcf2cbcbe5e2,367969a436f6f7f8e1807044568a785836887de611fcf1c82a0465d5e496295d,cad22d6f3c4c344d,,c630d130d8d1fd31,,,,True,development_group_overlaps_official_test
data/raw/nickparvar_v2/Training/notumor/Tr-no_101.jpg,notumor,0,train,225,225,0e54ec08409065096e291e346de78227b99ea5f0daca1f6fc968ea87d444eff6,f262ca02d116a61c86b64d58d4c6cc3a8d287d86c82460748c2e26d6644ce4b6,c64b39943167e569,,746d0dd3902c73e1,,,,True,development_group_overlaps_official_test
data/raw/nickparvar_v2/Training/notumor/Tr-no_1010.jpg,notumor,0,train,225,225,b85761e66260b5fb7c8198db594c455c16b926705379433315443af308c60de3,6b3bacd1c7b1640de8f523c0d4e0e8b7bc2818e74e1c43dc9997f20178a45e42,c26f2d303bb26c33,,e1389056eee95631,,,,True,development_group_overlaps_official_test
data/raw/nickparvar_v2/Training/notumor/Tr-no_1012.jpg,notumor,0,train,225,225,781dec82f6af164b82ede227379741cc4cc898b14d0af1380c246d374caf3a95,518f996ebdb3afbb8a5aad992ffa85c4bd64d87ea1114f898430ee435050058b,c24b6bb53d9c3462,,59f8aa73908722b1,,,,True,development_group_overlaps_official_test
data/raw/nickparvar_v2/Training/notumor/Tr-no_1013.jpg,notumor,0,train,442,454,a7594a2a89f734ea6586564609782cddb0c0046c1ae4f2f348890c76eafa9b3e,223d1beaf267f0ca56615922aa22bdda4bad1c471015c65fa54f0679ce56d9b7,c3cb2d9c34db3231,,a9daef77fd0bf205,,,,True,development_group_overlaps_official_test
data/raw/nickparvar_v2/Training/notumor/Tr-no_1014.jpg,notumor,0,train,215,234,c850a227b64a6c11c0642843de07d325ad88beac905d627409afb6a7863e2bbb,690cfd40d274c66f7440d71b14a724f151f5e86375ad6f52a7beff2bc2fb5df6,d0e42f033dbd34d2,,8947fe5edcd3fcd2,,,,True,development_group_overlaps_official_test
data/raw/nickparvar_v2/Training/notumor/Tr-no_1017.jpg,notumor,0,train,642,361,31146276bf6960c1c794841ef32a785e1623eb456d2bd22ac79c501cc6385803,1feecbfcef58e47cd055709e94d4d5a2ce5109e965a67a8ede7d48be73fb61e4,9a92696963c9cd39,,c486490bd2208135,,,,True,development_group_overlaps_official_test
data/raw/nickparvar_v2/Training/notumor/Tr-no_1022.jpg,notumor,0,train,441,442,5bdfd59e12a3a107c6999a12a7ed907b68f6bf8ad1e8b80fb61879590eb5e2b6,5171f739ee4899f56ed6cd8c36003c0027f948789c09f156cdf6b94a3a4b9545,97a17e7a78c87031,,3dff2e6ca73beda8,,,,True,development_group_overlaps_official_test
data/raw/nickparvar_v2/Training/notumor/Tr-no_1023.jpg,notumor,0,train,630,630,5a66211168e2f92209f3aee80fe618a1555144bada16fdc2035d1780321c02cf,38dfec3bc292dbd5ed78de6e9faffd1920b9bae64dc2f39aa7d8c994c05ef844,96386a716dc534e3,,214fe2cfa86b7f5d,,,,True,development_group_overlaps_official_test
data/raw/nickparvar_v2/Training/notumor/Tr-no_1026.jpg,notumor,0,train,468,444,adfe2f170cee6cd033f609c3ee032f1a254a2f5fca4c08898893b2f406c9331c,fb4860082cbdd46a47b7e08e69ebfc07d1bbeeae2e9b06302c6e0bc2f9f181c4,97857a9e6aca688a,,b48f0f52e91ac59c,,,,True,development_group_overlaps_official_test
data/raw/nickparvar_v2/Training/notumor/Tr-no_1027.jpg,notumor,0,train,225,225,153620cd50478c8e2cf60eb8b853c5e02e3f1bd1a34a596d119ab65779eca867,f9c290a4f08c9d5bc9ae4fa16655a3fafe3f167b51a1e687fc05833a3b474b5a,c6b03f0b786c61d6,,a8102006ae63c646,,,,True,development_group_overlaps_official_test
data/raw/nickparvar_v2/Training/notumor/Tr-no_1029.jpg,notumor,0,train,630,630,55cad599c8f082abc58fad6aa16a2bdcdd846d93fdbbebcf753df3ab76e2d748,bc3f0d9d0bb7d7efa6ba22e4da91fd1edb8ae71a8d353bb59cc64a0acddfd99e,c56f3e9039c76119,,129578c72051bf82,,,,True,development_group_overlaps_official_test
data/raw/nickparvar_v2/Training/notumor/Tr-no_103.jpg,notumor,0,train,225,225,285992cc5e5213f0d50887d757cb919a365129bff9038cec83e8df54f97fb155,22521f52e3e63763aa01376918e3a1d6151c0662fa46ffff4ff8731fdd72caeb,92e16e3e64a8b4e3,,e7a10c1e539dd946,,,,True,development_group_overlaps_official_test
data/raw/nickparvar_v2/Training/notumor/Tr-no_1032.jpg,notumor,0,train,212,238,425c40074835a12e058bcc81694b824021ecc04363fb21cc3c91fe04163bd64b,a385bde25a0e1465c1d8eed7168a793ca8c8ea3b182ee4e48a736580d83302cf,85695a156ef63196,,35569bcb26b81130,,,,True,development_group_overlaps_official_test
data/raw/nickparvar_v2/Training/notumor/Tr-no_1033.jpg,notumor,0,train,225,225,2c8e82b96387e394dba211c41b64525df23c392e0a0906a338a2583ca05d29b1,b32ea7d253427ac5dcd783eaf3257c5d5064c71a6eaa9c6a6f57ac23cbe92aa6,967a6aa568c2259f,,a95ddf86f86f8b9e,,,,True,development_group_overlaps_official_test
data/raw/nickparvar_v2/Training/notumor/Tr-no_1034.jpg,notumor,0,train,194,259,2786732b776f8095831829db29086ccebbb48a9652e4d711ff2a8b5d529caec7,3a933566f65fff66dc809c9a16e7e1acd54a44ead6f5f9f8b13c1b9ba20cdf13,d7332e5868e628ce,,983fe2839ffffefc,,,,True,development_group_overlaps_official_test
data/raw/nickparvar_v2/Training/notumor/Tr-no_1035.jpg,notumor,0,train,225,225,4db9154f74dc89a48c5414e3b48a33632cc64b0e61c9541649f7a9455ea09e63,83fa4228daad8eb19cf0d27ef5a401522a6d39a5e77e9606a2e3d53bfc896d41,90856b3a6d6d34b3,,fa913b11417982c8,,,,True,development_group_overlaps_official_test
data/raw/nickparvar_v2/Training/notumor/Tr-no_1037.jpg,notumor,0,train,225,225,3e1fe5eb8190fba74e150bd2e96beb304d2d7199cb23db50eda5785192f8095f,cf08d247b1284f693e67402b4b99db36ace7ca44ef2380507cc9e0f7b1c24d5b,cec628393139e3ce,,d833a6eb53ccf1eb,,,,True,development_group_overlaps_official_test
data/raw/nickparvar_v2/Training/notumor/Tr-no_1038.jpg,notumor,0,train,504,540,03c103deb384241129d3ff041a75183af771fa1591da3ab60bd23e292928ec6c,6d0beb9542a64cfef569e006d9336a25d151a26def0ac0a851332c58ae51a14c,c33b2dd4349e7066,,ef0ff88991f4e412,,,,True,development_group_overlaps_official_test
data/raw/nickparvar_v2/Training/notumor/Tr-no_1039.jpg,notumor,0,train,630,630,dc811fda9f7bc3506f21d4094da84c5e3a81d3878b28967b830536fda342a33e,9f7aa600b1dbbab02c1ae0a58a69dcf80df52a2935001cd5042033c7098d5f30,907a6fc56d92344d,,ab5fcf22d369291a,,,,True,development_group_overlaps_official_test
data/raw/nickparvar_v2/Training/notumor/Tr-no_104.jpg,notumor,0,train,196,257,8f62e2711e8a47fed04ec2b58ed3c7f00765dc8152779657130c83c50c642a56,be8eeca791b2e91bc1aaa3f5c42632f3fc1b246d89d553a69f5bfd153a1d8994,94914bde2f683c2d,,4d659ff31265a98a,,,,True,development_group_overlaps_official_test
data/raw/nickparvar_v2/Training/notumor/Tr-no_1041.jpg,notumor,0,train,225,225,7c9d6460de08492cb945d38d884e54a035d58f89ff65a87831d9bfa2cd9b3ec9,c579b920bc3992dd62a2b1985ee829cd79adaa1a5b51aa3614c3649e0430260f,c7d0390f3c747067,,7b36e0df75d19072,,,,True,development_group_overlaps_official_test
data/raw/nickparvar_v2/Training/notumor/Tr-no_1047.jpg,notumor,0,train,218,231,30c2bcdec018ea1c33e5ce79110a2f981011b735e2ff770eb95b9e42e5ba27c7,073c49cbaaf15182332ddb08fd79b9263c4f6ed2adaa4cd1234d4e3881340f6b,86c17b8f6a3e6918,,17666fbcdb2d62d6,,,,True,development_group_overlaps_official_test
data/raw/nickparvar_v2/Training/notumor/Tr-no_1049.jpg,notumor,0,train,468,444,9665a634778add156fdc68dd68695ced8f9fa37b606398dc169b31938aa2d7f2,244eb81689128efa8d384e64b672071b2b51d8c2f1d9e23822cef1ab592c0eb0,97787a616a356a25,,adad72855c74ddca,,,,True,development_group_overlaps_official_test
data/raw/nickparvar_v2/Training/notumor/Tr-no_105.jpg,notumor,0,train,442,442,aa66d8e967787f1f68a537f5300e72131b53cc4706620d41e67f74b1eb53d931,e1f273f77a592d3b0575f06906fa910bf4ab6660b4ed768401421747e49bd192,916e5aa75a253cc5,,4bb79c9cb5058557,,,,True,exact_duplicate_of:data/raw/nickparvar_v2/Training/notumor/Tr-no_1000.jpg
data/raw/nickparvar_v2/Training/notumor/Tr-no_1050.jpg,notumor,0,train,225,225,414705b05592d4ac130c7e518f8ed6372819e8be0b7d6e6d7a706fb96503047b,6c719e99c4617c6fb5bbc18628d838a96bfc71a8c64eb964d13f85d53cc01e46,c5d03a6f393865a6,,ff1d29f66632fe2c,,,,True,development_group_overlaps_official_test
data/raw/nickparvar_v2/Training/notumor/Tr-no_1051.jpg,notumor,0,train,225,225,fd701e8cdd7a47b2b7198334e09d7947edf3d2efdd68b73b8d47282256f9f475,6db0d10a60855a100e490c97cc317c18daf6a627cfa4835b66604d64f4c5e373,907a6fc56d92344d,,ab5fcf22d369291a,,,,True,development_group_overlaps_official_test
data/raw/nickparvar_v2/Training/notumor/Tr-no_1052.jpg,notumor,0,train,428,417,fc8d2e8c53d6064d35e157f89339c8dd167757cc667c0cbe31e1d4402ac18e1e,6274a89d22239e3fc34ac8ada03621d2110aea5b38a6eacff33bd8320802d3d4,87955b5a7a0b6968,,c3a156e571fe3891,,,,True,development_group_overlaps_official_test
data/raw/nickparvar_v2/Training/notumor/Tr-no_1053.jpg,notumor,0,train,173,201,6ced304ed3adbe48aeba4e5d4731d7702b9afd5ec8564588335ef0db4e37ee4d,25418c5a38940529446dfeca492734102fe44b819e275a0480fe3aaaf2cbd6c4,94166aed2fd2254e,,b58df48a2adbbfc1,,,,True,development_group_overlaps_official_test
data/raw/nickparvar_v2/Training/notumor/Tr-no_1057.jpg,notumor,0,train,208,242,64491133e54022954317a012d8ab85e0932dd06b361d39b2f3a46dd7d808032c,bae5b782bf7bf83857a5ae0d14b0370b13a009fe82dfb912bc1d971374bab7a7,c20e1ceb7bb0ca78,,1df10534058c384a,,,,True,development_group_overlaps_official_test
data/raw/nickparvar_v2/Training/notumor/Tr-no_1058.jpg,notumor,0,train,225,225,36a771c8d5d8fbe4ae847d31503aa0dcd667fa43e82178201d3ea6300aa75f98,6109fb4ef3e74366e1895447e1bfd9705522d988c9bd7a954d150d37557cf7ba,c6b43a6b31a8e1b6,,f6084a9fd5918921,,,,True,development_group_overlaps_official_test
data/raw/nickparvar_v2/Training/notumor/Tr-no_1060.jpg,notumor,0,train,225,225,03e248ffc72dc76fa9bec9e742867f1ed95fac71faf30b2e6249eee1b1e2a766,0aa54258347bef3ec8ddbda54c444c94666b2e8f1aa8b3238e2bbe71c5d52519,c6b03f0f786c61d4,,a8102006ae63c646,,,,True,development_group_overlaps_official_test
data/raw/nickparvar_v2/Training/notumor/Tr-no_1061.jpg,notumor,0,train,201,251,a3d86920c0bc02e0c062091ab21078a4387ed519b881c89568ab969d3dc37d33,1f95470a2f041def3d0a3db9bf62430d50f9848848935f3eea157ce504458ae1,d70a28bf02edc33c,,d96545d8f2010d02,,,,True,development_group_overlaps_official_test
data/raw/nickparvar_v2/Training/notumor/Tr-no_1062.jpg,notumor,0,train,630,630,c1bf41ddb56396fd0e74b2eb7212c96a6a915ee86737c060c9db8e1439ff0390,ef8d0167c4183b8f0f8b864ed68b60a3f574030067420a513930d7c60640e459,c64f3ff078926129,,5bea05178dd1406b,,,,True,development_group_overlaps_official_test
data/raw/nickparvar_v2/Training/notumor/Tr-no_1063.jpg,notumor,0,train,225,225,d22f76ae6780bc947ddeb36446b3bb97bfcc5ada33b8db69753949c9d214111a,6020e01b2ce12d0b6adf23d08c6953a8779fe9e11aa2c1caa93c1990bfcd8d4d,970e3ee06899613f,,6d3ecf8e3476041e,,,,True,development_group_overlaps_official_test
data/raw/nickparvar_v2/Training/notumor/Tr-no_1064.jpg,notumor,0,train,150,198,7a110c7f3eefb9003a5af9f67f43d03366451a9844525637f806143b08ddfb7f,35117faff9fd30e4c0ace10c9fd24d0260ba9be4d57528426954fe440912e89d,c6474c2a47af4e74,,0776e2fcdf0699b2,,,,True,development_group_overlaps_official_test
data/raw/nickparvar_v2/Training/notumor/Tr-no_1066.jpg,notumor,0,train,225,225,dd7af9f5e54b40896c522ab0d6b7042d5d58a98bbaf9cf2c4541f3358bd5e06e,bd2a93740ae622b6a04e9ceff3712bbb93b3cf15dc7441b9787ea30fda8e991f,c5903e6f393861e6,,ff1d29f66632fe2c,,,,True,development_group_overlaps_official_test
data/raw/nickparvar_v2/Training/notumor/Tr-no_1068.jpg,notumor,0,train,225,225,2d304e407ec526c967006fb16fb1c48c14e2971c54737bbc850d4b62ba3cbe85,c43c4244b731157f4614986e59340c19f337ce498127c2c7c1e166dc3113c7ad,96386a716dc534e3,,214fe2cfa86b7f5d,,,,True,development_group_overlaps_official_test
data/raw/nickparvar_v2/Training/notumor/Tr-no_107.jpg,notumor,0,train,420,280,3708152413a96cc64a31fd18c72a28f91656d49ae51c1fa4b7e216135c4e73cc,a3df1163c1a67c6715f18e6844d304230014f6549160a219a70560487ef81883,ce6c38b634926799,,8ea48ab8c3189875,,,,True,development_group_overlaps_official_test
data/raw/nickparvar_v2/Training/notumor/Tr-no_1071.jpg,notumor,0,train,225,225,2b79ef9856ccc1d8c850634eed1304cd937563662d35fa77f8e26c3991d4bc1a,32ff76a64f31f1d2414804694c0525d87ef305367413c0220b3c582bfb4550b1,93e56a5a2d393493,,fc9798ff38c77b49,,,,True,development_group_overlaps_official_test
data/raw/nickparvar_v2/Training/notumor/Tr-no_1075.jpg,notumor,0,train,468,444,bd8280d85bf403a6647487a1911e3045e1b4a094a01de18aa0c3ef67c6fd0f3d,8cae9f173cfcfdc4cb58c54de4ab64743f5d2c3baa623951dee0149cb307a9ef,c23d2b343f603f70,,d63573e240b184d7,,,,True,development_group_overlaps_official_test
data/raw/nickparvar_v2/Training/notumor/Tr-no_1076.jpg,notumor,0,train,173,201,fb431dc337cae81d48acf600434614115bb4e972a550395b396ff317f8e8523d,f0e20ab9acdd5a91b00c348473212d1a2a8a4b7205008045698a3c73aac54878,94e96a1a2f2d25f1,,3c3958d62d06fe85,,,,True,development_group_overlaps_official_test
data/raw/nickparvar_v2/Training/notumor/Tr-no_1078.jpg,notumor,0,train,173,201,b401d726da1dbef46d36d0034e3db46968b28ce7e6898c955b7608851420845a,0d9d5b6bf62989e13e4079b0a10bbb3168f6046c50e278ba4165cc20d687bdf8,c1bc3e477a7870a4,,5168ecfca4b59877,,,,True,development_group_overlaps_official_test
data/raw/nickparvar_v2/Training/notumor/Tr-no_108.jpg,notumor,0,train,218,231,7b931c3dc87c0650bbde75c91cbca6c235d6192b2e7a350492f82f798f055415,01f5df3e2ccccd64357eb8f7c2a71388d75ec357881f7e6758bd3d346ddec942,86c17a8f6a3e691a,,17666fbcdb2d62d6,,,,True,development_group_overlaps_official_test
data/raw/nickparvar_v2/Training/notumor/Tr-no_1081.jpg,notumor,0,train,227,262,4580b59f02f21e9873f8183f2237a3e489d37061cfd2c4442c3748312af6a8b0,7a3f9892e79eadb52a429a546433fc694af40b53b01da0776f7192f08e22c37a,946e7ba5687161d1,,6935fb75f18bfc77,,,,True,development_group_overlaps_official_test
data/raw/nickparvar_v2/Training/notumor/Tr-no_1082.jpg,notumor,0,train,201,251,912cec46265a5793dd381105a63596ed462bb13e92cd61b8dc51c942a5f063fe,f9f5a913479946d13e897af5030f65c6a99463389379f7d112117ceadf10456f,d70a28bf02edc33c,,d96545d8f2010d02,,,,True,development_group_overlaps_official_test
data/raw/nickparvar_v2/Training/notumor/Tr-no_1083.jpg,notumor,0,train,359,449,ae511b11b26309a2e60432852cb26d6b019057fc2aab35867badf8af04daa3b6,a6345e08c367a7b8f267a7b13a59d203aac04c9c07f83f1549648ebf46dccb5c,91973ed87a24695c,,e82889fc69ca47a3,,,,True,development_group_overlaps_official_test
data/raw/nickparvar_v2/Training/notumor/Tr-no_1084.jpg,notumor,0,train,428,417,e61f300036ee5e2db6a0e4df462189d41b39323efb6a7cffe2b454fffd2c18f0,a5e432c800e64587fea01dc822a6104b68dafa474fb245d1056904a07b810ee6,d0c00f0f2f1f7c3c,,06e5ef7f43dd4047,,,,True,development_group_overlaps_official_test
data/raw/nickparvar_v2/Training/notumor/Tr-no_1086.jpg,notumor,0,train,630,630,cec34d92b64b61517c2c75bbd070177af3e5262b739b36e90d82f646277bf762,4e9ecb5d56ec7f0d193ca5546f4d747273de5364bfaabcdbc2ca00cc6fdcf14f,907a6fc56d92344d,,ab5fcf22d369291a,,,,True,development_group_overlaps_official_test
data/raw/nickparvar_v2/Training/notumor/Tr-no_1087.jpg,notumor,0,train,232,217,54e5ce4998356731dc854e82110bf8480f60323fcf900f4195f06081050f1802,6a3d35edd6368f30f40f339a9f66a983c5fb9bf35266f4e9667cf963c7fdeeb1,9ec969b465329663,,40f7edda8616b619,,,,True,development_group_overlaps_official_test
data/raw/nickparvar_v2/Training/notumor/Tr-no_1088.jpg,notumor,0,train,192,192,ad25a4fea67a5b521955499381869e0474db6f543b1cd8daf7866c7c4b5c8c58,963fef4459bf7a7ffdb70c9ef952a80d983cb02462475db92dcd1a5dc1ecdd89,971868e3658d6772,,431828fe07927d85,,,,True,development_group_overlaps_official_test
data/raw/nickparvar_v2/Training/notumor/Tr-no_109.jpg,notumor,0,train,630,630,72f5f6723c7b92f641fb5d44513b6111c348e43005f8c1f4829f28eebd1117b2,ef8d0167c4183b8f0f8b864ed68b60a3f574030067420a513930d7c60640e459,c64f3ff078926129,,5bea05178dd1406b,,,,True,exact_duplicate_of:data/raw/nickparvar_v2/Training/notumor/Tr-no_1062.jpg
data/raw/nickparvar_v2/Training/notumor/Tr-no_1091.jpg,notumor,0,train,630,630,075121ef05dad5a6adeae9ddc9c6d02e099e9890e100ca8f66cea83b0f4045a5,a7b8197677f4c8953a42fcc4e7c3fa50e33cc11eb5c80dba6819384fb9e7f6a4,907a6fc56d92344d,,ab5fcf22d369291a,,,,True,development_group_overlaps_official_test
data/raw/nickparvar_v2/Training/notumor/Tr-no_1092.jpg,notumor,0,train,150,198,8757fa3737d286d19c215eb10ba770a1e838c16343482d699ce4cc1a4aec21c1,1b18102086a3492f53a56c8b59c1da0f31fadd1282ced77a28aa03ae8919b8c5,9702117f1afa5b31,,7f5fd70953bdb5de,,,,True,development_group_overlaps_official_test
data/raw/nickparvar_v2/Training/notumor/Tr-no_1093.jpg,notumor,0,train,228,221,0de1aa4921ef73ef900b2b4301be1dc5aede22367540cdace4cff50a478f10b5,8753873f73041bf1dd475b396dc8ae696de0972ef90eb952207f4e6d09dd633d,95a56a9a69da2ccc,,de7d227b9c11ec91,,,,True,development_group_overlaps_official_test
data/raw/nickparvar_v2/Training/notumor/Tr-no_1094.jpg,notumor,0,train,230,282,3d8986475bbd0ec0b9219ebf916831272f408a194edd9696d992d1f1617bceec,375cddc5bbd60d516d03950caa6e2855c4539b9a7993ba8d966762f199122668,d4c16a1a393f656c,,9156d72d38b416f8,,,,True,development_group_overlaps_official_test
data/raw/nickparvar_v2/Training/notumor/Tr-no_1096.jpg,notumor,0,train,236,280,d4977d06d30eeefc174fa2defb6dba7047e11204f10513fe8e5f7a106e880a77,a5b8085b055d2d186fedff371fa82659574934ce0f41dd08045c7c456a7ec053,c34a3cbf63b07c60,,3aa577ab3bc67dc5,,,,True,exact_duplicate_of:data/raw/nickparvar_v2/Testing/notumor/Te-no_77.jpg
data/raw/nickparvar_v2/Training/notumor/Tr-no_1098.jpg,notumor,0,train,200,252,eedbd031170773347d9faca9626b34b82c3f989aa8a0890f76e95248e12608fc,a2e004d0d7d7632c54ad92488e162249bfc5c3dca1f94362a88ecc39c9bb0e9b,860f1db81bb03bf1,,cce3638ebe976b2c,,,,True,development_group_overlaps_official_test
data/raw/nickparvar_v2/Training/notumor/Tr-no_11.jpg,notumor,0,train,227,222,f3805b7f17523c0c05f1ef5abea8e8995e853ab9e8bda289bcfe81a48034b743,ee867195173e33b23eaa6edcd4fbea7700551076855e8574acb4b411a7793038,856a5ea57ab50996,,041f1507ed05be19,,,,True,development_group_overlaps_official_test
data/raw/nickparvar_v2/Training/notumor/Tr-no_110.jpg,notumor,0,train,275,183,cb25b3c871fbb499048d7f7abbe0aef029e527d8b6b0af618f6493cbb82599e7,d077510a621656a1beb7485a33a4fcb7b4053f66cce3d62c3bfa5dc7d783b91e,9b392ce361c732cc,,18bdaf66842f97f6,,,,True,development_group_overlaps_official_test
data/raw/nickparvar_v2/Training/notumor/Tr-no_1102.jpg,notumor,0,train,225,225,46b3792a79c61057a09aff260024f7919e41e13308a1417dae4d74785cb5da35,048c603d4381e861318bd81d0ea8ee2dd090d53359366ed3750cacb3696af3f3,c6b03f0f786c61c6,,a8102006ae63c646,,,,True,development_group_overlaps_official_test
data/raw/nickparvar_v2/Training/notumor/Tr-no_1103.jpg,notumor,0,train,227,222,da05e4b5b22623aa68cc760f36103e65eaabbae42674fa5c9f0ff676fa5e253c,5b285b1efec7a58e9c15b0c9c045c93826ebed69a14e8fe1330ad065c804cb7b,c23f0ef02f613cc3,,a5339d9f73caa0bf,,,,True,development_group_overlaps_official_test
data/raw/nickparvar_v2/Training/notumor/Tr-no_1104.jpg,notumor,0,train,200,252,d73317ea7aca0dbb0e1d175362b9313e345d37e1174e787cad8b19425db38a80,9ec0ccd6616c3c3538cdcc731cc66f9c48e2894ea1f3652c6285334f612eea05,d5a548124f1a7f1b,,90ac2fed75e82d88,,,,True,development_group_overlaps_official_test
data/raw/nickparvar_v2/Training/notumor/Tr-no_1106.jpg,notumor,0,train,150,198,6f06decb4deb6150556a337874a5af1c880ba41bd7f8d544505d396b452a4f08,baf32f959b60c7be4f94e39cbac52483b6c0a15e46b18694cb0f9889884ca5a1,97fd19801a455ade,,9d97e8d24b549a45,,,,True,development_group_overlaps_official_test
data/raw/nickparvar_v2/Training/notumor/Tr-no_1107.jpg,notumor,0,train,225,225,4eccc20320ba58dff7472b35b154f1bafcf941e78a7ae1063843a7db356a41f0,c3006e76882b1fefe83c1a7d00ec71f129a2955d4ba599a1fb0f4fe756eaf552,c2942d63353d71c7,,41280dd89d6a8d2a,,,,True,development_group_overlaps_official_test
data/raw/nickparvar_v2/Training/notumor/Tr-no_1108.jpg,notumor,0,train,225,225,f6b9367846473d64daf63aac8580e1c9ba73d2000d8aaa1d715a118a3a8f0ca9,1620665597b0e783c2ff7d63eae70ab79ad08da8f76b7b7a57293ad72e4f0bac,9ccc6e3339986333,,88dfed22b0f16cf9,,,,True,development_group_overlaps_official_test
data/raw/nickparvar_v2/Training/notumor/Tr-no_111.jpg,notumor,0,train,218,231,fd6702ed37c23010dffb84bf90ba1d524825736ed1359430632dbda493c0ab84,f8a4c1ecd7132cedc26ff86fa1d1a3acc9f77b143e97722079d6952de635124f,86c17b8f6a3e2958,,17666fbcdb2d62d6,,,,True,development_group_overlaps_official_test
data/raw/nickparvar_v2/Training/notumor/Tr-no_1112.jpg,notumor,0,train,227,262,cf67016627aedb51ffebc80d18bd21cba9dd61030788044907229b758e75d004,25940a49333e5b6ee8df6e81f702a1a2005866b00907eb3dc3daf878ac7ec036,c17b2ef03d65348c,,ad527884c16aa365,,,,True,development_group_overlaps_official_test
data/raw/nickparvar_v2/Training/notumor/Tr-no_1113.jpg,notumor,0,train,227,262,0d6d6f95c76758e01fc927fc0656f84b38fbdab1ac34efdbfe4b88c3100d68d6,ae02375e7a540098fd8c623cda8514015b249b41d53959039bc43667142db976,c13b2ef03d75348c,,ad527884c16aa365,,,,True,development_group_overlaps_official_test
data/raw/nickparvar_v2/Training/notumor/Tr-no_1114.jpg,notumor,0,train,225,225,6fa8eb9bb2ed899a8d0a5c0d0e679ffe93eb0e7d518219b43a8b2f5434852d37,0e345418b40393a7253bcc97729adc196f732a721dd0cefe9911941ac428bdbf,c7b43a6b31c8e196,,f6084a9fd5918921,,,,True,development_group_overlaps_official_test
data/raw/nickparvar_v2/Training/notumor/Tr-no_1116.jpg,notumor,0,train,393,400,f6b0c61bfa2a0607ee37ff9b1fc7c3dd37e5bfd3ea501e37a443bac568293de0,dc3dc3a4ff0cbcbc6ed2ffa0a59bc91fa9e263c97e3c58f9ee90671726665c84,c24b2fb43ce66496,,3cd20e90df295128,,,,True,development_group_overlaps_official_test
data/raw/nickparvar_v2/Training/notumor/Tr-no_1117.jpg,notumor,0,train,225,225,a2e2c286c831cecbc9b4711f56aca139a9448724de18021654032784414fafbe,3e8e1c5b6f932e3a1b41d2ad7bab6d03d94e9076f4d0988fa255c8f8bc5b277e,973e78c96196246d,,6fa655811c0aaff2,,,,True,development_group_overlaps_official_test
data/raw/nickparvar_v2/Training/notumor/Tr-no_1118.jpg,notumor,0,train,504,540,1e44c67ea903803998454afc6c962b949f58d86eb4d07d66676fe3da4ccb27e6,7db3ab0c5938c93b3a4d128ecfa9ee0fbb353046c0fa3f216af0d4740d187f6f,966c789561cb2537,,5470992ff1c0af0c,,,,True,development_group_overlaps_official_test
data/raw/nickparvar_v2/Training/notumor/Tr-no_1120.jpg,notumor,0,train,442,454,2cbcad258c5d791aa285b1fcaee532ca53b7b3c1b5aa98e29058655b56157c2c,53c491be9c6ce69dad628364e231b6aba8222bcae1f49ce6bf800580c0b65aa0,969e78c9611e6764,,7927a808f4aaaefe,,,,True,development_group_overlaps_official_test
data/raw/nickparvar_v2/Training/notumor/Tr-no_1121.jpg,notumor,0,train,206,244,1a56af5171af33f4df909b7732dbe59ca8f6b3eadf0a9ef48e2383b005946e61,c646cbb50360263dd70e81b2dddd7e6fde973951beefe04f7f3860d7b9cd4a1d,d5625bed3a84688e,,b2e5bfc61f2e70f2,,,,True,development_group_overlaps_official_test
data/raw/nickparvar_v2/Training/notumor/Tr-no_1122.jpg,notumor,0,train,201,250,d0b2c7cb1685a4b89a7200e4a40ee87daa31a0e512b2084867706f68c9469126,122ba22d895bdb8a7e6428e67c72894512c7d03c0b83abd58425c3cd12decd6f,81a41f477a7e683a,,71b577651d7c31a9,,,,True,development_group_overlaps_official_test
data/raw/nickparvar_v2/Training/notumor/Tr-no_1123.jpg,notumor,0,train,150,198,f71a379e1d54e9eea8f531389fabc0915f6bdd6dba69659bc21b2ee2de9b6b32,31011fb748830a40c81532466a2edb835603b4827ed698d3c5f87712c1591e6e,97fd198212455ade,,9d97e8d24b549a45,,,,True,development_group_overlaps_official_test
data/raw/nickparvar_v2/Training/notumor/Tr-no_1124.jpg,notumor,0,train,225,225,bb7c3d6df2afe69ac893860e9177883a5a6cd60ebc70de8c3ae996ddb185ce2f,b8ffb9156e8099c11ac0cf36d8aa5d9c001c520607c10bafac0914fa9b9e26e9,93e56a5a2d393487,,fc9798ff38c77b49,,,,True,development_group_overlaps_official_test
data/raw/nickparvar_v2/Training/notumor/Tr-no_1126.jpg,notumor,0,train,232,217,3a34904d65c8cc7579373460050623901047e49eec67a5d635390374c5b48634,a857c61643a4afdad23fd14b8d67f8eab01ab9db97998872759f10813bb35e8b,c33f2d70349319dc,,a714a07bb54d7e51,,,,True,development_group_overlaps_official_test
data/raw/nickparvar_v2/Training/notumor/Tr-no_1127.jpg,notumor,0,train,225,225,a3fbebe743b82a3cfdfc22ba77aecec7867a8e773cb7b4a6ef05896a2b0bde8e,4f72c958cf43ce765e8080ec2c97fa4f8f5b1cc628dd3fdd74318db19b9b8319,c26b2db435d3313c,,b046d32c047eb4a4,,,,True,development_group_overlaps_official_test
data/raw/nickparvar_v2/Training/notumor/Tr-no_1128.jpg,notumor,0,train,215,234,208c35463539c6d8b138d2644234d1e0f790df935eb5214dd3849c7b35967f86,645abfd650553feb3dcf2f8f615f286baadf2c6e7723cd614eb8b985f37f71dd,d0e02f0b3dbd34b2,,8947fe5edcd3fcd2,,,,True,development_group_overlaps_official_test
data/raw/nickparvar_v2/Training/notumor/Tr-no_113.jpg,notumor,0,train,359,449,b28a6673a8f92619cd725a3b8bf948c49044c33168a2b81f92bf96bdf6a7d90b,217017e8eb73fe12c94166adaef1ffb819ef338bfe8e29db1418f434d302ffe2,81683e276adb69a3,,7b3cde42b411124a,,,,True,development_group_overlaps_official_test
data/raw/nickparvar_v2/Training/notumor/Tr-no_1130.jpg,notumor,0,train,212,238,e6b33fecf8045e0bc7abc70fc15eed83fa7e20cfd8af95ea96b02b46224f97c8,1240b11dddf6ef9dd267da0ee785369591475e3d5ae5dc0aa54668f3f410bd77,d0c36fa73d1c642c,,1ef0bef4e0895544,,,,True,development_group_overlaps_official_test
data/raw/nickparvar_v2/Training/notumor/Tr-no_1133.jpg,notumor,0,train,177,197,111aeacdd05f0a5d85933516c514f1f9626b4ac9a81438c0609847a2efddfa99,913f8f2c3e993aafa80abefcde7071a046dd00c774189b4242fec551a506dd80,c36c6ce33c1c32cb,,e58db52d916c73c3,,,,True,development_group_overlaps_official_test
data/raw/nickparvar_v2/Training/notumor/Tr-no_1134.jpg,notumor,0,train,201,251,a3d86920c0bc02e0c062091ab21078a4387ed519b881c89568ab969d3dc37d33,1f95470a2f041def3d0a3db9bf62430d50f9848848935f3eea157ce504458ae1,d70a28bf02edc33c,,d96545d8f2010d02,,,,True,exact_duplicate_of:data/raw/nickparvar_v2/Training/notumor/Tr-no_1061.jpg
data/raw/nickparvar_v2/Training/notumor/Tr-no_1135.jpg,notumor,0,train,630,630,ab7ed17fc5809e5514fa69d16991a6327891f7755e7289f5c5ab99eaa64ec4cd,08a5e87b01c163106a70d3b3c34c98c9fd2a0081c60db1e63996a0e1640c2da3,c7983a6f313865a6,,ff1d29f66632fe2c,,,,True,development_group_overlaps_official_test
data/raw/nickparvar_v2/Training/notumor/Tr-no_1136.jpg,notumor,0,train,642,361,98b975e302443759272d6d112532913d72094fa5f9fe318b2384243c1fd39bfe,4149cd07827d32d07482f9095f80622498d938522d1167f902023fd0aee0217b,9a6d699661368dc6,,112c16971f6cb2aa,,,,True,development_group_overlaps_official_test
data/raw/nickparvar_v2/Training/notumor/Tr-no_1138.jpg,notumor,0,train,225,225,eafd3887b242e6ec2db6b0646d1e9cf817e2ed17a6b2d196cd7cb3c85c035cb1,7e69804a226170382d5f9a9172680d02b5d1bfca74f1b5e147a674a3a37c2834,93e56a5a2d393493,,fc9798ff38c77b49,,,,True,development_group_overlaps_official_test
data/raw/nickparvar_v2/Training/notumor/Tr-no_114.jpg,notumor,0,train,228,221,f015cab76c9b8378ef66902ba7829a46925e85719d87f78b3be4dfd897e4ba70,feadbf4955f4a77633b533623328ba242c6dc9031a5c8feba479efe4594e1b7e,c0d03f8f3c8e3999,,ff1b0b768bf95849,,,,True,development_group_overlaps_official_test
data/raw/nickparvar_v2/Training/notumor/Tr-no_1141.jpg,notumor,0,train,428,417,79fe7fdc4259ed31881bd31a2d5132a026d570e5d2dd91111dbefcae08b08c51,affc62c6ce928c00af999fec553587025b7de1b84a87e29c29659a49cd187452,d01f0bf02fe07cc3,,a5339d9f73caa0bf,,,,True,development_group_overlaps_official_test
data/raw/nickparvar_v2/Training/notumor/Tr-no_1142.jpg,notumor,0,train,275,183,96152c5bfbd1d53c62398db5e62854e91456ab467fa5c504cce204ee4b6b0646,a0eea605ce0c87c34b74607cdd60c34634f7da259cfb511bf58f180335644fd7,ce6c38b634b26798,,8ea48ab8c3189875,,,,True,development_group_overlaps_official_test
data/raw/nickparvar_v2/Training/notumor/Tr-no_1143.jpg,notumor,0,train,194,259,696741154e452a20115cc6ccf501cf8f0002f8d5d3d3eb26118c6d6f28446fc4,370c6c3c49a97437f46ac8fdbe5bfa9abaafdf4782bc13e41223871728591932,82997bb23d487566,,b959525c65b90d17,,,,True,development_group_overlaps_official_test
data/raw/nickparvar_v2/Training/notumor/Tr-no_1144.jpg,notumor,0,train,630,630,84524f431db761466c684c75f26cd438b9ec9c2cc926ae9c87692f2ddb095248,aab70c8ccb1654f792373adaa602e111c16464cb6252fefd729ac9773af0c25d,c36d3bb4382661b6,,7ffcfb741a11214a,,,,True,development_group_overlaps_official_test
data/raw/nickparvar_v2/Training/notumor/Tr-no_1146.jpg,notumor,0,train,504,540,6bbd598920e7e8473cd34f3543be8a4d46b4f593ed26935de5daea9fbcbca628,178d762df4cf443ee7ec51eb6b5d48cce1a0850b228e778fb3e55406e085ba62,c33b2dd4349e7066,,ef0ff88991f4e412,,,,True,development_group_overlaps_official_test
data/raw/nickparvar_v2/Training/notumor/Tr-no_1147.jpg,notumor,0,train,200,252,975fd5ea57048f695381b21075ad371f387c86eedbcb2bc57b7793ea483e949f,ae01ae16eb6c2d9189c5ba32d29b18dbf7d7f986e537ea5ab90a1208ae4a2750,91161ef87a962d71,,0625900b355a4ea6,,,,True,development_group_overlaps_official_test
data/raw/nickparvar_v2/Training/notumor/Tr-no_1150.jpg,notumor,0,train,225,225,3cbf4e24aff52873c213e089a22ed6a66125c6d1155675741948a3f27583de5e,a9179cfab84b1d2007c693e2bfceae8cf0666b5bdcbdb606a5cd42b3af7ca8b4,9ccc6e3339986333,,88dfed22b0f16cf9,,,,True,development_group_overlaps_official_test
data/raw/nickparvar_v2/Training/notumor/Tr-no_1151.jpg,notumor,0,train,225,225,5efe78bafe3aa63b1c6950c4997a01df4bc4c8bf4dbee57305bb44f7a3606715,b24ebb28eb128ec6ad504f1924d8c73d832faab699259c758326c35f0b6c0732,c52f3a9039c76559,,129578c72051bf82,,,,True,development_group_overlaps_official_test
data/raw/nickparvar_v2/Training/notumor/Tr-no_1153.jpg,notumor,0,train,225,225,7062b5cacb6694c4b54fd799a8744d8a1f3f7a89110cc75a9fec2375f7fbb92b,8e31ba25afaaf5cb00688dae00bd3fb61a3933e35cd41ddf2e85916aaf1fa704,92cd6f3a642d30e3,,16c4474bb9149d95,,,,True,development_group_overlaps_official_test
data/raw/nickparvar_v2/Training/notumor/Tr-no_1155.jpg,notumor,0,train,206,244,9c8edb64bca8f43dd9b46acebf522300161150324c4071fa9545208d9e60301a,7f3d50add9b48c76cd8a35a36c5af2fd3be41d128d5f67a379c6db91ac853aa5,c0c80e476f2f3e35,,f1b2e09ad9e53423,,,,True,development_group_overlaps_official_test
data/raw/nickparvar_v2/Training/notumor/Tr-no_1156.jpg,notumor,0,train,225,225,4d6d8345c31adf3d7df67e8cc18941af505c24d39c1dd1f3e7ad37b3fee2801a,67b2f6c11d47c13e417d9528c3e8e3bc4592524d6da0dd3e96fd323b9d914d54,907a4fc56d92345d,,ab5fcf22d369291a,,,,True,development_group_overlaps_official_test
data/raw/nickparvar_v2/Training/notumor/Tr-no_1157.jpg,notumor,0,train,225,225,007df4da163eb3bd3f644512714535c2b7775e0d031d67c6409e5f6ce494191d,c3559c8d24b76f0f9bc396a988f558779748edeaee5a5d6eecc5542963fb9f50,97c5789a6e183999,,854c054f3dc5a577,,,,True,development_group_overlaps_official_test
data/raw/nickparvar_v2/Training/notumor/Tr-no_1158.jpg,notumor,0,train,225,225,fd701e8cdd7a47b2b7198334e09d7947edf3d2efdd68b73b8d47282256f9f475,6db0d10a60855a100e490c97cc317c18daf6a627cfa4835b66604d64f4c5e373,907a6fc56d92344d,,ab5fcf22d369291a,,,,True,exact_duplicate_of:data/raw/nickparvar_v2/Training/notumor/Tr-no_1051.jpg
data/raw/nickparvar_v2/Training/notumor/Tr-no_1159.jpg,notumor,0,train,192,192,42f57c5489cadea13c23631c5a65b58d44b265478abf924373b577c11e682fab,df473649cbb4a931bb0dcf640b912067c67813de99d50a91f0ebb7e06fbb8911,96e7681c65f2630d,,c1736549030229ea,,,,True,development_group_overlaps_official_test
data/raw/nickparvar_v2/Training/notumor/Tr-no_1161.jpg,notumor,0,train,173,201,f5544e8c132575583b8ae8825062f1344f718a051d4c41f06e07a5a6cf983faa,11bbbd7b4c41a0d17ae5280c35c5ee5b74185285b199a0bd1fdce2fa9d082d9a,c1433fb87a97780a,,cdffb7f53d44e5d8,,,,True,development_group_overlaps_official_test
data/raw/nickparvar_v2/Training/notumor/Tr-no_1163.jpg,notumor,0,train,201,251,3f0e57ddf3de34693e721ff3e1967a17d382d5614a8c6d7fe642acb95680b5e0,93590566ee855b970f7b5c9b5c3db1dcfdded252c605cae5d3009014c637683d,81681e277adb69a3,,7b3cde42b411124a,,,,True,development_group_overlaps_official_test
data/raw/nickparvar_v2/Training/notumor/Tr-no_1164.jpg,notumor,0,train,276,326,309d4f241a4264a088af432645bbe8913dfc84e6cdd6b94fcf999beeb9a03c49,9d1894dcf1e1cb5599aca1facb5602799efc25c5b3d927f0f66e1e998250bb42,d4484bb71d493f34,,5e36483137a51dc6,,,,True,development_group_overlaps_official_test
data/raw/nickparvar_v2/Training/notumor/Tr-no_1165.jpg,notumor,0,train,225,225,f7bcef6650bb0844ef3562033adfddb1f5db2c4b2c307df12a8f9cd79aa08e83,e30a60d2bb1a1f7f485a38e973d0ee2b2f208ef62961977b1780b99eff61c50d,c3693cb630c3a69b,,96a446732be26090,,,,True,development_group_overlaps_official_test
data/raw/nickparvar_v2/Training/notumor/Tr-no_1166.jpg,notumor,0,train,230,282,6a4b29fe5a2a1f98fc7e9f7c0a0f4af0b2f44ba0937e81a87d18a666d167ae91,34e2dc67237f576faa858a3666bcdce71de5d7d137523d63bedc8caee1ca2001,d43a6ee539c06593,,93fd8f25f6fec894,,,,True,development_group_overlaps_official_test
data/raw/nickparvar_v2/Training/notumor/Tr-no_1167.jpg,notumor,0,train,232,217,aa5165096afb739d38e983db067fd1269d3efab00ccd94d3a7b25ac1b01b64d6,eb05211485cb2df3571046f453413eab188e3f0125bc99c10c0713fb4bdcd261,c3d02dcf346c1973,,df810e97d2900c71,,,,True,development_group_overlaps_official_test
data/raw/nickparvar_v2/Training/notumor/Tr-no_1168.jpg,notumor,0,train,442,454,3417884d961b2682563c8f62839ced0e3697b21ff129ea1823be7811a09ccc19,fbb258e90e15153f292b44f50987c6b95a88b80d7b78adfdad8e3cd3b6a528f9,c3cb2d9c34db3231,,a9daef77fd0bf205,,,,True,development_group_overlaps_official_test
data/raw/nickparvar_v2/Training/notumor/Tr-no_117.jpg,notumor,0,train,235,214,b494332cd5c534f3c093f5f26b9dacabad2119be1d8a0e955843adf647c9315d,e77d63b36e58d38d94304c4b2b3d770a1f09721c8b11938b4c5358dc18b3c4de,d20b2fb52c346bf0,,42527c1db0bef710,,,,True,development_group_overlaps_official_test
data/raw/nickparvar_v2/Training/notumor/Tr-no_1170.jpg,notumor,0,train,201,251,6b8f5ec5f96e63fb543ffb0fef90857004942af0c44839abf5b9ad297b161da1,8c6c60667d8ac8820f28ab252363ca81723cad61d2fd2552a1d35c2c08168060,91971ed87a24795c,,e82889fc69ca47a3,,,,True,development_group_overlaps_official_test
data/raw/nickparvar_v2/Training/notumor/Tr-no_1173.jpg,notumor,0,train,225,225,39b8c88b93b1b64f6b83da51843937c211ae28c489edabeedf694959f7d80b1b,357e151b822d89a62102d596023a4900a67c1f792968f9223cd37b9ad180c333,87973e4e78686139,,da18a45e3c84c18f,,,,True,development_group_overlaps_official_test
data/raw/nickparvar_v2/Training/notumor/Tr-no_1174.jpg,notumor,0,train,173,201,88637fd4d0216cdb054acc0fa39a0725a0b4a1a6e195ed24a5c956bf665b8f33,2a18085b3db9c599ea6ae4f546568bb14fb61aafa1ea3fe5b777bfe9b4cc8e95,c1433fb87a85785a,,cdffb7f53d44e5d8,,,,True,development_group_overlaps_official_test
data/raw/nickparvar_v2/Training/notumor/Tr-no_1175.jpg,notumor,0,train,680,680,fb08cc7a7c75eb72d1965fbac1b47a0fc8a97cf9aa40944a14e4f7feca7fb5bd,315394653d83eeef095603af8802be498ed4743213fc3c5ca38bc838927cbd16,966a38e572c56987,,99eb71355da915e7,,,,True,development_group_overlaps_official_test
data/raw/nickparvar_v2/Training/notumor/Tr-no_1176.jpg,notumor,0,train,150,198,ef90188c7b02ceb86456ae379b353a3eebbc6b2b844b7570963c66cf460a0b52,056eead3cf5dfa0c1a773e05f93b5d153d22b3b650b5b2af7c2ccaa2997e594c,9712197f32f21b29,,7f5fd70953bdb5de,,,,True,development_group_overlaps_official_test
data/raw/nickparvar_v2/Training/notumor/Tr-no_1178.jpg,notumor,0,train,236,357,2ed15a662d8dcdf6077f3bf8bb4d21722e2a3b90ff2cf194db18b75933a4d322,02661f67a95daf748a1dc570b5394076c97d38e025e6706999295a3c5f9e5fdb,c3692ea23cb5acc3,,d303bb525bc3d808,,,,True,exact_duplicate_of:data/raw/nickparvar_v2/Training/notumor/Tr-no_112.jpg
data/raw/nickparvar_v2/Training/notumor/Tr-no_118.jpg,notumor,0,train,225,225,76ef713871312b96b12f38b2748551637b3eb35ecf2ecffb5501cb0e02afeba3,eaa70cb33d78254aa12124fa85db05302a1bed5d65d388f55fe4a3d0709de43a,931e6dc16457f41c,,20fc44a115061d2e,,,,True,development_group_overlaps_official_test
data/raw/nickparvar_v2/Training/notumor/Tr-no_1182.jpg,notumor,0,train,232,217,27ae033b50d7841f4418ed2ad22cd57dfac9b8518673e4d21509a2051c0ca342,739fecfa08473686929d4dc57559429de4a509bde0aa66a3db152ab411ffdf95,9785789a61396c76,,feda48b1cab03376,,,,True,development_group_overlaps_official_test
data/raw/nickparvar_v2/Training/notumor/Tr-no_1183.jpg,notumor,0,train,630,630,72f5f6723c7b92f641fb5d44513b6111c348e43005f8c1f4829f28eebd1117b2,ef8d0167c4183b8f0f8b864ed68b60a3f574030067420a513930d7c60640e459,c64f3ff078926129,,5bea05178dd1406b,,,,True,exact_duplicate_of:data/raw/nickparvar_v2/Training/notumor/Tr-no_109.jpg
data/raw/nickparvar_v2/Training/notumor/Tr-no_1185.jpg,notumor,0,train,228,221,0278e9fafedb70f3338d0813b1dc4b2793bddfbef955e6a9af860d43d2ecee36,41edcac2d2221faf46040f7ccb8aa67286725ef1222fbf71d9a275e2bd2a6f7c,977a6a6569252c33,,16dcd082fb4983aa,,,,True,development_group_overlaps_official_test
data/raw/nickparvar_v2/Training/notumor/Tr-no_1188.jpg,notumor,0,train,890,1075,73a882655ceb0a5b8d3f4beea54d9ab58aa36e1021e7807dbb1c72617d4dfecc,38f82e1effb7196d92e422eee9ef42ea92a549dce0f037f2cd629c6c3bd4959f,867e79b13e816985,,492594c6d82db248,,,,True,exact_duplicate_of:data/raw/nickparvar_v2/Training/notumor/Tr-no_115.jpg
data/raw/nickparvar_v2/Training/notumor/Tr-no_119.jpg,notumor,0,train,201,251,b12a59c1d52b2588972e8ee936e0cebba985e5c126b19c46c93d12c1a9170b4b,704e5f80ef63ee86b797a3a6ebc90d6d00e8df617c2227c25da58f0206160f9e,825d75ea47b89269,,901a20e78e7f079f,,,,True,development_group_overlaps_official_test
data/raw/nickparvar_v2/Training/notumor/Tr-no_1190.jpg,notumor,0,train,225,225,fe20d08e5475898e9b66661cddbe32d6d006438e57c36cd87be27b8dd9c0676d,934717fb1c57541572df7fb6e396d29bfce58a90345b49a73561a96d500a51ca,927a6ea568c7218f,,a95ddf86f86f8b9e,,,,True,development_group_overlaps_official_test
data/raw/nickparvar_v2/Training/notumor/Tr-no_1191.jpg,notumor,0,train,359,449,d19b7c8b81bab21afb8e136346bdc5b3eb8d91739a5375a7cdce730176b2173c,27f2fd3b7c59e48abe132bea2850ac8d1673d91d3412cef4d95ff2f541c4ebee,d4c24b8d3f713c29,,fcbc02f806528ecd,,,,True,development_group_overlaps_official_test
data/raw/nickparvar_v2/Training/notumor/Tr-no_1192.jpg,notumor,0,train,201,250,22172f933e947add6f66a689d6924fc7dbfbe7824d31779d5755e4c5a2faf349,fecc53c58987ae58260b303c5715c91bacbb4f9c20d2b73cc29038366a6185c9,81a41f477e7e6838,,71b577651d7c31a9,,,,True,development_group_overlaps_official_test
data/raw/nickparvar_v2/Training/notumor/Tr-no_1193.jpg,notumor,0,train,428,417,c86091470f7c55b51ff0c4ce4e85f477709f9858e3108cec5e2d4cec47aedda2,0dee16c8d58ed6d078eb588208dba7bc3a77f401161c6415e280d0b61ac79965,854a5ea57ab52996,,041f1507ed05be19,,,,True,development_group_overlaps_official_test
data/raw/nickparvar_v2/Training/notumor/Tr-no_1195.jpg,notumor,0,train,428,417,751d2b331faaa59454c4ee8b5e012ad1c495c1be7813057bec6f9cdfb77f71b7,35f7e270834f8cfa617631834919aff7a7c1aa3d322364af1eabcc443053b922,d03f0ef02fe03cc3,,a5339d9f73caa0bf,,,,True,development_group_overlaps_official_test
data/raw/nickparvar_v2/Training/notumor/Tr-no_1196.jpg,notumor,0,train,235,214,fc36ad246bb583e2f4abd45c8fb215dab8f2c9bdd7e0cfce1b787b6bad777d20,85a4b8a09add9315fbbc8a22aa3561b38a75956d8fcf8b0e477998a7ab3976bd,d0f42f4b2ccb230f,,b2fa5ce09a782f12,,,,True,development_group_overlaps_official_test
data/raw/nickparvar_v2/Training/notumor/Tr-no_1198.jpg,notumor,0,train,192,192,fc9c7306a9e37fe355611025df9ece34a0671b2854323ec6b95c91f9dc0c308f,1ff45661c670bf42f4937d005a1c720de3008c07f124f072c421dc965b0ba4dc,973868e3658c67e2,,431828fe07927d85,,,,True,development_group_overlaps_official_test
data/raw/nickparvar_v2/Training/notumor/Tr-no_120.jpg,notumor,0,train,339,340,2f94091c3dd7e715d186ffecfb3d327e64c133866158ff392179f9edf0a31e32,f4312683b99f24fa03eb8a4bbf78be17a16d8f4fed7bde68db3c9e1577cccc83,8f7f29a720a274aa,,97b704336430c493,,,,True,development_group_overlaps_official_test
data/raw/nickparvar_v2/Training/notumor/Tr-no_1202.jpg,notumor,0,train,173,201,66569a97b24135d247166c11fe175dce65f9679a2cb9e949e0cd1fa8beb9989d,886eb679ca2dd391c284bfca5120010d972b456c6e20520dbab44163a3b1213a,c1bc3e477a7870a4,,5168ecfca4b59877,,,,True,development_group_overlaps_official_test
data/raw/nickparvar_v2/Training/notumor/Tr-no_1203.jpg,notumor,0,train,225,225,840e12a9d0fc509d61fab11db74d1716234312bd96939b632e19b8f102ace3cf,2027647df4e07ac357f2c55a701b71b843c0b35e4d139ba1bdd2d1598e6f094a,876a3e31789768c6,,d529cd947d4f174d,,,,True,development_group_overlaps_official_test
data/raw/nickparvar_v2/Training/notumor/Tr-no_1204.jpg,notumor,0,train,207,243,d5e2a3c0f54875c7f3291a7c651b091db54d4aa1a6a7bc39a00b97cf3b3e3494,897d75d9926cf14d06535ef591a803a5cb53f81f2dc03e133674e1343255472e,d3d40e223fcc2cc7,,8a34188aa9f6ae01,,,,True,development_group_overlaps_official_test
data/raw/nickparvar_v2/Training/notumor/Tr-no_1207.jpg,notumor,0,train,225,225,59129e8a5fc88835ba3706191fb392754e132c7a39d1efc655fd1cd4a52873de,c7903e67ef21d7c9f80da001d934b63e904e73638d99b4e4c48a798f6d8fb986,c6b43a6b31a8e1b6,,f6084a9fd5918921,,,,True,development_group_overlaps_official_test
data/raw/nickparvar_v2/Training/notumor/Tr-no_121.jpg,notumor,0,train,755,824,cc336bb30a64c66a0897e048331ca9818b553b8d0c313ed4980971c5b8ea1b46,e5e2198078d8eef300bef1a15f5db8faff50bfacf0acd516a3af7848f9ca7c2c,9463481f6b691e6d,,68f5139553979035,,,,True,exact_duplicate_of:data/raw/nickparvar_v2/Training/notumor/Tr-no_116.jpg
data/raw/nickparvar_v2/Training/notumor/Tr-no_1210.jpg,notumor,0,train,468,444,fee91ce33fea3d3b942c9b8d7dd62f568590e9913a2862839f6655a5bea2c881,f8fccb17e3734818f8afad0f94cec0135c53a6134ca28eda7736d2a7bc06b125,95787e616a356a25,,adad72855c74ddca,,,,True,development_group_overlaps_official_test
data/raw/nickparvar_v2/Training/notumor/Tr-no_1211.jpg,notumor,0,train,630,630,048e254ee4d567c52d8e12aa00739ad6f8fe7b93a54dc838e5bd812df71dfddb,e93091569212ea4228a2e8bf186216e49c40a995980e185a7ca829c2146a92e3,c36d3fa4389461b6,,2840c12ff1a8570b,,,,True,development_group_overlaps_official_test
data/raw/nickparvar_v2/Training/notumor/Tr-no_1212.jpg,notumor,0,train,630,630,c8fb9c6460ef410858fa717c1ab5f5d4828e51d3af2d59cc2982b1d5e14b840b,b03320eeb9e15501acef7e60a3fe34efb1747a3fdc9602ac55302dc2dbd03fd8,c76f3a9031c76549,,129578c72051bf82,,,,True,development_group_overlaps_official_test
data/raw/nickparvar_v2/Training/notumor/Tr-no_1215.jpg,notumor,0,train,225,225,095f490add721bac4d19a102bd1ca17506a98c75ef5a73eed77b9c9dc9b8ae6b,800f05fdd83ea9482f79cd7e120b0400c7ba92385798560820ea409aee711af5,c2942d63353d71c7,,41280dd89d6a8d2a,,,,True,development_group_overlaps_official_test
data/raw/nickparvar_v2/Training/notumor/Tr-no_1218.jpg,notumor,0,train,276,326,35152f4387b20cf97412b154dc31133f1dab1f9c8b046a49f72e44cf63bf2234,dbd949698be5c9ddbbf03779f26180eb99c957cf370b29c7ecea29db6ed59a87,d4f743480cb633cb,,c2663e89960390c7,,,,True,development_group_overlaps_official_test
data/raw/nickparvar_v2/Training/notumor/Tr-no_122.jpg,notumor,0,train,504,540,ab52edaeddcac991282973ad17b95a0d2afabbad4d9ddfe8258cfdb558016637,3bca40c06862e5aa2334e4fec52c0d0aac2426551a3cacf9045a1cf684f0b9be,9693787e613465cc,,774c2839eea4ab43,,,,True,development_group_overlaps_official_test
data/raw/nickparvar_v2/Training/notumor/Tr-no_1220.jpg,notumor,0,train,201,251,e3e6a073b081f5d7fc2fad33e3c2337ebfc8cd327a7b44ad9e6bf0313a32e600,efb7f736ff54966704728c5206582f98f211c8b7ffb2c92f886dd1572749a831,91971ed87e24695c,,e82889fc69ca47a3,,,,True,development_group_overlaps_official_test
data/raw/nickparvar_v2/Training/notumor/Tr-no_1222.jpg,notumor,0,train,225,225,a965bc16995def531b0b94dcf46eb46ebcb15e1c485efebcaed5081aea06b23d,258d9650b72d35b0b9c17f737d8c6820d7e16f3e907aeedb1d98fc3b10ce1984,907a6fc56d92345c,,ab5fcf22d369291a,,,,True,development_group_overlaps_official_test
data/raw/nickparvar_v2/Training/notumor/Tr-no_1224.jpg,notumor,0,train,504,540,f99dd2123cf3911d172622afe0541ad5048b98bcd1ac78a4acc55732a3167c8f,9c752b713d1c003073e15b740f7294f6740f56e1d784a100cdd6a36beccc6f05,966c789561cb2537,,5470992ff1c0af0c,,,,True,development_group_overlaps_official_test
data/raw/nickparvar_v2/Training/notumor/Tr-no_1225.jpg,notumor,0,train,201,251,90bef7c8bf816ab5bd8a8b518f092f353383b5a373b726b79b8c795e291c6a3e,a1819d156e2907bc684d4d3f255e70d17674ee64b9a21524d86939dd22fa4d18,d7f728411252cfc3,,6098bfb37445a343,,,,True,development_group_overlaps_official_test
data/raw/nickparvar_v2/Training/notumor/Tr-no_1228.jpg,notumor,0,train,150,198,2a3fd7800902a88a98a1483735768f957018af11673a34de4b1c7732a03f851c,dfbc1844918ce4fce294a24ebdf9388029ce35a13ef40b1f0190c21524635492,9712197f32f21b29,,7f5fd70953bdb5de,,,,True,development_group_overlaps_official_test
data/raw/nickparvar_v2/Training/notumor/Tr-no_1229.jpg,notumor,0,train,225,225,d8aa0c290788373a5806b52c23736910308ca19e0164bd1984ec30eb67a7ab22,e58bf093d639d108abd6533745e997a5fcae4bb7b6b70e16e71e9ffbfe5ac363,97c1783661796497,,399691111143bb83,,,,True,development_group_overlaps_official_test
data/raw/nickparvar_v2/Training/notumor/Tr-no_1230.jpg,notumor,0,train,227,222,79f84d67e7bc8f7984c795f3e882430f9ebc2dabdce712a24e183dba92431215,becec3f97782d177fb926475fdfd36bd824b8b704cd9cf7460a02554e3d8fc8b,85955a5a7a4b6969,,c3a156e571fe3891,,,,True,development_group_overlaps_official_test
data/raw/nickparvar_v2/Training/notumor/Tr-no_1232.jpg,notumor,0,train,428,417,08e096f199049b3f1b99f6531e49b09898220f7aa37b7f8f45a55e34c8aed6e0,6afe6b9ac8ed69636fd4612910b15e814f31b34e983a8dae70e2ce74a1136b01,d03f0ef02fe03cc3,,a5339d9f73caa0bf,,,,True,development_group_overlaps_official_test
data/raw/nickparvar_v2/Training/notumor/Tr-no_1233.jpg,notumor,0,train,194,259,e12273b5c76a05a2a14ca1147c3bb48f3bb66413b956eb9a5d27d672a87854c9,501b5f89923ceda203bdc1f26de23433c3e0e9f657342b191e1ecaee1bc2f88a,d7332e5868e628ce,,983fe2839ffffefc,,,,True,development_group_overlaps_official_test
data/raw/nickparvar_v2/Training/notumor/Tr-no_1234.jpg,notumor,0,train,201,250,e9a63334af63a2ec8cab2149ec091466c60df5fe115cf36cc30c9304dacbb376,ceb9afb65bfff079c49ffddbc34b8185288a260bce250a65391ee4379f126456,805b1ff87e9168c5,,d318fae91758d495,,,,True,exact_duplicate_of:data/raw/nickparvar_v2/Training/notumor/Tr-no_1145.jpg
data/raw/nickparvar_v2/Training/notumor/Tr-no_1235.jpg,notumor,0,train,236,269,25dbc9664f03a7af82b74aec6c5497cd94dc5f6f639907656725d0ac88cfd111,c41abcca0f7be47931a09db01b183525f88d3ab20a0512c3dc9e3246096809d5,c00f3b202f9bb16f,,37b7af2cb0226dc3,,,,True,exact_duplicate_of:data/raw/nickparvar_v2/Training/notumor/Tr-no_1154.jpg
data/raw/nickparvar_v2/Training/notumor/Tr-no_1236.jpg,notumor,0,train,225,225,b3194148761c0169717896116725e38e430812e6d5a6b6c62c9cf06e7cf00916,67e5ac4b614fe9dd45049dc6f98d1699d6053846c9338cf699622eaa1cf1969d,93e16c3e64a8b4e3,,e7a10c1e539dd946,,,,True,development_group_overlaps_official_test
data/raw/nickparvar_v2/Training/notumor/Tr-no_1238.jpg,notumor,0,train,428,417,93e842f97481631adee41bcde9b493d6ce88795a7561a77cfd06d67f5aadcab1,b7ebc6041503c12326c757b6b0b7e6507538233ce1d5c70343a42ff9c2839540,d01f0ff02fe03cc3,,a5339d9f73caa0bf,,,,True,development_group_overlaps_official_test
data/raw/nickparvar_v2/Training/notumor/Tr-no_124.jpg,notumor,0,train,393,400,944929c7b08e3c51e615e6c37b9f6fe5cd534c647c7428906caf9213a7730d73,7e3919274c5a6ef66003b2220fbb68a0439be00ae0f0def6235972de243a9971,951e7ae0793139c9,,75b2488d990b6de6,,,,True,development_group_overlaps_official_test
data/raw/nickparvar_v2/Training/notumor/Tr-no_1241.jpg,notumor,0,train,173,201,238498fbbf7fa7715a69ca463c2696a27043f88c213975b232c10e938ce0ef21,31b5d2e8429fc790995bfac62a6c0bff83b17ee6c844bffb807bf97ebaaa94a5,94e96a122f2f2db1,,3c3958d62d06fe85,,,,True,development_group_overlaps_official_test
data/raw/nickparvar_v2/Training/notumor/Tr-no_1243.jpg,notumor,0,train,468,444,9e3d760bc57c57ba974dc2d146ae911d649c3dc3181e3fbc69bbb54bba47cd49,e0fffec66b3fc960b8147a5606481f6b70ee02fb636883e7e0d6c80d8ef19723,c2822bcb3b8f2c8f,,2f9116d63e9062ee,,,,True,development_group_overlaps_official_test
data/raw/nickparvar_v2/Training/notumor/Tr-no_1244.jpg,notumor,0,train,201,251,17bd1588f84aafbccb846c974ae1f24cef5ce6f0fc0f32a4417af50bfe9f52cd,99ea8f8309d44e32aa586ae9e55bc4a86c59494b7ba93723ac850e51b92e6590,91971ed87a24795c,,e82889fc69ca47a3,,,,True,development_group_overlaps_official_test
data/raw/nickparvar_v2/Training/notumor/Tr-no_1246.jpg,notumor,0,train,227,262,5668800a67d13c63586c08dfb5b7728ca279819f6112076bee641871d20063a1,54cc3a70837fd6a5bfaf258801ef6c7c26c6b80692c4760946ae1bdbedeed4ff,94917b5a688f692e,,b28ca91d20dd3a7c,,,,True,development_group_overlaps_official_test
data/raw/nickparvar_v2/Training/notumor/Tr-no_1247.jpg,notumor,0,train,225,225,dfcdd1f41c110b6a2854c5db3512734c82e77bad2d11df796803f5f816bcb736,6911aeb470f5433ae7a5264f949523b37c2c08beea1942886be17a39128dd4bd,96386a716dc534e3,,214fe2cfa86b7f5d,,,,True,development_group_overlaps_official_test
data/raw/nickparvar_v2/Training/notumor/Tr-no_1249.jpg,notumor,0,train,150,198,c74e4880a72b8e540582bbbfa648f10a129b661651e61b23c7a0c8534e0229a5,a120a7e10731883da70c40dcc5a8cc54cc4a1bd20ed3b3f47500f00c9e4067c3,c2ba4cd567584e8b,,f7a79dd581eb97a6,,,,True,development_group_overlaps_official_test
data/raw/nickparvar_v2/Training/notumor/Tr-no_1250.jpg,notumor,0,train,442,442,23ad945a2fba6972b2eaa9c6983f7b4cae45bb6573c7ba34d8372a06657e8c4b,1d3611887c2c33f8b1f393b763fd84db3d4d5c7353fa30e9c993be6ad7bdf1ae,933e6aa16cc3348f,,cb799d998c0a2650,,,,True,development_group_overlaps_official_test
data/raw/nickparvar_v2/Training/notumor/Tr-no_1251.jpg,notumor,0,train,218,231,3c640c679ff2cd9f0c59d6f7bb94057122a7a0753c9f9eb5a5c4a73daeac8bbb,258e8f02255f30ca47e028222c8fa395910586fc2f03ad98d22deedfa3202a34,86c17b8f6a3e6918,,17666fbcdb2d62d6,,,,True,development_group_overlaps_official_test
data/raw/nickparvar_v2/Training/notumor/Tr-no_1252.jpg,notumor,0,train,225,225,7fc77a030dc7e2098bc82150d298940040ab470f13fc7eeeb0e5bb876e767b84,9a88a15fc61701cdc2216a6bc63a1001aeb84036a1f986bab43bfd30a100efff,c64f3fb078936129,,5bea05178dd1406b,,,,True,development_group_overlaps_official_test
data/raw/nickparvar_v2/Training/notumor/Tr-no_1253.jpg,notumor,0,train,236,218,9cb0bd6ba354991ae933b55af58ca040f3b8db01add876aba09159d7badd3599,eb31793dd8b4d3e938ca099b75969218a3e135d1041ca5fc7c7867113b5e9fb5,cf4b3c9c70323339,,165718d80f1fc6eb,,,,True,exact_duplicate_of:data/raw/nickparvar_v2/Training/notumor/Tr-no_1194.jpg
data/raw/nickparvar_v2/Training/notumor/Tr-no_1255.jpg,notumor,0,train,225,225,23a2be16cb8ca2772593b365bc3016b5c84aa1267e4fa2d82128678b29bd5904,1da1048a026e16b70467dedc7884f1ba57f0d705a2e8cdcda17eec0785d96813,c7983a6f313865a6,,ff1d29f66632fe2c,,,,True,development_group_overlaps_official_test
data/raw/nickparvar_v2/Training/notumor/Tr-no_1256.jpg,notumor,0,train,225,225,fe24daa88baf76924782a693df2e59e39ffceaa4ff75212ffbc8d3a5d25aaef0,7c125a9585281c5e504248cd16b48a8cbcca0103e9ac3e611855672694f0cb84,c52f3e9039c76159,,129578c72051bf82,,,,True,development_group_overlaps_official_test
data/raw/nickparvar_v2/Training/notumor/Tr-no_1257.jpg,notumor,0,train,225,225,0f89225efd176c55d0a06bdeb4c54b455a42921f86aa1f41deebc23f32e9275c,a18635a53b1b4e4819befc8264cd5e2a4212695650f685e3ab0955ed38786879,c64f3ff078926129,,5bea05178dd1406b,,,,True,development_group_overlaps_official_test
data/raw/nickparvar_v2/Training/notumor/Tr-no_1258.jpg,notumor,0,train,228,221,bca46d27cc9a486f55a197c8c55e98a205f977151fa337b08646d6c393f1e6ec,8d645fecd9710cf9b85fadca834dc63008ca790edfbebafc4915244d834b19b9,c00f3f703c717966,,268c2b96ebe5d2fd,,,,True,development_group_overlaps_official_test
data/raw/nickparvar_v2/Training/notumor/Tr-no_1259.jpg,notumor,0,train,227,262,4e2da5e2fcdf333fce0bc4b5c7f641178b6325c40c4d1119e609cf7dee719873,6f574f2a1ca315d945539a744e90ebc3c7e15f16898ad8f9fe57bdb47fc364cc,946e7ba5687161d1,,6935fb75f18bfc77,,,,True,development_group_overlaps_official_test
data/raw/nickparvar_v2/Training/notumor/Tr-no_126.jpg,notumor,0,train,201,251,fb73dcde320b4d1323be8ff5952744006156ee952d260bba2f747d54b0bdf18c,49a05025d5a82865e9a63bea8a4a8424073db937ad0e3ff0c515a471336180b1,81681e277edb6983,,7b3cde42b411124a,,,,True,development_group_overlaps_official_test
data/raw/nickparvar_v2/Training/notumor/Tr-no_1263.jpg,notumor,0,train,206,244,e5996ba69ce3955174a4ac90bb72484b6260914348c59e3c5dec7aa53a7ba973,5c8e13b87b5f5dcb47943957db2f7c575232ffe94388e0dcac891be44f424fb4,c0c80e476f2f3e35,,f1b2e09ad9e53423,,,,True,development_group_overlaps_official_test
data/raw/nickparvar_v2/Training/notumor/Tr-no_1265.jpg,notumor,0,train,236,357,2ed15a662d8dcdf6077f3bf8bb4d21722e2a3b90ff2cf194db18b75933a4d322,02661f67a95daf748a1dc570b5394076c97d38e025e6706999295a3c5f9e5fdb,c3692ea23cb5acc3,,d303bb525bc3d808,,,,True,exact_duplicate_of:data/raw/nickparvar_v2/Training/notumor/Tr-no_112.jpg
data/raw/nickparvar_v2/Training/notumor/Tr-no_1266.jpg,notumor,0,train,468,444,55e2609d0f46ed12daeb4fa9874649865486ce45d688d7c218d9b50394772767,079afa011afc526666f64db96caad2144a5985a51b28839c6bc05e317d7e4507,c22d2b343f703f70,,d63573e240b184d7,,,,True,development_group_overlaps_official_test
data/raw/nickparvar_v2/Training/notumor/Tr-no_1268.jpg,notumor,0,train,232,217,da6936779e8db4c1fad48c802e36230cf0b51ec882134446685aebc24b7829e3,619214d7adcfbdda549fb06cbc848c1d2f07cf4c6190d0ffef2ee1fb06a6c2f5,cb633c1e3298c3cd,,566902baea8c97e1,,,,True,development_group_overlaps_official_test
data/raw/nickparvar_v2/Training/notumor/Tr-no_1269.jpg,notumor,0,train,442,442,ab7d57cd630ecec65a8fa8700d52cf87702947ecfc7e855456fae192270570d9,e1c637e00b83519e9c606f003f0270b376795b03c8e64b7fac21926139dcaf47,c66b3cb4319661da,,514712069d2e827d,,,,True,development_group_overlaps_official_test
data/raw/nickparvar_v2/Training/notumor/Tr-no_127.jpg,notumor,0,train,504,540,442fe13dc6571735614894ecc8eef641357445b2276c4bf58a2324307c5df6fb,f03c3fc1c19b0300e7d3b34644530264b6dcab2b61aa117abefdb46b77ce2227,c3c62d3f3461709d,,38829dfae5d1ced2,,,,True,development_group_overlaps_official_test
data/raw/nickparvar_v2/Training/notumor/Tr-no_1272.jpg,notumor,0,train,177,197,14ef06b0b1863b247fdd4e305826bf78df0d7861d7cf0d0cd2b3d0cb4fc09b3b,225180714a257a80bce8e0f2b19563ebd62874bf51fbaff1f533752b06aaf6ff,c36c6ce33c3c30cb,,e58db52d916c73c3,,,,True,development_group_overlaps_official_test
data/raw/nickparvar_v2/Training/notumor/Tr-no_1273.jpg,notumor,0,train,225,225,f9db6c451eb3bd3fa309844106e461aea682cbb08395fa8cae70e49e19feffaf,8fccfc70a372ddb1e24a108bae179f5d2b6f1a4cc85e774c85eadf28f159dc7c,973a7a616c673126,,ceb06ba06804340a,,,,True,development_group_overlaps_official_test
data/raw/nickparvar_v2/Training/notumor/Tr-no_1276.jpg,notumor,0,train,428,417,672390a6f25f986ea8d9f6469ca9cad06e0be86a5712e99fce2139e0a909805c,47da5a299e6a3e3ed7e936c3d70ceca753d4537873448cb6d9364da701d7b0bd,d2c00e0f2fde3c3c,,7660d1a9ac5e42b7,,,,True,development_group_overlaps_official_test
data/raw/nickparvar_v2/Training/notumor/Tr-no_1277.jpg,notumor,0,train,420,280,0bbe8a2a1bfa6dd268852dee167c8e309391550370ef8dc656c360f260669abf,2ca21bebe84b9fefba17100dc8700abd5b4b076359c595438a856e361d41682e,ce6c38b634326799,,8ea48ab8c3189875,,,,True,development_group_overlaps_official_test
data/raw/nickparvar_v2/Training/notumor/Tr-no_1278.jpg,notumor,0,train,215,234,03c8ba33e9897774838b68c219dacfbcb795d01b6643f309edce8c86fd992751,1c833226af163e001bfed5efd88f30c4a717214e280842ce218019a587cdf353,d01f2fbc3d42342d,,b2f7014771e01382,,,,True,development_group_overlaps_official_test
data/raw/nickparvar_v2/Training/notumor/Tr-no_1279.jpg,notumor,0,train,300,168,428c6e2a538eced2a14f9f3cd63534f10be023565bc4c611a76d8bf651195c67,79fd9a198f6d84e64303028467832457e62f781644483aa49cfd2a306e4967d8,ce30396733674c36,,897c8c7e86784901,,,,True,development_group_overlaps_official_test
data/raw/nickparvar_v2/Training/notumor/Tr-no_1280.jpg,notumor,0,train,206,244,f0b7d2070b123f45c683b89e7b679401cf2e299121c8f8296fba9a633965b662,2b945e0ae3c8d2db8a46a78dd58377a86b0f7d186b993c8dbbdeca0b75ceab26,c0370eb86fd13aca,,85a3aa2e850dbeef,,,,True,development_group_overlaps_official_test
data/raw/nickparvar_v2/Training/notumor/Tr-no_1281.jpg,notumor,0,train,200,252,1760da4ac516c8564bf06bc349176a1463dbb49f4de7b6d0b986ff015b96bd62,8b4cd47f4f20c29a7ab604643141c6e57a8ad1f9b23425f2822ac00e9136b5af,d0161ff87a962d51,,0625900b355a4ea6,,,,True,development_group_overlaps_official_test
data/raw/nickparvar_v2/Training/notumor/Tr-no_1282.jpg,notumor,0,train,428,417,0b048e3ce5d4cfda7c432c524bbcad3d803a41e2f68e9b454024c84c5be22cbb,3f9650638fdd8f86cbcddcf7468a14acf41c7bb8e0e4bb2fb48953c3d0e2277c,85955a5a7a4b6969,,c3a156e571fe3891,,,,True,development_group_overlaps_official_test
data/raw/nickparvar_v2/Training/notumor/Tr-no_1284.jpg,notumor,0,train,225,225,2a85269a7484f04608c93c57c46bfd8f28a0c411189cd5cb2d1eb4e13be1a42a,7aae9a67705411321487bd146c871d11d9d1a961691362d1680d479a67fcad4f,971e3ee068996137,,6d3ecf8e3476041e,,,,True,development_group_overlaps_official_test
data/raw/nickparvar_v2/Training/notumor/Tr-no_1287.jpg,notumor,0,train,227,262,b5c108d489d9ef13f1046b6f5ba3fe5720d3dc4b77ced0726f56cb587555a3dc,aeb2cb763f0b9d76fdfee28352bd93a261362f24757d01318405a23795fd4234,c17b2ef03d253c8c,,ad527884c16aa365,,,,True,development_group_overlaps_official_test
data/raw/nickparvar_v2/Training/notumor/Tr-no_129.jpg,notumor,0,train,350,350,43c7fb765b0d878dca03cd26cb414b56a2e3280ce2510f3a84dac11003bbd0a0,a9b48db002e4a113974ee5508f6cb3d3d30d2f009d80ddf9cb2206b5032d7b54,9d6a6e353823338e,,ab647b97b18277e1,,,,True,exact_duplicate_of:data/raw/nickparvar_v2/Training/notumor/Tr-no_1079.jpg
data/raw/nickparvar_v2/Training/notumor/Tr-no_1294.jpg,notumor,0,train,225,225,1e8c600c9e7421f1308e2d10a8854ba8b86e52d312dbce15358948bcc9c901fd,93db502b54b57591aa201fa6864c9e7a5465d0017876937db3f53bfd43ef0c9b,c6b4386b31ace1b6,,f6084a9fd5918921,,,,True,development_group_overlaps_official_test
data/raw/nickparvar_v2/Training/notumor/Tr-no_1296.jpg,notumor,0,train,642,361,2377035d0d8766afc086440b729c815b7db06001abdcf6a6ecc0149326f41851,6b73629e1c3abbff9cc9c05de59f357f66fa48f22e76171703dce353078d82d5,cf383cc336639893,,00f3353d52538547,,,,True,development_group_overlaps_official_test
data/raw/nickparvar_v2/Training/notumor/Tr-no_1297.jpg,notumor,0,train,630,630,dd5e0845bfd97f6b294f6b2788067c35b034dd9331e6cf1f441cabe753eb8c78,c3cacf26f612f84618c47136accb329be9eed4fcca0069c0cebec0bef1dfbe0b,c5903a6f393865e6,,ff1d29f66632fe2c,,,,True,development_group_overlaps_official_test
data/raw/nickparvar_v2/Training/notumor/Tr-no_1299.jpg,notumor,0,train,173,201,580738fcbb7a6e65340fbdaea4ee0132ec6bacde94a82139d80c5cd4d9291524,6743351c490f69ce98fc7c0427d1c172d04f30fef8268945d54e27da9615f1d2,c1433fb07a87705b,,cdffb7f53d44e5d8,,,,True,development_group_overlaps_official_test
data/raw/nickparvar_v2/Training/notumor/Tr-no_130.jpg,notumor,0,train,228,221,8927ebe063a6ae13a712b63337c07ee2ed17c1f68e4644f1acdd2f9189c27e43,195c565189a56100fe3225e10e992d8bededa24f48afba72e3f552b1e9c84555,977a78a561c6498b,,255f45cea24b5cba,,,,True,development_group_overlaps_official_test
data/raw/nickparvar_v2/Training/notumor/Tr-no_1300.jpg,notumor,0,train,225,225,e5d0461d84fcaff5702c3ceab42d533eb7fcfde3242579d9862bf2262609c6c0,408b0d039ab1ae58c3bbf853fda404890880c2e81b1cfe5293a3d7b7af28741d,931e6dc16457f41c,,20fc44a115061d2e,,,,True,development_group_overlaps_official_test
data/raw/nickparvar_v2/Training/notumor/Tr-no_1301.jpg,notumor,0,train,200,252,6647a2404d60ef431ca20e7e204d085de00c6c2eb12e7594d681ba045b640aee,e91360264bc9cb91a56234f6574a87823a4cbf91876775098d43232ef6e6b753,d7a548124f0a7f1b,,90ac2fed75e82d88,,,,True,development_group_overlaps_official_test
data/raw/nickparvar_v2/Training/notumor/Tr-no_1302.jpg,notumor,0,train,680,680,e22f980ae6f8f79a1fd96c0e2711d06767493d2d7c19d885fd89f6207702c3f3,35fcb0f30fe8ca79bd271420ddfc1b729efd5822a8305ec6b66497d79215c930,866a38e57ac56987,,99eb71355da915e7,,,,True,development_group_overlaps_official_test
data/raw/nickparvar_v2/Training/notumor/Tr-no_1303.jpg,notumor,0,train,225,225,eac0ad5caf700b9de7bc5501b14e04467775a3cc7de2ed01d60edf3a6deedac2,f238e43b8af84f0c842b93e5958684d44faa2abdd4d41d050c564278a8a3d442,931e6dc16457f41c,,20fc44a115061d2e,,,,True,development_group_overlaps_official_test
data/raw/nickparvar_v2/Training/notumor/Tr-no_1304.jpg,notumor,0,train,359,449,8d05b166ca62499ea2da6f109fcf0d38e4eb8f8505964add2078cb4fd246fcdf,ec30fe2c871170e1f1b5a8f8cbab49869f1fd015eab8971951356d67b4a6fc55,91973ed87a24695c,,e82889fc69ca47a3,,,,True,development_group_overlaps_official_test
data/raw/nickparvar_v2/Training/notumor/Tr-no_1306.jpg,notumor,0,train,200,252,b15170faec1cda7cf01d47b472700acd098d7ea8702b6b33592d7f3a4bae7c9c,1c16eb172e278355073230fc9682ce3e27836efef4c40a2f4ba7360e79d0e82e,d1161ff87a962951,,0625900b355a4ea6,,,,True,development_group_overlaps_official_test
data/raw/nickparvar_v2/Training/notumor/Tr-no_1310.jpg,notumor,0,train,212,238,e7356b3c77c3b948e213b0d6c975294a448f46671ada0378127fdd90bb27c995,fa35ffd69f4336552761527ae78e9d0bc17420bcc91a79d79250c7befd6d9e69,d0d36fa7391c642c,,1ef0bef4e0895544,,,,True,development_group_overlaps_official_test
data/raw/nickparvar_v2/Training/notumor/Tr-no_1313.jpg,notumor,0,train,225,225,b8952666dd8feebb54954be18277298c7861c098e64d0063abfc5ec4a8eca2b6,e778fd0b51ff9fb6b949ab7101f4bee34a331fbbe03b00921d647bd0c22da401,c9993a666cc93666,,2034c7508d8767c4,,,,True,development_group_overlaps_official_test
data/raw/nickparvar_v2/Training/notumor/Tr-no_1314.jpg,notumor,0,train,442,454,6ee6a66bde9c2bdff02b49daeceec936aa338c75df519148b7255a391d4a7c2b,0f3955707a92613ac779864a2032378c6afd0a8ce5872d5abacce83d955d82ee,c3cb2d9c345b3235,,a9daef77fd0bf205,,,,True,development_group_overlaps_official_test
data/raw/nickparvar_v2/Training/notumor/Tr-no_1315.jpg,notumor,0,train,630,630,f8a4175365b64fbd9d2af3c2629748d5a9758df85555c1e254d89d57783413bc,4159626a0703b531a9b543436ce8aafadb07c0dbfed135059ca54757d9f539dd,c56f3a9039c76519,,129578c72051bf82,,,,True,development_group_overlaps_official_test
data/raw/nickparvar_v2/Training/notumor/Tr-no_1316.jpg,notumor,0,train,228,221,b7c27d5f1a82137601cc7630779fe2aa120bd9cfd9ddf3a2607c86255de7c9f0,d7631975451cddadcb335e92749a21978327d14ef28e8b5075a3643571d7e84e,c22f2df074931cda,,c8913f2b6ffa2b0d,,,,True,development_group_overlaps_official_test
data/raw/nickparvar_v2/Training/notumor/Tr-no_1319.jpg,notumor,0,train,236,270,e2624788382fce1d1c00840375cdd541241d61de6137e9c1c6d69f83d7c99307,5baf65fdcef34b5ab80885b3c94ba8fd4bc6906820f2bba54a31007533807608,9299501f7e7368e4,,f3957ebed4df5f14,,,,True,exact_duplicate_of:data/raw/nickparvar_v2/Testing/notumor/Te-no_92.jpg
data/raw/nickparvar_v2/Training/notumor/Tr-no_1320.jpg,notumor,0,train,724,851,7a7fcfb55378e4367cb3f163dc510df7e4b5f95d8fee5e4407b6ef397d56e243,6a5d1a55e3cb6ac52a65e882e687ce5c27924453c2da524c8145282c2a71c766,958f3a6a69c0387b,,7d8c2aaff63dc5fa,,,,True,exact_duplicate_of:data/raw/nickparvar_v2/Training/notumor/Tr-no_1179.jpg
data/raw/nickparvar_v2/Training/notumor/Tr-no_1322.jpg,notumor,0,train,225,225,f5ff3a81392cd65dc311b94a0051b87013f1c65ad847889afd29dd4d92d91414,51040d0cd47a4361cb5ba9df51c311101f37d37d52443bb36783bbb50e987044,87953ede78486919,,da18a45e3c84c18f,,,,True,development_group_overlaps_official_test
data/raw/nickparvar_v2/Training/notumor/Tr-no_1324.jpg,notumor,0,train,215,234,63aa7a3bcfd52ad4e04e25c867d5e0c6345062c54fa5b2e312a0d868a08c8b97,aeb235b84c6937aa212e7bd8a99e2a3c9fa9e94cb2e91a137b06fe4971fe6327,d21f2ff43d22340d,,b2f7014771e01382,,,,True,development_group_overlaps_official_test
data/raw/nickparvar_v2/Training/notumor/Tr-no_1325.jpg,notumor,0,train,214,236,f7f5a375b5aeaea2aa0d8acfa4d171684f5fa49e810006317b271ebafc7b0824,e5c6fb6082a82cc1f43a7f716c11c3d8fa63d2ca851849c4f4578e44fb0a2da0,80625f4f3a23799d,,e35cabaaa29279a5,,,,True,development_group_overlaps_official_test
data/raw/nickparvar_v2/Training/notumor/Tr-no_1327.jpg,notumor,0,train,230,282,90303780224f24f31368418234e9de10c2ad701f7d8fc64afb718b8f24f7350c,30b5efae4b486a69070626396bc1c97c5e653f2579b63105a4bafa4de1f4b4e7,c43e6ee539c46592,,93fd8f25f6fec894,,,,True,development_group_overlaps_official_test
data/raw/nickparvar_v2/Training/notumor/Tr-no_1328.jpg,notumor,0,train,227,262,5672b0b6e7650e8f8675104fddf9af6c4dad65261191c353b87d782d2cffd58f,35f38940c7b156c043ae3ca12f5561b8b9e06b9ce31d9b7b0e3e99b79d707b04,c1c42e0f3d9a347b,,29f6a76567ff2221,,,,True,development_group_overlaps_official_test
data/raw/nickparvar_v2/Training/notumor/Tr-no_133.jpg,notumor,0,train,442,442,b396caa83da170f384de32368fd40ab0fbb00232e12fd2b463eddff69741af44,a566295666c607d295369ef707b1d767f00c7d55ec191bc21cc4e520281fc7f3,c23b6de135e3308e,,66ba23ce8124cbd9,,,,True,exact_duplicate_of:data/raw/nickparvar_v2/Training/notumor/Tr-no_1245.jpg
data/raw/nickparvar_v2/Training/notumor/Tr-no_1330.jpg,notumor,0,train,468,444,1180fefcd5ba2a8f43c541c3158c3d6b3edb8309eab8dc9c61f109d10d5b5050,fbfc817d9d109686fdceb24a44bde3ac432df501c75da612473aac9c0f17ab7d,c22d2b343f703f70,,d63573e240b184d7,,,,True,development_group_overlaps_official_test
data/raw/nickparvar_v2/Training/notumor/Tr-no_1337.jpg,notumor,0,train,200,252,384faba98e97f13d58c91f82db66f2c6588b9fc1639d6498feec62604f45ec5e,78de0151e6613d424aafedded2f0cc15f2650b84845e01c1f37f7343e1d68df5,80f11d571a5f3a4e,,d83553050e7b9b41,,,,True,development_group_overlaps_official_test
data/raw/nickparvar_v2/Training/notumor/Tr-no_1338.jpg,notumor,0,train,428,417,5e74a27d2103751a8dc39c59bc9a8effacb82c3914a6fc78c2d55e3c77703f84,ca144de564967d4d7afb5de891535095c48bbf8b9ceacd0752c239b44e4c21ee,856a5aa57ab52996,,041f1507ed05be19,,,,True,development_group_overlaps_official_test
data/raw/nickparvar_v2/Training/notumor/Tr-no_1339.jpg,notumor,0,train,393,400,de08225737a2a8a8ddda2e0684baa925356b9c0fe77585f2992a0980398c2d07,a73670cf8c223a167b8dc2105b585876342db1e4eab2f7cf230246ec0f5a1602,c04b2fb57c646c9c,,0daa4e98888f029e,,,,True,exact_duplicate_of:data/raw/nickparvar_v2/Training/notumor/Tr-no_1015.jpg
data/raw/nickparvar_v2/Training/notumor/Tr-no_1340.jpg,notumor,0,train,428,417,e17c38523771602ada2f98dde9b77992d63bc04a1bf02aa0463e4ba13329826c,cfb01eb53af61f6784a5424e0f2651a67644dc34107692c5ba87c839f6ed3f4b,d0e00b0f2f1f7c3c,,06e5ef7f43dd4047,,,,True,development_group_overlaps_official_test
data/raw/nickparvar_v2/Training/notumor/Tr-no_1341.jpg,notumor,0,train,504,540,edbe8c19cf555eef1c295aa167bca4cef36d6504b9119116da0f9c145b2bb8b7,7de02f21255ef60c82c0f6cdbc7fda01d0246a451a17afa98e34425717f6a843,966c789561cb2537,,5470992ff1c0af0c,,,,True,development_group_overlaps_official_test
data/raw/nickparvar_v2/Training/notumor/Tr-no_1343.jpg,notumor,0,train,442,442,f9b574830e8bd289b44901ea99397d73d1d146b7c25d7e024966795180a49642,d97170f031e263fb7c0e42f546f5cc40c1142bc8e8a76bce3614184a9bf2d2f7,970e3ee07899611f,,6d3ecf8e3476041e,,,,True,development_group_overlaps_official_test
data/raw/nickparvar_v2/Training/notumor/Tr-no_1345.jpg,notumor,0,train,206,244,0f89964adfa577ffc23f9417dc020f6d4954be54f0e2a4ad2cdef22657ba250f,0e2ae8c5afde7840f9403d7611680b52da0d30f2694a2c01a19f61d34f58efe1,80370fb86fd12acb,,85a3aa2e850dbeef,,,,True,development_group_overlaps_official_test
data/raw/nickparvar_v2/Training/notumor/Tr-no_1346.jpg,notumor,0,train,206,244,fa0c1c4fb6eabf57c61ae1afd2f24efd5aa69d47a6df7d468579cdee91a86c8a,40b9d4ff72ce49e9a8836e9fb38ca00ccc019f41ed0fc2b7815b85014ede5e1d,95625bec3a846a9e,,b2e5bfc61f2e70f2,,,,True,development_group_overlaps_official_test
data/raw/nickparvar_v2/Training/notumor/Tr-no_1347.jpg,notumor,0,train,206,244,8a7eb14a7e419d4a71874ff2da3bf8a0e56b44d237f558720f9ad516f27b151c,07821b7afb4520789364d478a2dbd89d096e3246f8b4a7de85e3fe206bd3f865,95625bec3a846b8e,,b2e5bfc61f2e70f2,,,,True,development_group_overlaps_official_test
data/raw/nickparvar_v2/Training/notumor/Tr-no_1349.jpg,notumor,0,train,504,540,ed9b6842a0d0369d3525a8b78e8d7a54b64eb39efd68df8646e0c39c33454c75,2ed60858b00d2f51a89dcc8ae1fb137fbf7caa2e1fdebeda992c231721acf213,966c789561cb2537,,5470992ff1c0af0c,,,,True,development_group_overlaps_official_test
data/raw/nickparvar_v2/Training/notumor/Tr-no_1350.jpg,notumor,0,train,235,214,46896e51c880f82814f80ba9176c246e64c25ea3f2c8a001e6198a70f9a2418f,052f0954fb670069370cc27ea5b71b82ef9f0bcc996fdd6d9b77c12712cf7715,855e7ae0796136a5,,bc1ad43bed6afe20,,,,True,development_group_overlaps_official_test
data/raw/nickparvar_v2/Training/notumor/Tr-no_1353.jpg,notumor,0,train,442,442,1a60ff2f428d0de648525db7f45f6b816b3713d47aec29f854a81487511e9bf8,3c089354e665e357f75f5169e32601b5da14732dd29619ca901b7f4ae4c9860c,c66b3cb4319661da,,514712069d2e827d,,,,True,development_group_overlaps_official_test
data/raw/nickparvar_v2/Training/notumor/Tr-no_1355.jpg,notumor,0,train,227,222,68e4a6e2fa36af0cda6ca472fd6f94eb84b7fbc4d808032b0ebf9952727c164d,2b7c396df11a74e05a9bb02d71eb3f1275b22c123cc3ab60cd296d6b494d980d,856a5aa57ab52996,,041f1507ed05be19,,,,True,development_group_overlaps_official_test
data/raw/nickparvar_v2/Training/notumor/Tr-no_1356.jpg,notumor,0,train,428,417,1244107d98c9a8b438a226dbed6e776517b9e2a38e1704c7dea6283f9d493758,d211c56ef5d0e2ac6dc1890636dba251e03d5c529c2dd002475e3ad30c53ea28,d03f0af02fe07cc3,,a5339d9f73caa0bf,,,,True,development_group_overlaps_official_test
data/raw/nickparvar_v2/Training/notumor/Tr-no_1359.jpg,notumor,0,train,206,244,08f619571de6da9c1c6f14ee658eeaac3085687e6ec61183f18f579e5faa6145,be5abd2c6ce5e519eec90a72818e12f1f69d6af99e0c60a3683b5e0042655a4e,95605acc3e846f8f,,b90e8e7de640937c,,,,True,development_group_overlaps_official_test
data/raw/nickparvar_v2/Training/notumor/Tr-no_136.jpg,notumor,0,train,512,512,d1e9db397eba28f5d1156b2c45cda4b16829577750ee5edbcca1bbb4b3da0794,b952c5ee039e69335453e86ef621566f84b5c2efe2eb89c0140f57e64ac45b0a,92956c5a69756572,,8ac51e0f36e81aef,,,,True,development_group_overlaps_official_test
data/raw/nickparvar_v2/Training/notumor/Tr-no_1360.jpg,notumor,0,train,236,269,25dbc9664f03a7af82b74aec6c5497cd94dc5f6f639907656725d0ac88cfd111,c41abcca0f7be47931a09db01b183525f88d3ab20a0512c3dc9e3246096809d5,c00f3b202f9bb16f,,37b7af2cb0226dc3,,,,True,exact_duplicate_of:data/raw/nickparvar_v2/Training/notumor/Tr-no_1154.jpg
data/raw/nickparvar_v2/Training/notumor/Tr-no_1361.jpg,notumor,0,train,201,250,3f486aba4804ed293276babc1ab1f3add7462c682688b5397433152be9d7139d,b6af31a13a2e19d7a24a90548c85c7001badf824816d0c2c40820d910ce8369e,84a41f477e6e683a,,71b577651d7c31a9,,,,True,development_group_overlaps_official_test
data/raw/nickparvar_v2/Training/notumor/Tr-no_1362.jpg,notumor,0,train,441,442,efbf14514572ed899be487bedbc3a9ea627f89639a10c7f706a7a8a402732c14,f2a77a31b856ec2d5c7666a9697184b62e9612c1bba5b97015124677606989ef,c25f2bd02d522cdb,,d99690fb1cc6b888,,,,True,development_group_overlaps_official_test
data/raw/nickparvar_v2/Training/notumor/Tr-no_1364.jpg,notumor,0,train,630,630,01f6e4a3aafdaac39be8f0b8f9602f7686a5fbc9c321e65bf8b5df081fb18528,09360e6961c7c7297df7690a55e720a0ef3f1ae38d0968d6ef96c7138865bd12,96c76a8e693e341c,,9e6e6e0a0f1cab97,,,,True,development_group_overlaps_official_test
data/raw/nickparvar_v2/Training/notumor/Tr-no_1365.jpg,notumor,0,train,227,222,c4ef1121f664289e8787ab63a3ff7c4fd5cf6c7ad7e7ca827c9a828285792bd7,89b856ff9ef2195e851d467685af0f90dd3a056693a88c0ec15d87860ff32580,d01f0bf02ff03cc3,,a5339d9f73caa0bf,,,,True,development_group_overlaps_official_test
data/raw/nickparvar_v2/Training/notumor/Tr-no_1367.jpg,notumor,0,train,235,214,77c03bf0bdbf7d7f70c89b85855d4d3a299bb0bcc74f931641d9620b274e9e0b,5240304ad5bf34ee3188425e8bc4dfa54c16a50aad06340432339855b56022ba,855e7ae0796136a5,,bc1ad43bed6afe20,,,,True,development_group_overlaps_official_test
data/raw/nickparvar_v2/Training/notumor/Tr-no_1368.jpg,notumor,0,train,504,540,e410709686ba34d96b64b8ddbbcf51e8bb5409b2c8918caa1a0642fe2ee7bcbf,1dfa1dda52cea5077bf538548a63029538a9308d669bebd5e6ef4d4ebe04f8dc,9693787e613465cc,,774c2839eea4ab43,,,,True,development_group_overlaps_official_test
data/raw/nickparvar_v2/Training/notumor/Tr-no_1369.jpg,notumor,0,train,225,225,2e8a7a42d1d1b5cac0644c89fbb29a570ae282b9ef66500f8340ec8220468367,fc173d0e27be4e2e75f3ef50171f553447762f374e8ad7f6dd3f6da1f12bb28c,973878656ee72126,,ceb06ba06804340a,,,,True,development_group_overlaps_official_test
data/raw/nickparvar_v2/Training/notumor/Tr-no_137.jpg,notumor,0,train,468,444,662f93904d8ba56d840fc2898552e8adc95a635d368d0b1d0f6bd41a28738722,d0ee4ebd7e61c36985fce25af66b4dfe65ebcb48b2328ecad556572f431b7ec2,c2c02bcb3b8f2c8f,,2f9116d63e9062ee,,,,True,development_group_overlaps_official_test
data/raw/nickparvar_v2/Training/notumor/Tr-no_1370.jpg,notumor,0,train,173,201,59050685601147d937789be7d96a7077bd2262f66146d0b1c72910d6fc14a53d,704ee5cbabdc7ea4ce1295e692ec078c25d3b5b224a03948ed321ee68f39271b,c1bc3e477a7870a4,,5168ecfca4b59877,,,,True,development_group_overlaps_official_test
data/raw/nickparvar_v2/Training/notumor/Tr-no_1371.jpg,notumor,0,train,201,251,14c87d2077e57a62532215c91e53e34ed51f6a784f5750a917ef91852d2ce9dc,2e94c8ff097b1a9731e8859b22cab3232a1a0d285078b8690f7b7f803e999c1a,d4d24b8d2f713c29,,fcbc02f806528ecd,,,,True,development_group_overlaps_official_test
data/raw/nickparvar_v2/Training/notumor/Tr-no_1372.jpg,notumor,0,train,150,198,febd779e6b385675f942d72995a0fb8be6ab15a13e2df1d90585a062f2428aa1,7bcce97aeb332900a12335b334e069ad7da26e15fe5ab892168b7693a833263b,d7fd198012451bde,,9d97e8d24b549a45,,,,True,development_group_overlaps_official_test
data/raw/nickparvar_v2/Training/notumor/Tr-no_1373.jpg,notumor,0,train,200,252,65c81149e99d99a9824ab86687788b641c72e7f426c5c6f805b05c6f5643b71d,39754d9a550ca6ece82f31b051dbf012d803d629e512a2cdae4db5cbc1af7de8,80f01d571e5f3a4e,,d83553050e7b9b41,,,,True,development_group_overlaps_official_test
data/raw/nickparvar_v2/Training/notumor/Tr-no_1375.jpg,notumor,0,train,201,251,49162a07e2f8acbe34d48d550a1cb52fd3c916136d7d4988e4d0db5595aaee47,ae46aa2ef77cf1c167031fdee174344ec344ae29f2fb2d3e6cddb1d61c3135ed,91971ed87a24697c,,e82889fc69ca47a3,,,,True,development_group_overlaps_official_test
data/raw/nickparvar_v2/Training/notumor/Tr-no_1377.jpg,notumor,0,train,201,251,1e044e724e7a39067eb86dd8df724afc45fa6a7eb1a8254f9faf4056d73a14fd,3d1c45b04c5f4e23768562eb2faf88f2fdd1d9f04a9985cd88066b841ba33a2e,825d75ea47389a69,,901a20e78e7f079f,,,,True,development_group_overlaps_official_test
data/raw/nickparvar_v2/Training/notumor/Tr-no_1379.jpg,notumor,0,train,442,442,84b2155377f2b5ec87d3988642b885d5b6249e7907486184ac311e15a8a599a9,dcd59a2be7a8955dc1bc9ebc49ebebe2273b741d9de08ae844fb2d6668462f93,870e3ee07899613f,,6d3ecf8e3476041e,,,,True,development_group_overlaps_official_test
data/raw/nickparvar_v2/Training/notumor/Tr-no_1380.jpg,notumor,0,train,494,600,537e7ad0a496f23042626741b362e936fc711da2aa25d4c5ce628d03bf4109cb,d8fd62cb00d81bf744690ebcf05beeb059d96c3cbcc83f04a29d3c1c66852acc,d5050afe6ef06b60,,8c5ccfc8c851eec8,,,,True,exact_duplicate_of:data/raw/nickparvar_v2/Training/notumor/Tr-no_1109.jpg
data/raw/nickparvar_v2/Training/notumor/Tr-no_1381.jpg,notumor,0,train,630,630,92798602663bb77a4849b098abede41c448e235b74d9c34f14424d3046619748,1d454cfbd8e514eef37d3d1ffe0e4f000beada52d3564f95883d2966c7d056f4,963e6db030db330d,,fd11424e50193524,,,,True,development_group_overlaps_official_test
data/raw/nickparvar_v2/Training/notumor/Tr-no_1382.jpg,notumor,0,train,276,326,ced1f6dc23395c225b054892148e05199b79c670894f000606f1a6ffe32f5a8b,21edec6842896bd967a3a7e7e8f51d6b81c646f15416fa77a329b9610d87ba1d,d44a4bb71d493734,,5e36483137a51dc6,,,,True,development_group_overlaps_official_test
data/raw/nickparvar_v2/Training/notumor/Tr-no_1383.jpg,notumor,0,train,442,442,24d874e516a3da5ce8ada80135a0a62c8474538f72f098ad9d3e7ff794595f35,3626a8743b153fb0dbc1a7625f1f02dc1b14d682ab4825373e2de166f89ba900,977a68a5689661cb,,b035c7d689f075c1,,,,True,exact_duplicate_of:data/raw/nickparvar_v2/Training/notumor/Tr-no_138.jpg
data/raw/nickparvar_v2/Training/notumor/Tr-no_1384.jpg,notumor,0,train,275,183,e1996c35c340753d05bebd5392154a6fc8b8198ca3add27a9b30cf0428629b99,d7de98d91313c40616d572a5cf4e9644b7dce41cb7e7ec835a6f36fed793c334,ce6c78b63432659c,,8ea48ab8c3189875,,,,True,development_group_overlaps_official_test
data/raw/nickparvar_v2/Training/notumor/Tr-no_1385.jpg,notumor,0,train,630,630,dc811fda9f7bc3506f21d4094da84c5e3a81d3878b28967b830536fda342a33e,9f7aa600b1dbbab02c1ae0a58a69dcf80df52a2935001cd5042033c7098d5f30,907a6fc56d92344d,,ab5fcf22d369291a,,,,True,exact_duplicate_of:data/raw/nickparvar_v2/Training/notumor/Tr-no_1039.jpg
data/raw/nickparvar_v2/Training/notumor/Tr-no_1386.jpg,notumor,0,train,225,225,51dd3cfab8c5fd3f9222390f595f9559d5d7ba2c8469a01e7c4e74bc3e6691f5,c4a1ea0fb4131ffee081ff67e49ed723a059c2447429a22c8fae02db17a2363a,c64b3b943157e159,,746d0dd3902c73e1,,,,True,development_group_overlaps_official_test
data/raw/nickparvar_v2/Training/notumor/Tr-no_1387.jpg,notumor,0,train,206,244,c87ac0be7cb4716bca03b19476d0c76211a89091694922d833682205e2871ebc,c2bbb8a333a654717ea76c2a49d27f091c66cf8862c35dd2432791452c8e804b,959d5b123a7a6b60,,adea6e483dcc1e99,,,,True,development_group_overlaps_official_test
data/raw/nickparvar_v2/Training/notumor/Tr-no_1388.jpg,notumor,0,train,236,213,faf2482250fb25cdbf4134be6a724aa4cd46f7035d58ed540c81a1b0fef916f8,5bdf19ff4399dcd5a8b08908f0eb9a658938ff437c0c6a8bdf5fb22d7d7ce2ed,cad22d6f3c4c344d,,c630d130d8d1fd31,,,,True,development_group_overlaps_official_test
data/raw/nickparvar_v2/Training/notumor/Tr-no_1389.jpg,notumor,0,train,228,221,c3c288a174cbc69b5bba653fddc67c3f16cb1915be24442611d36929e695cd5b,e0818334ee5259c1151bd1ac713c638b203617eaf419228b3a394219620d05aa,977a78a521c6498f,,255f45cea24b5cba,,,,True,development_group_overlaps_official_test
data/raw/nickparvar_v2/Training/notumor/Tr-no_139.jpg,notumor,0,train,630,630,c84a66636fe92271311d54bef432765ec45aadb216ede8770c5f4688d9bd4c17,3230ecbd1b087d3f3f66fc0a327dc0a2acdad4be9bfa247e2249fc68bb1e9dbb,c3923fcb386b6149,,e5ec97458958e22c,,,,True,development_group_overlaps_official_test
data/raw/nickparvar_v2/Training/notumor/Tr-no_1391.jpg,notumor,0,train,276,326,481a8abcdddba35731594569b7f93c30823b807bc1b09ce1b0acf1c2d499de16,7f73e9b5cd1592ea38d5a79f2e290e425842ae0fc1f47dac51a5eab24adcec82,d44a43b70f493735,,5e36483137a51dc6,,,,True,development_group_overlaps_official_test
data/raw/nickparvar_v2/Training/notumor/Tr-no_1392.jpg,notumor,0,train,201,251,17bd1588f84aafbccb846c974ae1f24cef5ce6f0fc0f32a4417af50bfe9f52cd,99ea8f8309d44e32aa586ae9e55bc4a86c59494b7ba93723ac850e51b92e6590,91971ed87a24795c,,e82889fc69ca47a3,,,,True,exact_duplicate_of:data/raw/nickparvar_v2/Training/notumor/Tr-no_1244.jpg
data/raw/nickparvar_v2/Training/notumor/Tr-no_1396.jpg,notumor,0,train,218,231,4e64b29b7ca606c525409384c4b947ebf415bcd065bd739f1f95c2e74b261046,a16e9d2aa03a08882f1b8d57452bdbc6e18932fc5e139908f5a5430cb1e71a79,d36b2e253f943c30,,3c6f657a82c27d6d,,,,True,development_group_overlaps_official_test
data/raw/nickparvar_v2/Training/notumor/Tr-no_1399.jpg,notumor,0,train,215,234,06b29e3d2fae28dad1e139950a7cbe2a5a688568d89ca92c82d9fada127a9df3,b2b545df525e07b397d51820fd518642f1782bd34ea35c9f2dd83c60fb1bd3ec,d01f2ff43d42344d,,b2f7014771e01382,,,,True,development_group_overlaps_official_test
data/raw/nickparvar_v2/Training/notumor/Tr-no_1400.jpg,notumor,0,train,208,278,2cd1096a6415c70403948e7aaac0694451619850a4ce545b4f9134b06401248b,0a1134dd2b3aabd8e3748cc22d345cdf95fa087cfa0ac0fadb8a811d47b78faf,966a6db77a9820d2,,a6b17cffe37048c2,,,,True,exact_duplicate_of:data/raw/nickparvar_v2/Training/notumor/Tr-no_1077.jpg
data/raw/nickparvar_v2/Training/notumor/Tr-no_142.jpg,notumor,0,train,225,225,ee497f653c46ea86b561d7c82aa3de3ceb9bf58613463cc41d8862e3b8500be1,3f8ad42b16cd8a3ce95f8b9b3e5b236ea193823ede7d6ae6c83e75d788e55c29,931e6dc16457f41c,,20fc44a115061d2e,,,,True,development_group_overlaps_official_test
data/raw/nickparvar_v2/Training/notumor/Tr-no_143.jpg,notumor,0,train,630,630,88283a8a739658a94aee30a2b076a7562724d5bb90dc4969f613072adb761655,ba9d4108625a4d53ff9d90462006e4b1d6df97d81209e8637891613ae7969161,c3923fcb386b6149,,e5ec97458958e22c,,,,True,development_group_overlaps_official_test
data/raw/nickparvar_v2/Training/notumor/Tr-no_145.jpg,notumor,0,train,428,417,ae6286c9c96c4ffdf341ea4225bad64f222fdce3992bcf82de500dda991273b9,9c673014260c1dc5eeaea2d59c98f6909cc751aa93459ea8fabccd3af4fb18e6,d03f0ef02fe03cc3,,a5339d9f73caa0bf,,,,True,development_group_overlaps_official_test
data/raw/nickparvar_v2/Training/notumor/Tr-no_146.jpg,notumor,0,train,194,259,7779387d140bce1db722f1c938c6597dd716c7730fd5f904b7723ee7bdaee886,0cf5c8f3b20ec9d4297b7378d8ad8a94cc8d3162e314d73fb8595e4d7d8b7092,d7cc2ee7681d2831,,f0e6367bf30b8a98,,,,True,development_group_overlaps_official_test
data/raw/nickparvar_v2/Training/notumor/Tr-no_147.jpg,notumor,0,train,236,236,bb9c025c5eb356f3320db5c35e8d2b0ce4489ca23cb78b5c9735d33db6ed6d61,b55b9ec5d3fabbee369faa0ef1f76a44dc6913540230080be4ca164f96c2b9af,c23d0d303cf3c9cb,,26a9e445cace469a,,,,True,exact_duplicate_of:data/raw/nickparvar_v2/Testing/notumor/Te-no_167.jpg
data/raw/nickparvar_v2/Training/notumor/Tr-no_149.jpg,notumor,0,train,150,198,13b6227c7aa1df2940de091d9b5a0287feb6236d775ae3a1d38737f759aab821,f005492dc0a7b1494202cdc4bdc8191705301f121031906658a1973edfc4f3ac,97fd1d8012451bde,,9d97e8d24b549a45,,,,True,development_group_overlaps_official_test
data/raw/nickparvar_v2/Training/notumor/Tr-no_151.jpg,notumor,0,train,200,252,16d05c87bffe4fdd3313816728a6bcd3dbf3fa69a337a261937bffff184828dc,28a1f1ae0c058c106b9f92c30580c6ad2570dfe43363db77bc1e4ec2f3f4446a,c15a48ed4ee56ea4,,b1e6642a3e0b86d0,,,,True,development_group_overlaps_official_test
data/raw/nickparvar_v2/Training/notumor/Tr-no_152.jpg,notumor,0,train,359,449,4453e2325932d861c16712a4d73303de901666016822b57ac92067674b39b931,992167916af00635e1487d1b0fde3b9b6ab6b5119f1b7623799caf81e44da2be,91681e276adb69a3,,7b3cde42b411124a,,,,True,development_group_overlaps_official_test
data/raw/nickparvar_v2/Training/notumor/Tr-no_153.jpg,notumor,0,train,225,225,162f4d0a8f08dee7b87019c4f3e1934802305ea97e255a70b22e629f8b4cbc1f,a54cd2b38a3a9503a79f5811404222b1cfa9de7111dd8e27121f520a13d37c0a,94cd6e33399c6133,,88dfed22b0f16cf9,,,,True,development_group_overlaps_official_test
data/raw/nickparvar_v2/Training/notumor/Tr-no_154.jpg,notumor,0,train,225,225,840e12a9d0fc509d61fab11db74d1716234312bd96939b632e19b8f102ace3cf,2027647df4e07ac357f2c55a701b71b843c0b35e4d139ba1bdd2d1598e6f094a,876a3e31789768c6,,d529cd947d4f174d,,,,True,exact_duplicate_of:data/raw/nickparvar_v2/Training/notumor/Tr-no_1203.jpg
data/raw/nickparvar_v2/Training/notumor/Tr-no_156.jpg,notumor,0,train,355,452,84acb850a9c5348cd00623122246c83dffd727e007aedc1d484e39d06e784c6f,986c453a4ded14d36a26de0236cccb8a3d7a44cfc5fd4ee5b4fe804c09449861,85d67a99685b6478,,59c4f0256fdac382,,,,True,exact_duplicate_of:data/raw/nickparvar_v2/Training/notumor/Tr-no_1289.jpg
data/raw/nickparvar_v2/Training/notumor/Tr-no_158.jpg,notumor,0,train,400,442,1e9a68698f333ad8cf041620d3b9ecdfccc60154aa5adf215dc047b1ce16a8ef,765a453bf2ed3071e6afeaf349e41658768dd0d25d81ee272402b215f27ed20e,d36f2fb130926698,,69164bc6d84e1423,,,,True,development_group_overlaps_official_test
data/raw/nickparvar_v2/Training/notumor/Tr-no_159.jpg,notumor,0,train,630,630,6df1939c7a7aa989609421eeded83808d31d19f837ee9d4d070981aa0edc311f,4c137768c5c037a804590eb49adbb3cd05a64fdef825c97389202c3de170d1d3,96386ae16d6334e3,,214fe2cfa86b7f5d,,,,True,development_group_overlaps_official_test
data/raw/nickparvar_v2/Training/notumor/Tr-no_16.jpg,notumor,0,train,173,201,6c2c4fcb9923392d2c2f6daeeb71897ef36e64ae54a1289136f07cdf079a0e1c,81f7cd45f5d49ca0fdc908c9cd8bc2deac67d22035984380f8311b2bdbb89e7e,96e96a122f2d25f1,,3c3958d62d06fe85,,,,True,development_group_overlaps_official_test
data/raw/nickparvar_v2/Training/notumor/Tr-no_160.jpg,notumor,0,train,400,442,6ba1c1f8fd72214b603ab1b654d8a01b36c4e903226b58190da2f614eb348077,662b90b0ffba2baceb4a1eedb8a40e6cbfb9afae11196d6f6da58b1d8fbc2409,d3902f4e306d6667,,fa2a582d5565cd6d,,,,True,development_group_overlaps_official_test
data/raw/nickparvar_v2/Training/notumor/Tr-no_164.jpg,notumor,0,train,235,214,c41a3a80c2b79e5aa8ab08f5773bcf1df8e4d75511a50676895cd77f4965a7d7,880ec0a6ab762f2aa4d817e33a4bc89912b1331727c0bb53abfedddb24a3c6c7,855e7ae079613ca5,,bc1ad43bed6afe20,,,,True,development_group_overlaps_official_test
data/raw/nickparvar_v2/Training/notumor/Tr-no_165.jpg,notumor,0,train,201,251,23794834130a37699051efa29c29b9af12ae94b6a65d3957d7f9ad667f9bdf0f,ef1238a790765bbdda2eb80463c07943295d8d6446079763d6dbb1ec028f349e,c35904281fcb4fcf,,ad1cf63bcb23045d,,,,True,exact_duplicate_of:data/raw/nickparvar_v2/Training/notumor/Tr-no_1336.jpg
data/raw/nickparvar_v2/Training/notumor/Tr-no_17.jpg,notumor,0,train,212,222,bd5b12c433485230720aa33032e1f6bd089702090481d7e56dccfa43435d6950,93693d18722a1aaa3e9401ec53200f853ddb61d59e346d1feccd02b3e979c898,856e7aa16a276935,,a4d277ca119ee504,,,,True,exact_duplicate_of:data/raw/nickparvar_v2/Training/notumor/Tr-no_1395.jpg
data/raw/nickparvar_v2/Training/notumor/Tr-no_170.jpg,notumor,0,train,235,214,01b417ffb3ab8cb28cc4901e22ef7c2c412086743e17550c7a5b0ee0fc4480a7,aa54486da23c0e949e4765e06fdc8738ce6cf6854bfdf55f736fce1013908372,d00b2fb52e346bf0,,42527c1db0bef710,,,,True,development_group_overlaps_official_test
data/raw/nickparvar_v2/Training/notumor/Tr-no_172.jpg,notumor,0,train,512,512,c6da826146f2cd6685c61df50964c6a9acb40f3593ce89bac85136eefbee9da3,71390eebfd53c0de2aa0bab182ee8ef66ac4e441d01baec581452083e0898cc0,c3d03b0f3d6d3065,,7b36e0df75d19072,,,,True,development_group_overlaps_official_test
data/raw/nickparvar_v2/Training/notumor/Tr-no_175.jpg,notumor,0,train,225,225,da403175d7fad140cfc7f2026fdc171a6a23a10c19cea69b522d3eeb757be19a,656148b5c7bd572eeea531d9e99cf70128f49b9d36810a36356db35c1ae290c5,c3923fcb386b6149,,e5ec97458958e22c,,,,True,development_group_overlaps_official_test
data/raw/nickparvar_v2/Training/notumor/Tr-no_176.jpg,notumor,0,train,225,225,35eedef6d88044cc5e8e4fcd5cc17cd082618c64f04b98de57f85b85381d2bb6,e4d35bed30ea9e58696fefced6f3d370676202ed71c369cb96d3bcbc69f812f2,96386af16dc134e3,,214fe2cfa86b7f5d,,,,True,development_group_overlaps_official_test
data/raw/nickparvar_v2/Training/notumor/Tr-no_177.jpg,notumor,0,train,420,280,0790454183ebd29490578919e0dc9d91909bd39679b70cd1aba0ba3e5f61e160,9d7945cb8135488cee150e3ca748d99ed5b9d7683d05201f22a1ada7cb6aa06c,ce933849346d6766,,50b205f2d3dbc676,,,,True,development_group_overlaps_official_test
data/raw/nickparvar_v2/Training/notumor/Tr-no_181.jpg,notumor,0,train,201,251,cf1bb3ce9b1bce42b22abb07e05990252e6676b210a8e759a728ba0f890c8449,99f325fb9e8722a0202cfee0efe097ae852a133bd730801a301373eb0792cbf3,d7f7284002d2cfd3,,6098bfb37445a343,,,,True,development_group_overlaps_official_test
data/raw/nickparvar_v2/Training/notumor/Tr-no_182.jpg,notumor,0,train,428,417,19fc54500270852f25cfdded6c115994af103593746b527ab354680697fa31bf,5453a92fcebbd326cfd1d235e5bda4cc802295ddf9b072495cd1de3d17558d37,85955f5a7a4a2969,,c3a156e571fe3891,,,,True,development_group_overlaps_official_test
data/raw/nickparvar_v2/Training/notumor/Tr-no_184.jpg,notumor,0,train,225,225,549b72eb02e5a44e4d70d73a6bd92f676109522053877267cde4701b8590ea85,0fc0c56954d1c64efac61817b2126c2690282d74c78f8b8e79dd00fc92061028,907a6fc56d92345c,,ab5fcf22d369291a,,,,True,development_group_overlaps_official_test
data/raw/nickparvar_v2/Training/notumor/Tr-no_186.jpg,notumor,0,train,228,221,ae40741151cb9f24a6eeec243d07b02dac299ecc33b9232adfb7d6a27589639a,b3abcf9c2cc55f4aefcf563cfd96d15dcc878aea07e4a142b72529aec1c1c442,9d7a6a6569252c33,,16dcd082fb4983aa,,,,True,development_group_overlaps_official_test
data/raw/nickparvar_v2/Training/notumor/Tr-no_187.jpg,notumor,0,train,225,225,c147c084cf14afcea5ea73fb631b934a52626df039f6c43f08f9c17c94c683fa,fce6b0c190470ac24bb28b456f17dc707c49ecfba4575ce31ad8969e5a068453,927a6fc565d2305c,,ab5fcf22d369291a,,,,True,development_group_overlaps_official_test
data/raw/nickparvar_v2/Training/notumor/Tr-no_188.jpg,notumor,0,train,225,225,e89b26e1115b48189869aaf3a7d3272fc90268ac400a2b36728cb106d9867858,f3990ead6f702d677b99246ef9933eba2906378f8be8d1c7e59d794be05c6654,931e6fc16457b41c,,20fc44a115061d2e,,,,True,development_group_overlaps_official_test
data/raw/nickparvar_v2/Training/notumor/Tr-no_19.jpg,notumor,0,train,428,417,4cfec6cb822f28e3e61f07804637656fa1545a67e0c6e54f38cfea363c33e35c,742c11d620812c3d6ad56614fa2662506e4c0e022c168d9a0167daf86537d6ae,856a5aa57ab52996,,041f1507ed05be19,,,,True,development_group_overlaps_official_test
data/raw/nickparvar_v2/Training/notumor/Tr-no_191.jpg,notumor,0,train,380,530,7087d682b94b0a82180650da2e29a129588f3e6a479fe942783cb5cd99708941,23a73676516020a3bcb54456bafb29c1d5b3653639302ca193f111885fc021b4,84e43e3f70b36199,,21fdf78289b11fe7,,,,True,development_group_overlaps_official_test
data/raw/nickparvar_v2/Training/notumor/Tr-no_194.jpg,notumor,0,train,420,280,280d387f9ef5c5407c3a5618fc7e3a861fed385c6f4c2e11e1ee9b13a7faa102,04386bcf9725f2fe2778b4920f2d08704aceb216835dbcb09eadd45685279b41,ce6c38b634926799,,8ea48ab8c3189875,,,,True,development_group_overlaps_official_test
data/raw/nickparvar_v2/Training/notumor/Tr-no_195.jpg,notumor,0,train,192,192,9519716335d92af19b045426a223124da676fdab837698ebd2aa0026c647620d,a8aa603cb8dbe49d42b48ef23fe667cd1ca18ca3b429b6972a88ffa51c34e15b,971868e3658d6772,,431828fe07927d85,,,,True,development_group_overlaps_official_test
data/raw/nickparvar_v2/Training/notumor/Tr-no_197.jpg,notumor,0,train,206,244,e07a87bafac05a5c65dde219c38a3692ea0d8e7ce478e43da873a99919c704a2,ff82a356ba24b34d22ed4609a4fbad7b1ef794a8aff33df38d847eab0475b56f,959d5b123a7b6960,,adea6e483dcc1e99,,,,True,development_group_overlaps_official_test
data/raw/nickparvar_v2/Training/notumor/Tr-no_199.jpg,notumor,0,train,225,225,8f4cf973bfd136232b43355b77f880e958cb6f5abd0f4f27bab19519deb794b2,165c107d6260fb5b3c0525b8eb89c5eb947552042d6665a6a3655a84976b0236,907a6fc56d92345c,,ab5fcf22d369291a,,,,True,development_group_overlaps_official_test
data/raw/nickparvar_v2/Training/notumor/Tr-no_2.jpg,notumor,0,train,201,251,e58e2b84af6654a25cac176c521a4f754de589736dc950314b45d88cca37e03c,bb8652c3a33a800dac9be4428e58038154b60acf6674f2a4cbdd7bb938b7e867,d4d24b8d2f713c0d,,fcbc02f806528ecd,,,,True,development_group_overlaps_official_test
data/raw/nickparvar_v2/Training/notumor/Tr-no_200.jpg,notumor,0,train,227,262,9e76a3bb0eee7e347d9c9ffb43350326d3e8eafa266aec9ad54f181cc3c7e8b7,3a898fe61af3f877536b77d8bc4df332b68b57646be55d05a5666ace4f11d62f,c17b2ef03d653c84,,ad527884c16aa365,,,,True,development_group_overlaps_official_test
data/raw/nickparvar_v2/Training/notumor/Tr-no_201.jpg,notumor,0,train,225,225,518245b468a13675f104390acccc8b631faa0cd5a2a061b6b86f3110fc691fe0,6cbc9d754ce8df5d3609edfeeeceb01319cff93971ff671cdb7777c084dbd763,cec63c393138e3c6,,d833a6eb53ccf1eb,,,,True,development_group_overlaps_official_test
data/raw/nickparvar_v2/Training/notumor/Tr-no_202.jpg,notumor,0,train,276,326,ef8c79a52597147b71ba5d0e448c12f65b359f71a3222ba2f255c3205ab2abd4,dc82dba69371e263ec3d9a4c7bc4d11477bb4db7dcf896534e55280b08c4564e,d44c63b70d493735,,5e36483137a51dc6,,,,True,development_group_overlaps_official_test
data/raw/nickparvar_v2/Training/notumor/Tr-no_203.jpg,notumor,0,train,225,225,23377addb366a253955df1e43c887b3202da5f23967f0bc20d5c1cdd4a11d3fb,0e6aa809611e4f4ce0c857ce3ae66f8e20a0e9057edff04152aa092891ede148,c6b03f0f786c61d4,,a8102006ae63c646,,,,True,development_group_overlaps_official_test
data/raw/nickparvar_v2/Training/notumor/Tr-no_204.jpg,notumor,0,train,512,512,a24f870c946a5fc48002c9fee4831c309a5ff3d582090ef4434dcf2ba6402dc8,f8a0c824e4d3d42b97f90c1494e50bdc4ecd62dda71ccd9e9a856ceb5b3af099,967a6aa568c7218f,,a95ddf86f86f8b9e,,,,True,development_group_overlaps_official_test
data/raw/nickparvar_v2/Training/notumor/Tr-no_205.jpg,notumor,0,train,225,225,7d135e07239574ba51c8651b790b6c664fd99ee3130f95194fe4c085123095e8,d9fefa4eb58bec8d17a921a97dcd7554e4e7796dc41451cb02a23cef69668e58,c2b46b4a3d33349d,,ccc9d4fd013c28b4,,,,True,development_group_overlaps_official_test
data/raw/nickparvar_v2/Training/notumor/Tr-no_206.jpg,notumor,0,train,225,225,0df4c84f9c3a7e9fab1197ba6b9f31d1be65429c719ee296b7c884b51f2e9c60,de820ab90140c094c713061ddf1f07855d197fe04157f6259b0e491cb66a9889,d25b6bb52d8c344a,,59f8aa73908722b1,,,,True,development_group_overlaps_official_test
data/raw/nickparvar_v2/Training/notumor/Tr-no_207.jpg,notumor,0,train,225,225,8a47d6d488d122406a6af786e347f342089b6dc2b763895324f9fedac98b6026,938d5ebc86bb684400367e9f75cf636b29fb4f054fc3300d43c2da116dc353ab,c3963c69313ce665,,ea9716914b95bb9e,,,,True,development_group_overlaps_official_test
data/raw/nickparvar_v2/Training/notumor/Tr-no_21.jpg,notumor,0,train,225,225,325eb22cf5cd99f6c571b8df642f96dc5fa1ea1bbeb3962e0eb12066510e1dc4,45a85db2741401043ec0c21cc5ce00c1c83451c145796f3ed165c41d80080d32,c64f3ff078926129,,5bea05178dd1406b,,,,True,development_group_overlaps_official_test
data/raw/nickparvar_v2/Training/notumor/Tr-no_210.jpg,notumor,0,train,225,225,fd8bbea7165cd7d8457e8096e44b73ba4430a8785fc5092f652bbb8e7f685f0b,4f54773421ebd76ddb57d8b4b75f1f1e7469bb4f7cda1ff7a4028f01dbc33d4f,9b6c2d936493b664,,9c2357ffd77388c1,,,,True,development_group_overlaps_official_test
data/raw/nickparvar_v2/Training/notumor/Tr-no_211.jpg,notumor,0,train,225,225,bdadb2ad2c1f7ca91fa84e093ef6be3e684cf03a9f5ebf8c5951bf88fb73dd7f,dcea0d48dde3361db2a640ec7cbd913fc80b907679a6e55ab21eaac5225f5450,90c56b3a6c6d34b3,,fa913b11417982c8,,,,True,development_group_overlaps_official_test
data/raw/nickparvar_v2/Training/notumor/Tr-no_213.jpg,notumor,0,train,173,201,ad230bf0aebb24de6ceeb950bb13077474db5226b3944333fe425795012f62ac,63d2b9c544be2ceff6c8a610d81e15a605733553d4b13ff7da1be45fb97721c8,96166aed2fd2250e,,b58df48a2adbbfc1,,,,True,development_group_overlaps_official_test
data/raw/nickparvar_v2/Training/notumor/Tr-no_216.jpg,notumor,0,train,150,198,cf6898c7c0c31dc8d79e1ac3088a0252eda426a767c0a21035c6303b4e20fdb9,9e994da308d557d98daf78da04fdbd94d688ecb3936057e3212f741bcdc24def,9712197f32f21b29,,7f5fd70953bdb5de,,,,True,development_group_overlaps_official_test
data/raw/nickparvar_v2/Training/notumor/Tr-no_217.jpg,notumor,0,train,359,449,ae511b11b26309a2e60432852cb26d6b019057fc2aab35867badf8af04daa3b6,a6345e08c367a7b8f267a7b13a59d203aac04c9c07f83f1549648ebf46dccb5c,91973ed87a24695c,,e82889fc69ca47a3,,,,True,exact_duplicate_of:data/raw/nickparvar_v2/Training/notumor/Tr-no_1083.jpg
data/raw/nickparvar_v2/Training/notumor/Tr-no_219.jpg,notumor,0,train,420,280,280d387f9ef5c5407c3a5618fc7e3a861fed385c6f4c2e11e1ee9b13a7faa102,04386bcf9725f2fe2778b4920f2d08704aceb216835dbcb09eadd45685279b41,ce6c38b634926799,,8ea48ab8c3189875,,,,True,exact_duplicate_of:data/raw/nickparvar_v2/Training/notumor/Tr-no_194.jpg
data/raw/nickparvar_v2/Training/notumor/Tr-no_220.jpg,notumor,0,train,225,225,f305c895d86e72b70bdf6f2821e2a2b6aecfc7e68439909484bcf3f31309152b,ae9bafcb804ae20de6a83011bcd6fb78ed98ccad4ab7da9b6bde0a024c750857,973a78656e272926,,ceb06ba06804340a,,,,True,development_group_overlaps_official_test
data/raw/nickparvar_v2/Training/notumor/Tr-no_223.jpg,notumor,0,train,227,222,3bdea941af422f4ce83048fd3f8b2eef9d07ea639e87e061b6a2d56ff63df7ab,18b1fdb268b21bc54332bb9b42b083ef44a79604548940fb3587f4c79f3c117d,876a5ba578346996,,041f1507ed05be19,,,,True,development_group_overlaps_official_test
data/raw/nickparvar_v2/Training/notumor/Tr-no_224.jpg,notumor,0,train,225,225,20b0c7de1c131e75deff54e8f0c51eef6c48116cdcbf7bb1f47fc7e4c7f07ab1,3a2ee734ee1f2225d5efefe625921fbadf59b3c7cab864f861b0059ae240a4df,c64f3ff078926129,,5bea05178dd1406b,,,,True,development_group_overlaps_official_test
data/raw/nickparvar_v2/Training/notumor/Tr-no_227.jpg,notumor,0,train,201,251,e16f9dc53246a23892b21a1da8af3e0029df02b09c262c4a6b184284abb8e25c,f0f4e84bee18fe516c8869c38b21de4f5ebba8b0e3e733bf5fceec5b59a528f8,c42d4b722f8e3ce2,,ae85cba91e783b1a,,,,True,development_group_overlaps_official_test
data/raw/nickparvar_v2/Training/notumor/Tr-no_228.jpg,notumor,0,train,225,225,202b96508dfe277fccce086140c54e8ba0e048e87ebfb251bf1bb5d3cc11c37c,cfd03864d41f3f30df47199482ff3628f59115c81760780846ed946cfa52d983,c22f2f3039b27473,,e1389056eee95631,,,,True,development_group_overlaps_official_test
data/raw/nickparvar_v2/Training/notumor/Tr-no_23.jpg,notumor,0,train,359,449,caec4c2809ef3f3f943f8fa22cb564d9fb998be43cb0bad27f4895b677ca953b,2fd01da70c51e9fed72d29c3dbeff9a51c1c8196138062091f42fc774e419f9b,c4d26b8d2f713c0d,,fcbc02f806528ecd,,,,True,development_group_overlaps_official_test
data/raw/nickparvar_v2/Training/notumor/Tr-no_230.jpg,notumor,0,train,236,236,8c7a08207a2f8e5bf03ed590b3a482491a6abeb9b233a40604f3422065424112,d4325231907f72879f609ca69acdafadb167e02c0a4ea43624df41d524b26e89,958b6e3829e46979,,8c8db2a3577cd037,,,,True,exact_duplicate_of:data/raw/nickparvar_v2/Training/notumor/Tr-no_168.jpg
data/raw/nickparvar_v2/Training/notumor/Tr-no_231.jpg,notumor,0,train,400,442,75c2a48a3e922f47d95cd237eb578bae9b5ce17d5d451638c232fcb6d1f72413,e3af0e996f2541006af012d78cdf06f538501c76133283a2b0620537eb007170,86c57a1f65387332,,1e91c8df4ded7515,,,,True,development_group_overlaps_official_test
data/raw/nickparvar_v2/Training/notumor/Tr-no_232.jpg,notumor,0,train,225,225,20b0c7de1c131e75deff54e8f0c51eef6c48116cdcbf7bb1f47fc7e4c7f07ab1,3a2ee734ee1f2225d5efefe625921fbadf59b3c7cab864f861b0059ae240a4df,c64f3ff078926129,,5bea05178dd1406b,,,,True,exact_duplicate_of:data/raw/nickparvar_v2/Training/notumor/Tr-no_224.jpg
data/raw/nickparvar_v2/Training/notumor/Tr-no_234.jpg,notumor,0,train,359,449,4eb5e748bc65552cad06a39372536dad3d835e34a17b81318a2e0c902947b207,d42a7b89fdba8951cd75fc4714645f9d74fae3410656bca01ce464de269f4dd6,c4d24b8d2f713c2d,,fcbc02f806528ecd,,,,True,development_group_overlaps_official_test
data/raw/nickparvar_v2/Training/notumor/Tr-no_235.jpg,notumor,0,train,600,605,95ffabd6cfd94e094cd1af64396bfa75f578a012f52b23cbf8e5fa828ffa4863,8e5e34de2731996de68c60e2bf9703137b3e3f4837b3aff40e06a246eb27ce65,966968b5719631dc,,91efffe20da4a273,,,,True,exact_duplicate_of:data/raw/nickparvar_v2/Training/notumor/Tr-no_1334.jpg
data/raw/nickparvar_v2/Training/notumor/Tr-no_236.jpg,notumor,0,train,504,540,05bb8561d5f9e49dcad37ed13eaa6fda5803109d9c2ed02023bb7eb0d0f82095,0b267cfcb77da69ef83cfae44ae01e5968c83fc2839453ad31fa4f49b543c168,c3c62d3f3461709d,,38829dfae5d1ced2,,,,True,development_group_overlaps_official_test
data/raw/nickparvar_v2/Training/notumor/Tr-no_238.jpg,notumor,0,train,228,221,e2e5d743385bb6a351750e284940fd7426834cab19eb5a7152ac39fc729e0234,1ce0978e24014e4d1b51b5753eda078e99255fa998a136c2ff5bb5dce042db64,977a78a529c6690d,,255f45cea24b5cba,,,,True,development_group_overlaps_official_test
data/raw/nickparvar_v2/Training/notumor/Tr-no_239.jpg,notumor,0,train,512,512,e46f5d85df72f56bc2aa6204f83f8951b5c015ad8cf726ae231f41cee5ab3580,91de51e9efbc07db895ca79b0018bfe8372870484ee6db81cb404586a71016fd,c72f39f03c9b3098,,28b506c6d62ffd7e,,,,True,development_group_overlaps_official_test
data/raw/nickparvar_v2/Training/notumor/Tr-no_24.jpg,notumor,0,train,428,417,86e086bc3b54fedf7ee6ee9a8d464b5fa68857083e71167674b6384b0c53a97b,7b6d1ba84a88f4983fa35db2a2b35fe0b54a15fcf50d5efc45d7c6ccc2731a25,d0c00f0f2f1f7c3c,,06e5ef7f43dd4047,,,,True,development_group_overlaps_official_test
data/raw/nickparvar_v2/Training/notumor/Tr-no_241.jpg,notumor,0,train,225,225,402fcfa164480358b2e92c40c9d41a18fbb132dca3a09cebe9a24d26cde2ea87,0d472ec6cd8c5a4805251ee011847be1a30d5ca78e046e9aa37a46b24badb1fb,931a6aa52dc7347c,,e6bab0fb26081ce6,,,,True,development_group_overlaps_official_test
data/raw/nickparvar_v2/Training/notumor/Tr-no_243.jpg,notumor,0,train,225,225,da52822857f624458165dde147c7ea3a92eb42276d8dceb86423ea9ee52211c7,19add94a7267f2abcd9350ac35e41e90767cf3b8fc13525068355c3c617c0af7,927a6aa568c7258f,,a95ddf86f86f8b9e,,,,True,development_group_overlaps_official_test
data/raw/nickparvar_v2/Training/notumor/Tr-no_246.jpg,notumor,0,train,200,252,96d55b46d8270ad1b4aceb9069ba23ce65ec2b1c4a9a9763062729715d0e48a9,7ed7ad544dcb37d3819ff1cfca80b0738aa8dddadeb58296874a74adb65ba86b,c4434bad2fc37d14,,20c163e129b635b2,,,,True,development_group_overlaps_official_test
data/raw/nickparvar_v2/Training/notumor/Tr-no_247.jpg,notumor,0,train,236,251,9eb2f206cd2e88f015f4b08bd4a399ba5f8d97b263306205c1cf54385c7dd352,792f603257e9400e4d18f50cf336acef8bcf8bad35c83ba24a177538e296f243,d0322f0d6ce0f2cf,,28410b310e0da838,,,,True,exact_duplicate_of:data/raw/nickparvar_v2/Testing/notumor/Te-no_150.jpg
data/raw/nickparvar_v2/Training/notumor/Tr-no_249.jpg,notumor,0,train,225,225,2fb6e98cd2077f00fb30d374250aec5186ce7ab75f38b16f5e3a906c44756f8a,785193fb1907297e9747f222b94e4a8c3aa8bcd5a6aaecf3ff2ac3550dd4025f,c64f3ff078926129,,5bea05178dd1406b,,,,True,development_group_overlaps_official_test
data/raw/nickparvar_v2/Training/notumor/Tr-no_251.jpg,notumor,0,train,630,630,ff327029647fe54de0a6bcf042b5f4914eb71fa7d60647fd6aafefedf9fc7fdb,73919bfb8f099557ac6b936a22f6c3e262b5f4a9a345a1518c12c06ca5dcd40a,c64f3fb07892612b,,5bea05178dd1406b,,,,True,development_group_overlaps_official_test
data/raw/nickparvar_v2/Training/notumor/Tr-no_252.jpg,notumor,0,train,232,217,2c8205977954fc5ff8c7996076d037e894a682500a67143b40250f19cda87a45,ebf239bcfa35d447bf7c059bc99b9d6148f61a2f20ee931a2d83371a9181dfbe,977a782561c66c99,,a8df07fd09ef592c,,,,True,development_group_overlaps_official_test
data/raw/nickparvar_v2/Training/notumor/Tr-no_253.jpg,notumor,0,train,630,630,b79ec74d5f7686394f48d176332f0db7cc86f4d2f4f6aed6a474b7ac2f464002,cf717b0d48accced8ea0ac19d5cc9cc298433313fa757968f283d70d658fd4d9,c56f3e9039c76119,,129578c72051bf82,,,,True,development_group_overlaps_official_test
data/raw/nickparvar_v2/Training/notumor/Tr-no_254.jpg,notumor,0,train,173,201,7b7fcf8f635b7328153076258bd5fddc6562c43bf24614148c2440a1d2062d26,06bb03a8fa00aa30b4b055b4484984083da831b07ac92a22c2acbf94a971c374,96166aed2fd2250e,,b58df48a2adbbfc1,,,,True,development_group_overlaps_official_test
data/raw/nickparvar_v2/Training/notumor/Tr-no_255.jpg,notumor,0,train,225,225,6b73dc365fbc93ff66b40c68f2e5cd259e650193088389a5f1b968b8c537f4f4,3648226376dc9c544abb36a03c3ba8e55a998886054ee496fd7b4b8a0a033324,c0322f8d3bc6cd36,,293526c36e4c7793,,,,True,exact_duplicate_of:data/raw/nickparvar_v2/Training/notumor/Tr-no_134.jpg
data/raw/nickparvar_v2/Training/notumor/Tr-no_256.jpg,notumor,0,train,206,244,743457a3776a3e16f567e63bfda50f51e5a4f2eeef0f5f7bd8904c0d90387cdb,df83ff71003b6c790852a99b36bda6fb9588713c8dbff5084fa9876c10bd1fbb,959d5a323a6b6b60,,adea6e483dcc1e99,,,,True,development_group_overlaps_official_test
data/raw/nickparvar_v2/Training/notumor/Tr-no_259.jpg,notumor,0,train,150,198,3bd47e803ac5f4bc6c0d8821e46960901335fcaff222459a3b118ca508e7ecf2,9ade7d7dabd2f4328cb51e5c569cb99f41b4396ee97fe8ebbaff939ac392662b,97121d7f12fa5a21,,7f5fd70953bdb5de,,,,True,development_group_overlaps_official_test
data/raw/nickparvar_v2/Training/notumor/Tr-no_264.jpg,notumor,0,train,206,244,b10cac313e55aab0da2c7445d973c89ccb32603fddcbc9b4c4ea14db1f7e9fbc,1a03a85911d9d98b113dc9dd838cd2c12e99fe0b11c00d1bbbdc4ff7691548e1,c0370eb86fd13aca,,85a3aa2e850dbeef,,,,True,development_group_overlaps_official_test
data/raw/nickparvar_v2/Training/notumor/Tr-no_265.jpg,notumor,0,train,225,225,ba77ba859aeb96a0fdc6072a46f2449bd119d5d8df31e20c73968596a9ba5ed9,c1bc8a92ce2dc41c5a3db5420f2e30bdadfbe184ce9a1e5ce073e6ec6076f8b0,870f3fb07893612d,,5bea05178dd1406b,,,,True,development_group_overlaps_official_test
data/raw/nickparvar_v2/Training/notumor/Tr-no_267.jpg,notumor,0,train,225,225,1f55f2b11d511fb1cc425db152b7932ad057c3783674512875ea9f4435787902,6be04fe033e3b94cd1c38b3de66f53b1f2ef421672916c6c0565912061e24909,931a6ae52dc6347c,,e6bab0fb26081ce6,,,,True,development_group_overlaps_official_test
data/raw/nickparvar_v2/Training/notumor/Tr-no_27.jpg,notumor,0,train,177,197,b9f2c8cb9d850f58dd0749ffc13035fb6ddbcd8e3b5d84b301d7bfbae68621ac,bfaab2b184c76997ff201dbcfa6d31119d359e8efa321cc10c0414bfc4d5da18,963839b66969658e,,b38d7f4445ba05d0,,,,True,development_group_overlaps_official_test
data/raw/nickparvar_v2/Training/notumor/Tr-no_270.jpg,notumor,0,train,630,630,de3ece9dae81af89c99aec5bf08e92b5dcd97a2e266572b1cbf39bf6b067c6c2,c48ee258faf1a9773d7bc20a6d4355612ad606a87b72226d3d2dc5762ffb23b1,c56f3a9039c76519,,129578c72051bf82,,,,True,development_group_overlaps_official_test
data/raw/nickparvar_v2/Training/notumor/Tr-no_271.jpg,notumor,0,train,225,225,5ef1200f31d60ff645fdafc6de8912912f603f92527f2a30a220acf0979f3227,023927e1f88e9ce8d6662b28bc11b0f11471c21552b0c068285ee9ec568a9634,9c336ecc394363cc,,a9f7e627e86f8197,,,,True,development_group_overlaps_official_test
data/raw/nickparvar_v2/Training/notumor/Tr-no_272.jpg,notumor,0,train,630,630,a9dc1b9d61bdf2bcc9ff786cc211774f8e05a97343c837d6da93fce545e1f09e,cba46343eb4bd0e19ba49b25ef253fad0af53a126731e1471a1b01817ac94d8d,c5903e6f393865a6,,ff1d29f66632fe2c,,,,True,development_group_overlaps_official_test
data/raw/nickparvar_v2/Training/notumor/Tr-no_273.jpg,notumor,0,train,364,418,682871b3c7250e0c56b28688840ac15101ec847a891e0b2d2cb72f0436ff8073,72eb38a60e79734b440f9c1aef312eb7db705041533329e1dca99e76154e141e,d14e0aa96f306f65,,94be19826e9a375b,,,,True,exact_duplicate_of:data/raw/nickparvar_v2/Training/notumor/Tr-no_1333.jpg
data/raw/nickparvar_v2/Training/notumor/Tr-no_275.jpg,notumor,0,train,236,262,255a288c72a0761a522e99142d6f1a7e820769eebeeae585bf42a733db0e7b7a,3275c366d529b50b87142f0ca031522ef77a906450e25681016f3bcf2eee32b5,c36e1e61693c3c93,,174d875ae7a7162b,,,,True,exact_duplicate_of:data/raw/nickparvar_v2/Training/notumor/Tr-no_1295.jpg
data/raw/nickparvar_v2/Training/notumor/Tr-no_276.jpg,notumor,0,train,218,231,f51b11bbf066cdb7d4841474e4c4cced014228f6e64586066c35658fd807ab8f,959f960419ea18fcd20a3a97fc0d070913590b0e1885a6ee9e7e6895bedf9f00,d36b2e253b942cb2,,3c6f657a82c27d6d,,,,True,development_group_overlaps_official_test
data/raw/nickparvar_v2/Training/notumor/Tr-no_277.jpg,notumor,0,train,468,444,94d9a27262d2e96031f87785b92cd3bb889216e5a16f27c07064ec37e8489c14,6fc4458a7234891a5fc323c98a8518e9fba8b0d6cd78f4610f774eb8d4258f6d,c22d2f343f603f70,,d63573e240b184d7,,,,True,development_group_overlaps_official_test
data/raw/nickparvar_v2/Training/notumor/Tr-no_278.jpg,notumor,0,train,400,442,b0e9017dfd12e7f886c4e202b2a5fb6b07c889c427d0ddc541b1b3ca214e859d,b1fe7b6520c6c4c697a380dc358184d5e9ed64c820aeba52df5f631c1c8f8fda,d36f2fb130926698,,69164bc6d84e1423,,,,True,development_group_overlaps_official_test
data/raw/nickparvar_v2/Training/notumor/Tr-no_281.jpg,notumor,0,train,225,225,ef5addab9afd41d9a24d73711092b35f1610683975b03f80bff9d48d144970ef,412d5df9e50658ff9de36f1e3d116153fd4dfeb04f3f1a665957814b98d7fa3e,963c69c3649693ce,,93a00767aa18927c,,,,True,exact_duplicate_of:data/raw/nickparvar_v2/Training/notumor/Tr-no_1290.jpg
data/raw/nickparvar_v2/Training/notumor/Tr-no_283.jpg,notumor,0,train,428,417,5eed5f4469db6904469afad85b396855108204c53ab85d43614c49a98a5cc2e5,92bab31f5668944da6cb387878ddf7f83d6d422700067bc92a83329faff96b63,854a5aa57ab56996,,041f1507ed05be19,,,,True,development_group_overlaps_official_test
data/raw/nickparvar_v2/Training/notumor/Tr-no_287.jpg,notumor,0,train,225,225,b3a049210a1a46c61dad530451191928d55038e8a4a6695bcb7d4faaafe74844,45add1bf10b01cd4288f9534a8fbc2f9fd0704e9c6489972acab4e81d9521f3f,c36d3bb4382661b6,,7ffcfb741a11214a,,,,True,development_group_overlaps_official_test
data/raw/nickparvar_v2/Training/notumor/Tr-no_288.jpg,notumor,0,train,630,630,96eb6967090f99bcc7806d2bf9f194abcd66c9de089a1f642c1939cbc11e727b,5164bf00b6d18779ef660945758ac3451f0ef6bbd17073eb7a7bc8c823c8e58b,96386a716dc534e3,,214fe2cfa86b7f5d,,,,True,development_group_overlaps_official_test
data/raw/nickparvar_v2/Training/notumor/Tr-no_29.jpg,notumor,0,train,225,225,20b0c7de1c131e75deff54e8f0c51eef6c48116cdcbf7bb1f47fc7e4c7f07ab1,3a2ee734ee1f2225d5efefe625921fbadf59b3c7cab864f861b0059ae240a4df,c64f3ff078926129,,5bea05178dd1406b,,,,True,exact_duplicate_of:data/raw/nickparvar_v2/Training/notumor/Tr-no_224.jpg
data/raw/nickparvar_v2/Training/notumor/Tr-no_290.jpg,notumor,0,train,380,530,6cbb1f1cf0aa91c28f78bbc17fe11b65af8d21f071e4f8c7c0fc3982a36e068b,4ca88aab9c01378a2bd1137239771e9399e316899bbbabaa7b878c6edb5e7238,84e43f3f70b16199,,21fdf78289b11fe7,,,,True,development_group_overlaps_official_test
data/raw/nickparvar_v2/Training/notumor/Tr-no_291.jpg,notumor,0,train,400,442,925becfda8733c27027b4c4d6e38ad4ef8c0ba136177dbc9e1f0c54f7065ecfc,1423692f675cc0028f7fe8d8fb194b02d691065eb684cc1886d66406b014f33f,863a7ae065c733c9,,ce4b5ce3f3b09d13,,,,True,development_group_overlaps_official_test
data/raw/nickparvar_v2/Training/notumor/Tr-no_293.jpg,notumor,0,train,150,198,2db2426323e2d116ddfd79ca17da4f0c3861a527eba11414ce1ffe403b5810bd,2833a010b5e7c8a000468a744916d2acb6e1c21ee062dd7d4df6ebbc51c61375,9712197f12fa1b25,,7f5fd70953bdb5de,,,,True,development_group_overlaps_official_test
data/raw/nickparvar_v2/Training/notumor/Tr-no_294.jpg,notumor,0,train,232,217,d2766e3fcb581dc53fcda4bf40b7e9eae2e524e71c5ac4601da745923699e2ff,5f6bb94ecce0f122bc2cb88d4b76b8128bf4e9295ac6aa2acf291e23ee458c23,9e30694b67cd9698,,57e3b4fd5b87fb04,,,,True,development_group_overlaps_official_test
data/raw/nickparvar_v2/Training/notumor/Tr-no_297.jpg,notumor,0,train,228,221,ca06f964bab906298da01a46237016884198562f55086c0e465f7a9aa23228a0,f4479fc8608602adae489dfd0ea0c4e3b7de447b6cafcdc876070e95bebdd585,c22f2df034931cde,,c8913f2b6ffa2b0d,,,,True,development_group_overlaps_official_test
data/raw/nickparvar_v2/Training/notumor/Tr-no_302.jpg,notumor,0,train,380,530,2ced89e5989f75f70abe892181d5fb9ce00d06b8af4849ad145ec5590ceaef36,75f20818f15cb0111551aef534fbec25fe5bd18af3547016751424d9ea2d50bd,d1b16b6a35e434cc,,0c09cb02ae3cd587,,,,True,development_group_overlaps_official_test
data/raw/nickparvar_v2/Training/notumor/Tr-no_303.jpg,notumor,0,train,630,630,6b5118bc2c05b7d260c614a5b1f8e15edd4cf7ecf687ebd1b30049df1c3c10b7,bd22c18a9c9ba7c569164cc19fba3cb3622dc4a041c43e786ea7180688ac109d,c76f3a9031c76549,,129578c72051bf82,,,,True,development_group_overlaps_official_test
data/raw/nickparvar_v2/Training/notumor/Tr-no_304.jpg,notumor,0,train,512,512,ee17905768c01705c6abcc330d664f063c5ceada4e3ea6722be796cc9bc9986f,dac01bc44326c034df09ed3511c038bd0350b46dc85efa68eda1e6cae8c5c65e,967a6ea568c3218f,,a95ddf86f86f8b9e,,,,True,development_group_overlaps_official_test
data/raw/nickparvar_v2/Training/notumor/Tr-no_306.jpg,notumor,0,train,225,225,5bbc95ca8b383bd16a7525d1a390e812ecaf7f650063a1aa3f0783840c5e575f,a313f81e288444947bf35296466f246fffc5c272b84fa1d6333b8f601f4403ca,c64b39943177e159,,746d0dd3902c73e1,,,,True,development_group_overlaps_official_test
data/raw/nickparvar_v2/Training/notumor/Tr-no_308.jpg,notumor,0,train,236,357,2ed15a662d8dcdf6077f3bf8bb4d21722e2a3b90ff2cf194db18b75933a4d322,02661f67a95daf748a1dc570b5394076c97d38e025e6706999295a3c5f9e5fdb,c3692ea23cb5acc3,,d303bb525bc3d808,,,,True,exact_duplicate_of:data/raw/nickparvar_v2/Training/notumor/Tr-no_112.jpg
data/raw/nickparvar_v2/Training/notumor/Tr-no_309.jpg,notumor,0,train,225,225,eb5c5214771cb99a9041862ae16f2bcc9bb8aa8f56e784ff380905cb2f802a2c,a970f4be2c800f9ac8f09243f9a6de1a9702adba887728e202de0d39dc95c4cc,97c5789a6e183999,,854c054f3dc5a577,,,,True,development_group_overlaps_official_test
data/raw/nickparvar_v2/Training/notumor/Tr-no_311.jpg,notumor,0,train,150,198,0e5b5a82f0cdfb21eec4ef29b7353f80a4061743d9d3813104bb06331cbe86f4,8de186651c46fe623f38006d08ceea7815243d66df6cc5381f8bb3f397a35f8d,c2474c2a47af4f74,,0776e2fcdf0699b2,,,,True,development_group_overlaps_official_test
data/raw/nickparvar_v2/Training/notumor/Tr-no_313.jpg,notumor,0,train,228,221,3f9bbd6bcf3ed8d611183024645200a6573970e6c04f9d1cd30e94c98b2bad58,aa964faf9f0d3de7dab039761d0ad12e71b1507cbcfb44e20e28935952995dd5,c00f3f703c717966,,268c2b96ebe5d2fd,,,,True,development_group_overlaps_official_test
data/raw/nickparvar_v2/Training/notumor/Tr-no_314.jpg,notumor,0,train,630,630,781facc8c7496205fa19266d803d315c55fb0e9e250f436433ea6642753c348a,9d56c564218129b07f5dc9e79096bdbaead7dcb739df9f6d79993fe587db8ae5,c36d3f34389461b6,,2840c12ff1a8570b,,,,True,development_group_overlaps_official_test
data/raw/nickparvar_v2/Training/notumor/Tr-no_316.jpg,notumor,0,train,225,225,982b370105eba2d69c792adbcb7e4c8b5319e6bd5229b64d008dca9af3accf80,017344d5bdd386a02fb3c18b7c8e3329d9229ad7342931b061e4726b984b7fc8,87973e4e78686139,,da18a45e3c84c18f,,,,True,development_group_overlaps_official_test
data/raw/nickparvar_v2/Training/notumor/Tr-no_318.jpg,notumor,0,train,442,454,34d45fb699f5183b9b859f9bc071e1f23d9b0d3ca77129699c25191c313d22ae,16165c34b8156286e59ca5619779d49af512e79295511cd861212436be401570,969e78c9610e6765,,7927a808f4aaaefe,,,,True,development_group_overlaps_official_test
data/raw/nickparvar_v2/Training/notumor/Tr-no_319.jpg,notumor,0,train,225,225,658b9dbd6d87170f19ae33bcb2e9d7d211aba7be45c0a5069df271002d125a23,bed1425c0f8e40cfd0416518f442a6eb8229c66654d707ff2cc554d4cd222111,931e6fc16447f41c,,20fc44a115061d2e,,,,True,development_group_overlaps_official_test
data/raw/nickparvar_v2/Training/notumor/Tr-no_32.jpg,notumor,0,train,225,225,a8ec609bf4bca5c827586ea5db4bd5456cf2b6d8a7d5218ccf12ab4526c75057,d87ff7e439713feb08b9018956b151d7314eeb96bdb9797287081dda6d93a246,cec63c393138e3c6,,d833a6eb53ccf1eb,,,,True,development_group_overlaps_official_test
data/raw/nickparvar_v2/Training/notumor/Tr-no_320.jpg,notumor,0,train,630,630,7aa1699982c823d0f2de7f11f0a946404d6aa59903639b6c841322d9ee40f1a0,012b3994f1672f98ae22596ec743c5928638607659a7b95ac515d063ef2987a9,90c56b3a6c6d34b3,,fa913b11417982c8,,,,True,development_group_overlaps_official_test
data/raw/nickparvar_v2/Training/notumor/Tr-no_321.jpg,notumor,0,train,630,630,8530b175ac1df0c0a4f09e325732cee2ae63b42d144b702648d8e6fcb47559bb,5e0579c8d4d66ea8aaaf43d810ed38853a1ddbea3539221a9596a8e3ff3b6266,96386a716dc534e3,,214fe2cfa86b7f5d,,,,True,development_group_overlaps_official_test
data/raw/nickparvar_v2/Training/notumor/Tr-no_322.jpg,notumor,0,train,630,630,b2b557367e280104aa990ff5b1116471c9a0895e48c6bad01725b8b14c138fb2,c9c4fbe2a1c78799ba8a23f38e9e521d48df972f47831f76ee982b580801ca62,931a6aa52dc7347c,,e6bab0fb26081ce6,,,,True,development_group_overlaps_official_test
data/raw/nickparvar_v2/Training/notumor/Tr-no_324.jpg,notumor,0,train,150,198,b822c242fa5306ff05e75ec790644fd975c95712638e1da8186643224b53c112,b46f734ff701f8ce2e33a7ce3b5703e8738cad0a42c3278b3d3a57a9ae93f5c5,c7b84cd547105f8b,,db4591e4c126e741,,,,True,development_group_overlaps_official_test
data/raw/nickparvar_v2/Training/notumor/Tr-no_325.jpg,notumor,0,train,234,218,c3f2d52e1a996bea716774c0051492202d3bdf76fdb53f9ade2b5c6289a6cb36,4a67e39e65557ac2d0f7f7a75b62d246483dd02005ab3bc20db247a594d64cf7,96386de536c6309b,,d9d89a8771fecd15,,,,True,development_group_overlaps_official_test
data/raw/nickparvar_v2/Training/notumor/Tr-no_326.jpg,notumor,0,train,512,512,834db082aecf03f2310a9599b16642f5f3a4d76da639d92bd083305cad59111e,278d644f336ddab890cb734e0ee61e7fb44632e7e72c683c50ede7f1842c2ee2,c32f3bf03d92309a,,28b506c6d62ffd7e,,,,True,development_group_overlaps_official_test
data/raw/nickparvar_v2/Training/notumor/Tr-no_328.jpg,notumor,0,train,225,225,40031cf5c3f55c8b2f98051be7485b940a455738b7b07233433ea2b15072cda2,b961a7465bda255a33b17e81009366845c8320661c15651b78db588b03274995,870e3ee068d9613f,,6d3ecf8e3476041e,,,,True,development_group_overlaps_official_test
data/raw/nickparvar_v2/Training/notumor/Tr-no_33.jpg,notumor,0,train,228,221,0b2f96b2f4cd073d6d99dfd31d0c2d32130063e106cbac9d271090b229e6fb18,e40764e515ad0516cb8ef06d1bf83e8fd19ecead2aee837496b83b3dfe858e30,955a7a6579252c33,,16dcd082fb4983aa,,,,True,development_group_overlaps_official_test
data/raw/nickparvar_v2/Training/notumor/Tr-no_330.jpg,notumor,0,train,225,225,fd701e8cdd7a47b2b7198334e09d7947edf3d2efdd68b73b8d47282256f9f475,6db0d10a60855a100e490c97cc317c18daf6a627cfa4835b66604d64f4c5e373,907a6fc56d92344d,,ab5fcf22d369291a,,,,True,exact_duplicate_of:data/raw/nickparvar_v2/Training/notumor/Tr-no_1051.jpg
data/raw/nickparvar_v2/Training/notumor/Tr-no_331.jpg,notumor,0,train,201,251,5f5390a3d81bdc854e5e498bfff76886d22c09112eeb2399b83faae4d70442e3,b80fd7b0949cd727ca75c7f09dced332bbacf88147563244162218dba3fe1215,91681e276adb69a3,,7b3cde42b411124a,,,,True,development_group_overlaps_official_test
data/raw/nickparvar_v2/Training/notumor/Tr-no_334.jpg,notumor,0,train,227,222,e068f498bea26909af4a8a27973cbcf12680252b353288f2f17f92e6bea663a8,61c5f42bcf0c6aea33b2427bcc505939d0b9abc6c3d6f47ebaf010937d45aeac,856a5aa57ab52996,,041f1507ed05be19,,,,True,development_group_overlaps_official_test
data/raw/nickparvar_v2/Training/notumor/Tr-no_335.jpg,notumor,0,train,225,225,97ef878aecbeb25dfc63bf5b3c3efe9c6aba103b461471294b1b019ebb1aedb3,7033954e6df30d4fbc634e2d729104c78f695fbcd67180941e0072f12beff56c,c24b6bb53dcc3462,,59f8aa73908722b1,,,,True,development_group_overlaps_official_test
data/raw/nickparvar_v2/Training/notumor/Tr-no_337.jpg,notumor,0,train,227,262,1c8c8783a6f563b0dbcd65ec42b1f7dda4d87822f9c397762fa62f3e2e447976,670af9e2e370eb9b48c3ed2587c44b49f39e74ef3836c26c3049f00db1a46557,94f17b1a688f6926,,b28ca91d20dd3a7c,,,,True,development_group_overlaps_official_test
data/raw/nickparvar_v2/Training/notumor/Tr-no_338.jpg,notumor,0,train,468,444,440b5229fa098b3b180aae3a1c6a2bc4362c46e0f80261e4546713d699779833,d5133c8cd3fee001e1ba1a1cdaeb15064a93b424d087017b7135f32f8c622514,97787e616a256a25,,adad72855c74ddca,,,,True,development_group_overlaps_official_test
data/raw/nickparvar_v2/Training/notumor/Tr-no_339.jpg,notumor,0,train,225,225,0da2d14203ca846b6299fc07a0f42a3918afb25fbffeb573f491036b4d6f628e,2cff98696a5ea78d336f0521f849804e73bfbe8eaa868ba9ef696cc3211927e2,c6b03f0f786c61c6,,a8102006ae63c646,,,,True,development_group_overlaps_official_test
data/raw/nickparvar_v2/Training/notumor/Tr-no_340.jpg,notumor,0,train,201,251,c2f84e30b7b642dfeb812ec6fdd5d4e6117893bc6ed0234373233171ea45e199,be0874727b9cd8d2f558b086367779985585ac53ce5f24d6afb5b60d13eb06ff,d70a28bf02edc33c,,d96545d8f2010d02,,,,True,development_group_overlaps_official_test
data/raw/nickparvar_v2/Training/notumor/Tr-no_341.jpg,notumor,0,train,680,680,e22f980ae6f8f79a1fd96c0e2711d06767493d2d7c19d885fd89f6207702c3f3,35fcb0f30fe8ca79bd271420ddfc1b729efd5822a8305ec6b66497d79215c930,866a38e57ac56987,,99eb71355da915e7,,,,True,exact_duplicate_of:data/raw/nickparvar_v2/Training/notumor/Tr-no_1302.jpg
data/raw/nickparvar_v2/Training/notumor/Tr-no_342.jpg,notumor,0,train,393,400,0e2534dd9fd55be6da171440c493e8199b098b4cbf1fdd2d994da59fb10a9a78,db9a74e499d9b786bd7efff6a4bcb74e849d159cbb7475b3a4567cc1a0d015ca,c24b2fb43ce66436,,3cd20e90df295128,,,,True,development_group_overlaps_official_test
data/raw/nickparvar_v2/Training/notumor/Tr-no_343.jpg,notumor,0,train,442,454,4899e88fcfb9cbc13d3b4bc9528a1bcad65d42500b08a83f2de83e9dc8337b13,d990ff9d31cce25ed7f272f4b30694e0e07a1b057476cf6dd026509d90db947b,c3cb2d9c34db3231,,a9daef77fd0bf205,,,,True,development_group_overlaps_official_test
data/raw/nickparvar_v2/Training/notumor/Tr-no_345.jpg,notumor,0,train,442,442,af948c540f97b2a6cddb7540be0239c29db8f489cab0c92a12181db74f51d235,f54036898e4735f1b024eaa3ade2ba70409b540093b8d22b6652ac9f6bb136eb,933e68a16cc334cf,,cb799d998c0a2650,,,,True,development_group_overlaps_official_test
data/raw/nickparvar_v2/Training/notumor/Tr-no_347.jpg,notumor,0,train,225,225,3b098b0d2bee33d7fc3864ad7367a71538983f2b06eb83a23d72fa49a7ff5d3c,27e89a1f6ae39619f037b212d0c5f9aab902b1253bf3d3c83e1ea21ded855a3e,876a3e31789768c6,,d529cd947d4f174d,,,,True,development_group_overlaps_official_test
data/raw/nickparvar_v2/Training/notumor/Tr-no_35.jpg,notumor,0,train,173,201,5933c7d02ae930f37d29bbe67bff5dd2890344a5c839c03ce3281a428a9c514d,6d47b7cfaa25d32c91b0518040ed9af5af00758f4d28e378d111b1645835da50,c1433fb87a87701b,,cdffb7f53d44e5d8,,,,True,development_group_overlaps_official_test
data/raw/nickparvar_v2/Training/notumor/Tr-no_350.jpg,notumor,0,train,225,225,e4e59af6b70fdfd510384b898b121aa9207ffa90015edda999942594c82658e8,3bf6c45ce4011cc1fb6659ac5f7f0e772bfddcffbb1aaebaf26998e316732bd7,c64b3b943137e169,,746d0dd3902c73e1,,,,True,development_group_overlaps_official_test
data/raw/nickparvar_v2/Training/notumor/Tr-no_352.jpg,notumor,0,train,504,540,ed3d377bbe7b539af48204acad6a3c6089978f523bb8e4934e9dc367f95ab8ab,4c633cec4f1480f01db9156a3ff0b1781a657b6e48ca7065436f6e64056196fa,966e789561cb2533,,5470992ff1c0af0c,,,,True,development_group_overlaps_official_test
data/raw/nickparvar_v2/Training/notumor/Tr-no_354.jpg,notumor,0,train,228,221,07e6abf4d51558064e38530dc57423f8a0ec8abf105cd0d1eae58a66aae3246f,c2ff968d4020f430f8057fbb51b3848fddf42737242cb2176f4013fcebf678c9,977a78a521c6698b,,255f45cea24b5cba,,,,True,development_group_overlaps_official_test
data/raw/nickparvar_v2/Training/notumor/Tr-no_355.jpg,notumor,0,train,201,251,55253bf7b87e4937dd30007c7419dd079a94470c89dcb6f183c50435b6687a3c,0a6bcff6ddd9cd1dd7d53b22af960d37a7b2bd90e3dd99496464a445ac88488a,d42d4b722b8e2de2,,ae85cba91e783b1a,,,,True,development_group_overlaps_official_test
data/raw/nickparvar_v2/Training/notumor/Tr-no_357.jpg,notumor,0,train,230,282,4eee49e2f60ad31735106ffcdce241a02c08303bf8fd4dbc4641c4dd48133a27,e90d623c9ee7032d7fc7c2bc44bfd1fcef2cbcd7986976c42a7b8032e85eb88e,d4c16e1a393b656c,,9156d72d38b416f8,,,,True,development_group_overlaps_official_test
data/raw/nickparvar_v2/Training/notumor/Tr-no_359.jpg,notumor,0,train,400,442,514b6829e781e899a0b50be4a22cc34b2f3f46b5627c67dbcdaad67ac83e6af3,4dc020562168786d7b21de601b3d0abe2a0c405294c2b38417c6476d02f7e426,d36f2fb530922698,,69164bc6d84e1423,,,,True,development_group_overlaps_official_test
data/raw/nickparvar_v2/Training/notumor/Tr-no_36.jpg,notumor,0,train,201,250,a28f2397c962d7e4207c9239404af0ae174a5e5ef4045ad85e929ad58f721bf8,caaa91301d2fc3ebb0ec8587b49129b3af5aeef141a8f0c8345b869d815301b5,d50e4aed2fc43d90,,9569f54a939aa335,,,,True,development_group_overlaps_official_test
data/raw/nickparvar_v2/Training/notumor/Tr-no_360.jpg,notumor,0,train,225,225,b57e5fb0713ee26e10a86db0ca4bd1a5ebfd6875202d4e81af0f10c5525bc01c,db7d8054a8462086400ffa501dfd6860399c7797f7631a175e75621c51fc9ea2,96c3691c6569f331,,51c5c84f706bc5ca,,,,True,development_group_overlaps_official_test
data/raw/nickparvar_v2/Training/notumor/Tr-no_362.jpg,notumor,0,train,235,233,77ed920e1688b867cf62bed46e5bcafb5d16d7a04f869cef88bce986d262ca6d,dd38ed7840d6854a8e44aa7c6900aa0044daf4c7a8445df0d7fd4dd01d65d77e,d2c24f3c2d3d6961,,67249e8ec4f84958,,,,True,exact_duplicate_of:data/raw/nickparvar_v2/Testing/notumor/Te-no_365.jpg
data/raw/nickparvar_v2/Training/notumor/Tr-no_364.jpg,notumor,0,train,228,221,a0403fae82625981833d0e4727deec2d6109244f740dd56ddc8b87bda3c7fa6c,0bbba191d9ca26756337784b0da739e42f12f78a21a5d0f360d76dc5edfbd969,c2d02d0f746c1cfd,,11e164e39e5d1518,,,,True,development_group_overlaps_official_test
data/raw/nickparvar_v2/Training/notumor/Tr-no_365.jpg,notumor,0,train,350,350,45f94977b8dcdda3912f51dd1f12e6d58ad625545d37ce1771ac3b3fdd155c81,cc730c49de74a4c5abc6304556874113bc229c613cbb039e57afa5881c0591f5,876a3e31789768c6,,d529cd947d4f174d,,,,True,development_group_overlaps_official_test
data/raw/nickparvar_v2/Training/notumor/Tr-no_367.jpg,notumor,0,train,192,192,aa56085d96a183736b9b934fe058814cce8486e6e56f7b99ed00f1a20e83ba3c,088e33ca4d8601b3c5308bc2e01d482d31a0ac6d8a62b2bd94f955dfa40182ea,971868e3650d67f2,,431828fe07927d85,,,,True,development_group_overlaps_official_test
data/raw/nickparvar_v2/Training/notumor/Tr-no_368.jpg,notumor,0,train,232,217,910fb825186027431acdc9664e9afb2ddbea0736c3be1214c9c2d2d3f9316c56,42c33d1bdcde52ca617e7629f6d4e0034eda459b55b450a5c665b510f659147a,967a786561c64cd9,,a8df07fd09ef592c,,,,True,development_group_overlaps_official_test
data/raw/nickparvar_v2/Training/notumor/Tr-no_369.jpg,notumor,0,train,504,540,8de36f55e8e7f663a6f422607541e77cec76b367718c8dfe82164c8f46d1d3a6,367bfe7d9706b885268f9dcad725b1c9da3411567ad5094ffe1bd803f4dc56f7,966c789561cb2537,,5470992ff1c0af0c,,,,True,development_group_overlaps_official_test
data/raw/nickparvar_v2/Training/notumor/Tr-no_37.jpg,notumor,0,train,359,449,f8023e2a47e97478a24ab4374a6f1d27d5f3a9a98c8752e796887f32a5e5b66e,82dc34ea5174ce0673f81e07a6899fd0aa0027d623c270325fa8e8fe9068c8de,91971ed87a24697c,,e82889fc69ca47a3,,,,True,development_group_overlaps_official_test
data/raw/nickparvar_v2/Training/notumor/Tr-no_370.jpg,notumor,0,train,400,442,5da649b1d62a1b0bf29d93a6ecf9d28b0706e6c2e8c360c04f3a0f8b8ef01257,4093623d5609e49a33e0808f72afa34c0bc4186d8da0eb5bf3f6d194a8f21ed4,d36e2fb13092669c,,69164bc6d84e1423,,,,True,development_group_overlaps_official_test
data/raw/nickparvar_v2/Training/notumor/Tr-no_371.jpg,notumor,0,train,630,630,72f5f6723c7b92f641fb5d44513b6111c348e43005f8c1f4829f28eebd1117b2,ef8d0167c4183b8f0f8b864ed68b60a3f574030067420a513930d7c60640e459,c64f3ff078926129,,5bea05178dd1406b,,,,True,exact_duplicate_of:data/raw/nickparvar_v2/Training/notumor/Tr-no_109.jpg
data/raw/nickparvar_v2/Training/notumor/Tr-no_373.jpg,notumor,0,train,680,680,3ddeea6a885fe0abe47b3ae14f4694a85e7b4a5cc2b43cb5407288ffc585a62c,7b2aee226227c348b78718c4f4a913de86f98aecc9103f0011f6436a3fa50e54,c33f6db037903c52,,dc4ac19412c7b109,,,,True,development_group_overlaps_official_test
data/raw/nickparvar_v2/Training/notumor/Tr-no_377.jpg,notumor,0,train,192,192,6774b2137c7f1785385cf64b7fde608287f3f7e05c29d7dfc114443b01e40b62,eecdca21a8af8c5aa37d91609d95391f83c2b9c7b687860b10828c6370eb7720,c24d3db630d932a7,,24a81fe76ad777a4,,,,True,development_group_overlaps_official_test
data/raw/nickparvar_v2/Training/notumor/Tr-no_379.jpg,notumor,0,train,225,225,fa1705893cc95e676c894d4787a059491d886ccffa85f384ae878d3d580c18f1,bd24e2c77d5500735c9928dce91a0af9d42a9c857d8ce7d4c806ff537f3bc407,c74f3cb870936169,,5bea05178dd1406b,,,,True,development_group_overlaps_official_test
data/raw/nickparvar_v2/Training/notumor/Tr-no_380.jpg,notumor,0,train,236,236,1e1a27e88f2812b4b950fca09bf5f4b8fe20514826756ac69b37b43c0c73214b,28bd93b9e80407414e86d43e9300e06333c1b6ad85b224445869450b3e0c4cc8,954a46797aa67859,,5234dab2a8571497,,,,True,exact_duplicate_of:data/raw/nickparvar_v2/Training/notumor/Tr-no_1267.jpg
data/raw/nickparvar_v2/Training/notumor/Tr-no_381.jpg,notumor,0,train,192,192,fe93388b3da416a1e278cb601105acd609e546838c39c0490a8e9889ea950ec8,844cef01d37bb623236ddd735f6fbd89201f944f34c1bbbd012e7caa17750261,97c7681c6533670d,,c1736549030229ea,,,,True,development_group_overlaps_official_test
data/raw/nickparvar_v2/Training/notumor/Tr-no_382.jpg,notumor,0,train,225,225,c48e0a107f985bec88dd81d6f27432ad61539aa516c4396a71fe9e55cdce351d,18745dd3b7c8768ed1ab421a5856e611753f58acf55adab4d3f80ab284dd1793,93e16c3e64a8b4e3,,e7a10c1e539dd946,,,,True,development_group_overlaps_official_test
data/raw/nickparvar_v2/Training/notumor/Tr-no_384.jpg,notumor,0,train,225,225,8570d5134cffb9b72564702663cae2968a0d3bea506ac083db9f8ca46f992026,2eaaf73e91ccc6c921b81fcdf16a166c9476c1f1c2e8be4f774f99559b44eae9,92e16e3e64a8b4e3,,e7a10c1e539dd946,,,,True,development_group_overlaps_official_test
data/raw/nickparvar_v2/Training/notumor/Tr-no_385.jpg,notumor,0,train,420,280,893cca9d9dd93b1ec90d8b2b6e4ec17638153c4603c32e8b304bfc05aa8a42bc,6531f84b6de8d2dba633122277bc3dd9b35646d0602da3abcc59c0b5d104b874,ce6c38b634926799,,8ea48ab8c3189875,,,,True,development_group_overlaps_official_test
data/raw/nickparvar_v2/Training/notumor/Tr-no_386.jpg,notumor,0,train,225,225,008621858a0f998debf392faccc3b430b2971ec9ff7f8108391b22f35f787d16,4b815e458d0bd7886ff52a07e7aeb611e26bd522d9ff7a6b329fe61bfce336e9,876a3e31789768c6,,d529cd947d4f174d,,,,True,development_group_overlaps_official_test
data/raw/nickparvar_v2/Training/notumor/Tr-no_387.jpg,notumor,0,train,236,236,1e1a27e88f2812b4b950fca09bf5f4b8fe20514826756ac69b37b43c0c73214b,28bd93b9e80407414e86d43e9300e06333c1b6ad85b224445869450b3e0c4cc8,954a46797aa67859,,5234dab2a8571497,,,,True,exact_duplicate_of:data/raw/nickparvar_v2/Training/notumor/Tr-no_1267.jpg
data/raw/nickparvar_v2/Training/notumor/Tr-no_388.jpg,notumor,0,train,276,326,b7217d07fe4b60f472aaeee4b36e8429d4a1685bbb9fd13c1d471835326e801d,8e4fccb06ae3b08d80f5890535dd1fc1f7495812656c9a708115a16812216620,d44c63b70d493735,,5e36483137a51dc6,,,,True,development_group_overlaps_official_test
data/raw/nickparvar_v2/Training/notumor/Tr-no_389.jpg,notumor,0,train,234,218,6df56cc8a677bbc089ccb7f85e5f40b665a551aa28c7f2fffffcaddf521ed503,2f73dc83af8e22ffdeca93a135bba9e9b2cd0cce14b216c3cbdbdec75b41d1c6,d2386de536c6309b,,d9d89a8771fecd15,,,,True,development_group_overlaps_official_test
data/raw/nickparvar_v2/Training/notumor/Tr-no_39.jpg,notumor,0,train,400,442,7fb3ddbb14d06fc17f27a24c124031463b8a5d410877d272495a460de1c5b841,aa009bf0177b3a8d09f448419e360d37001e0ca20e0082a8dc4122e643a019f3,863a7ae065c733c9,,ce4b5ce3f3b09d13,,,,True,development_group_overlaps_official_test
data/raw/nickparvar_v2/Training/notumor/Tr-no_390.jpg,notumor,0,train,228,221,29504dbbe42208cd4a37cf150c088b005656454befe4015caa1a94c2b2d7c0eb,f3c6da8ffdb57150bca2d65dc041ad0c5fa551a9166a929425efebc7b3a399aa,9d7a6a6569252c33,,16dcd082fb4983aa,,,,True,development_group_overlaps_official_test
data/raw/nickparvar_v2/Training/notumor/Tr-no_391.jpg,notumor,0,train,225,225,193b1ca0bd3352e41e46d90ae247d0c706e61579889e814403de1c091bfe9bf1,4616caf6ee33c52dfe288cf1a1f22022f2e61d255d306923005da915dbe2b199,95987a276e6c989c,,e0d456aab8db624e,,,,True,development_group_overlaps_official_test
data/raw/nickparvar_v2/Training/notumor/Tr-no_392.jpg,notumor,0,train,420,280,6928bf994e8305a34bdc832e7df31b94c75b1d30418fbb6c503703b11f1259a9,4ffe68646362184ef10e093a40b2a24e9667bf6469ee8f0a1c83ee5ad1667f06,9b396de36147324c,,18bdaf66842f97f6,,,,True,development_group_overlaps_official_test
data/raw/nickparvar_v2/Training/notumor/Tr-no_395.jpg,notumor,0,train,218,231,a8009ea052d58b75559e9e5d5c99cc183e8b92ec80d7597d569c678ca33efd0b,270bfc606ce7bbcda62f832401369c65aac06f24f16451ec81bb5be9aa2132f4,c36b2e253f942cb2,,3c6f657a82c27d6d,,,,True,development_group_overlaps_official_test
data/raw/nickparvar_v2/Training/notumor/Tr-no_396.jpg,notumor,0,train,206,244,2bd550d2ddfec59aa815aedfad99541a90e7bdf7d78fe88fe739cfb5ad4fe3b5,0f0f3a7c1c4fb91a52471d8f45e2830155cd94f8d10ff750ddeae7c1d6ae724e,959d5b123a7b6960,,adea6e483dcc1e99,,,,True,development_group_overlaps_official_test
data/raw/nickparvar_v2/Training/notumor/Tr-no_4.jpg,notumor,0,train,232,217,7c0124081a4ec0c5a2df2f72738fa5bb4ea5658f7d3454215225bab2d550030a,727b61d954bd14aa9e55c41cce76d3586eaddd51e4f2f343a8f1b3d601d885f4,c32f2d70349339dc,,a714a07bb54d7e51,,,,True,development_group_overlaps_official_test
data/raw/nickparvar_v2/Training/notumor/Tr-no_400.jpg,notumor,0,train,630,630,5a66211168e2f92209f3aee80fe618a1555144bada16fdc2035d1780321c02cf,38dfec3bc292dbd5ed78de6e9faffd1920b9bae64dc2f39aa7d8c994c05ef844,96386a716dc534e3,,214fe2cfa86b7f5d,,,,True,exact_duplicate_of:data/raw/nickparvar_v2/Training/notumor/Tr-no_1023.jpg
data/raw/nickparvar_v2/Training/notumor/Tr-no_401.jpg,notumor,0,train,225,225,fbc22e6422e4080e0cc43f4183359d813487f41df1b5fdf7c68e463c5951c7a7,69c589b754bc05b9f2a30338ffae3d1b845a0d190b4b1ea756af6bcd33247d1e,c2902dcf3b4d6ccc,,fb429d8c82606a84,,,,True,development_group_overlaps_official_test
data/raw/nickparvar_v2/Training/notumor/Tr-no_402.jpg,notumor,0,train,201,251,bc802bac8ff69922680339822c1e173b9c28ad6979a1a648a314a4592ae828af,ab58d2d656d8649d5b0d6adf99050a71af943c4e05ebdaed13ae13ecfb8c793e,d4d24b8d2f713c29,,fcbc02f806528ecd,,,,True,development_group_overlaps_official_test
data/raw/nickparvar_v2/Training/notumor/Tr-no_403.jpg,notumor,0,train,201,251,717e52b12db9e89261fc353e2a86313e73c1fc9df5e6f503bbc8586d93a63283,189d26131e65c22f014915a301912913dfae67ef0535076912141059dddb5ad9,c42d4b722f8e3cd2,,ae85cba91e783b1a,,,,True,development_group_overlaps_official_test
data/raw/nickparvar_v2/Training/notumor/Tr-no_404.jpg,notumor,0,train,512,512,c021a736b725b0269c03f235df99c88ee35431a429d519c4445d8ea34ab2948c,5e8875faaab063f1a0ce90919fb8740d9ab00c9cfd5ec3e36c5180c765d2f62c,c72f39f03c8f3098,,28b506c6d62ffd7e,,,,True,development_group_overlaps_official_test
data/raw/nickparvar_v2/Training/notumor/Tr-no_405.jpg,notumor,0,train,230,282,1a5c86bf6d8cc8e34ba31a382066684192e7924ec2d547598c782457dbf034c3,57c040f9ef20dfc58d635a4f10cca89739e375fbbd2b3d1227f94f48cc9714da,d43e6ae539c06593,,93fd8f25f6fec894,,,,True,development_group_overlaps_official_test
data/raw/nickparvar_v2/Training/notumor/Tr-no_409.jpg,notumor,0,train,504,540,0c4a4a499be2d6e2bdaf587a6b722d014c0675ed9999f571d829ad72d0724439,e712c1adc3f18f2a82df7ce09e4a77e6beb2014baea23a3aebf18ca86aace989,c3c62d3f3461709d,,38829dfae5d1ced2,,,,True,development_group_overlaps_official_test
data/raw/nickparvar_v2/Training/notumor/Tr-no_41.jpg,notumor,0,train,630,630,5a785594650c8103b9c089d0b1cf9c2b7fcbb4a140f2d39c9ee1c3f4152f1421,f8d410df384d6e8aa3add061f353f43765b7220d760e94fbffcf160bacb574b6,c36d3bb4382661b6,,7ffcfb741a11214a,,,,True,development_group_overlaps_official_test
data/raw/nickparvar_v2/Training/notumor/Tr-no_410.jpg,notumor,0,train,331,406,7d5fb3078f6ed56884ebf8c14928f4e8e05ffd2065cf1b5f4b23cd6dfa3f49ef,a0110ea7697ed7e13e50ea29816cffc7b5a09848a27926de951b32024a14a426,80504fab6f813eb7,,6bf31ed75ef5e9a1,,,,True,exact_duplicate_of:data/raw/nickparvar_v2/Training/notumor/Tr-no_1208.jpg
data/raw/nickparvar_v2/Training/notumor/Tr-no_411.jpg,notumor,0,train,630,630,c5482c04ad0af03abc08de261901fdaa6811a99ca11a270e8dc89c550e3ccdfa,cd536541eb63478297c8f3d9cfe97c3b4fb4f2a81dee0fa1ff689595e7874c69,c77a38e56486665a,,cce183e8ade49cd1,,,,True,exact_duplicate_of:data/raw/nickparvar_v2/Training/notumor/Tr-no_1326.jpg
data/raw/nickparvar_v2/Training/notumor/Tr-no_412.jpg,notumor,0,train,236,366,f3ce33b26a3784299fc2bc72215752b531bb1ff11e9b65dc39376039f8809f64,030a2c9da814851834b264c54250499cf77f93cdb24dbe642346817efdef4214,b1560cc51ce52afe,,b50a65258397a90b,,,,True,exact_duplicate_of:data/raw/nickparvar_v2/Training/notumor/Tr-no_1070.jpg
data/raw/nickparvar_v2/Training/notumor/Tr-no_413.jpg,notumor,0,train,206,244,59b4ee83e5a97d77ddb3ea2c1036f578bc8fa9dd0b0e9896a346b74b7d511ad7,c8c0294f9fffe1bea8cb93ed36d97310ebdcb19e24669ca40e84643bdad78a24,c0ca0f676f2e3a25,,f1b2e09ad9e53423,,,,True,development_group_overlaps_official_test
data/raw/nickparvar_v2/Training/notumor/Tr-no_419.jpg,notumor,0,train,225,225,d8fa920cea8bccd0a81a0a185bdd422c950b4e47da68f829c1a54946f9fe59e7,b62cbbd88cfba99ab65e8b149b634faa2cfebfb456d920bb998345bb63e07109,c36d3bb4382661b6,,7ffcfb741a11214a,,,,True,development_group_overlaps_official_test
data/raw/nickparvar_v2/Training/notumor/Tr-no_420.jpg,notumor,0,train,220,212,88aba8f5a882187bc3df678f2b3a88c6c59cec1c01fb732e5671a5ffb6a494d7,c064177ecfa5f5024b7650f7f5e6cfbf08c25f6faa18e4ed5c4cbe56342057e6,d31e2e603ce46765,,9e20189b08d68f15,,,,True,exact_duplicate_of:data/raw/nickparvar_v2/Training/notumor/Tr-no_1187.jpg
data/raw/nickparvar_v2/Training/notumor/Tr-no_422.jpg,notumor,0,train,504,540,9b2226c0b9f8ab1cd59851d6269133488b41238e95b06debbe305b4d1eeb7260,b960c60926ce52a0b48b46d6eff94306afe40e8c4f90ea7243c956f11129be09,c33b2dd4349e7066,,ef0ff88991f4e412,,,,True,development_group_overlaps_official_test
data/raw/nickparvar_v2/Training/notumor/Tr-no_424.jpg,notumor,0,train,173,201,29ccdffcab86e68a3c02fa995b2d9702a8726a3897722e059155618a39be6612,74df102684748be80ee1c2f90f1abc68f5f259424db1a2d6f401bb93dd217e62,c3433fb07a87701b,,cdffb7f53d44e5d8,,,,True,development_group_overlaps_official_test
data/raw/nickparvar_v2/Training/notumor/Tr-no_425.jpg,notumor,0,train,227,222,7a5a26a0032039fc8f9ee00aba86460ae5a65edf95e3febadb9bea5baf5b5e31,297ac56a39fc813a6afcf7de822cdc21d1528e95e0db52f783d26848588fe92c,85955b5a7a4b2969,,c3a156e571fe3891,,,,True,development_group_overlaps_official_test
data/raw/nickparvar_v2/Training/notumor/Tr-no_427.jpg,notumor,0,train,150,198,cfb54c92b70a8fcad9e044176aa34896ad9accd8dcdbf75aaea06beda5bcf409,89e3366a3158c6de0e2be241e7eebe1badd3b8d61886c628a844879a8234ae42,c2574c2a67a74e74,,0776e2fcdf0699b2,,,,True,development_group_overlaps_official_test
data/raw/nickparvar_v2/Training/notumor/Tr-no_429.jpg,notumor,0,train,225,225,9ec249b45f842e1e6d5b4f5d12684174f890135bb82393cbeda04557e7ac693c,0fa62cd82837d12ffe089694d818ac15cc0a18d66d2aca1cd5eabb0a300947be,d2c02b9b2d3d3d4c,,f52d54b1c72e39ee,,,,True,development_group_overlaps_official_test
data/raw/nickparvar_v2/Training/notumor/Tr-no_430.jpg,notumor,0,train,201,250,e9a63334af63a2ec8cab2149ec091466c60df5fe115cf36cc30c9304dacbb376,ceb9afb65bfff079c49ffddbc34b8185288a260bce250a65391ee4379f126456,805b1ff87e9168c5,,d318fae91758d495,,,,True,exact_duplicate_of:data/raw/nickparvar_v2/Training/notumor/Tr-no_1145.jpg
data/raw/nickparvar_v2/Training/notumor/Tr-no_431.jpg,notumor,0,train,232,217,6a3a0cec7ffa86b5e0e3170d728c367031a478ba92c1af75eeabc1deec3e7722,9444a7706bfa5c728700b100db892acd4b5142dd17dae0f76d1fa266dc5e5353,c39c3dc03467e336,,c38e6becf4f22583,,,,True,development_group_overlaps_official_test
data/raw/nickparvar_v2/Training/notumor/Tr-no_432.jpg,notumor,0,train,150,198,14ac2596baca8b83eadd347035b83d8e49507353477c1b5db527a036178876d1,c70eb901a6bf3e86c5dc782d7167b763b885befe8677a06723214d9d00f7b27a,97ff11801a055bde,,9d97e8d24b549a45,,,,True,development_group_overlaps_official_test
data/raw/nickparvar_v2/Training/notumor/Tr-no_435.jpg,notumor,0,train,400,442,37d13e11e66c736b2174792a44b897777f212e935d5c74141ced8dc58d610672,9114b557bfada70dc95e0dcb65bea469035909dd210ead60e7d2e59918d2212a,d26f2fb530926698,,69164bc6d84e1423,,,,True,development_group_overlaps_official_test
data/raw/nickparvar_v2/Training/notumor/Tr-no_437.jpg,notumor,0,train,227,262,094d704894ade3c741e4468742b44b7e404cb3896f3735a3dce775b2ed2f1a51,e6f48c683323588e7546a83b62613b1447c89c2f27f042737f2f992e7d7aecdb,c17b2ef03d753484,,ad527884c16aa365,,,,True,development_group_overlaps_official_test
data/raw/nickparvar_v2/Training/notumor/Tr-no_439.jpg,notumor,0,train,276,326,2efebb3666e534338df87352b667c5a31ce913fe877960f9daf662bf0ff2f935,47f8aeb4e1391d8bf6e426acc6a52d31c6dc92836a1e485949e334bac374a703,d4f743480cb633cb,,c2663e89960390c7,,,,True,development_group_overlaps_official_test
data/raw/nickparvar_v2/Training/notumor/Tr-no_44.jpg,notumor,0,train,225,225,fe20d08e5475898e9b66661cddbe32d6d006438e57c36cd87be27b8dd9c0676d,934717fb1c57541572df7fb6e396d29bfce58a90345b49a73561a96d500a51ca,927a6ea568c7218f,,a95ddf86f86f8b9e,,,,True,exact_duplicate_of:data/raw/nickparvar_v2/Training/notumor/Tr-no_1190.jpg
data/raw/nickparvar_v2/Training/notumor/Tr-no_440.jpg,notumor,0,train,225,225,29bcc1f60d3f8c79fa3b19fc5de3a888957e0d834630ee95a519c17d35b056a8,1f66d2feb9fceccca40b08ba32889437987525f2678701cd3eb8b633ce771bc4,c3693c9630cbc69b,,96a446732be26090,,,,True,development_group_overlaps_official_test
data/raw/nickparvar_v2/Training/notumor/Tr-no_443.jpg,notumor,0,train,504,540,7b48cc47c3fe1e92857bb93ca2ee73802c61ad8325b0e0be83bcdb85a8dc0719,7899c38bf3015908d8e215f31fd65c9caeabffee1574a55c06d4a7276ae263c5,966e789561cb2533,,5470992ff1c0af0c,,,,True,development_group_overlaps_official_test
data/raw/nickparvar_v2/Training/notumor/Tr-no_444.jpg,notumor,0,train,232,217,96c0b12ceaca65c8647e28dd45d269f3c320b99784bad067ebaf03f1c264a11d,48cf5c3da43124bfb712951eb44bc69e9660e4ead4773962c97b4a364f7ae408,cb9c3ce13267c332,,c38e6becf4f22583,,,,True,development_group_overlaps_official_test
data/raw/nickparvar_v2/Training/notumor/Tr-no_446.jpg,notumor,0,train,236,213,465860197b4ccc00fe717b90731d81699bcfd15f2e6d3768fd201ea34ae7910d,97cc10b4fc73a7545451c9c7a5fcbfa29ab503ca45627183b8f43b45dd044e14,cad22d4f3c5c344d,,c630d130d8d1fd31,,,,True,development_group_overlaps_official_test
data/raw/nickparvar_v2/Training/notumor/Tr-no_447.jpg,notumor,0,train,428,417,ac76ca3b933520e9519c3fa096e38e281e467ae4bda0412daa34cb966954ff68,27b779fdb178bef4a734a0d19c84df376a2bd3acf6eeb9a7dfc068531aa3bb4b,856a5aa57ab52996,,041f1507ed05be19,,,,True,development_group_overlaps_official_test
data/raw/nickparvar_v2/Training/notumor/Tr-no_448.jpg,notumor,0,train,512,512,64eee5cd2516c265ea888fc3d784e97daed289385a487567e66b2aabacf50555,1af21369fab7d0302985ef78b7f1718abb6cd9f793f147abd9b05f762d4be21c,963c69c3649693ce,,93a00767aa18927c,,,,True,exact_duplicate_of:data/raw/nickparvar_v2/Training/notumor/Tr-no_280.jpg
data/raw/nickparvar_v2/Training/notumor/Tr-no_449.jpg,notumor,0,train,225,225,8e1c4b47069ea594a974470089f7e7487605e9bc636910af4a0596ddf52e2b03,6710b7e751364d49083fb8dc86915025f3cf9c6a5d8a7e1f930da1617e329730,c2962d6b352d71c3,,41280dd89d6a8d2a,,,,True,development_group_overlaps_official_test
data/raw/nickparvar_v2/Training/notumor/Tr-no_45.jpg,notumor,0,train,201,251,d6928d1b3af3b0d3b06a7fea89a0990ab7bbc5739de25a72deeb109c52d20b95,4d41896a10c4b503cb45157c644495ed6846bd6d1226fafdfcef576e612147cd,d42d4b722b8e2ce6,,ae85cba91e783b1a,,,,True,development_group_overlaps_official_test
data/raw/nickparvar_v2/Training/notumor/Tr-no_450.jpg,notumor,0,train,196,257,c39002f0707b330af0043db8c58aed85b4b13dd79da7f442a444d496a832d1c9,e6d70cbf6f8e61021941d318497c557babe16c95016740bf0d09a7ba103056bf,94914bde2f683c2d,,4d659ff31265a98a,,,,True,development_group_overlaps_official_test
data/raw/nickparvar_v2/Training/notumor/Tr-no_454.jpg,notumor,0,train,354,443,05ec18666c6b751b8845a93824ea25c9bb251606b71f76c0c3875d69e973f72d,c1aaa288dbe5bff4621325f93d4fb8f4a7909496de3470a5d2baffb413f0a34d,c23b3fe42cc13497,,c314de20adb69e0c,,,,True,exact_duplicate_of:data/raw/nickparvar_v2/Training/notumor/Tr-no_1046.jpg
data/raw/nickparvar_v2/Training/notumor/Tr-no_458.jpg,notumor,0,train,225,225,098eadaf0e35aef92003ca4352795e7156a19f303b9516cb371efda69eece18d,837ae27b464b9926b60015ac452d048efdd47bbd2631e8e636041e5368e21384,d2a46b4a2d7334b5,,1d828912809414d4,,,,True,development_group_overlaps_official_test
data/raw/nickparvar_v2/Training/notumor/Tr-no_46.jpg,notumor,0,train,225,225,ec6b7f977398cbd6e50c45a93032026314cef1d4414bc719f6c4e5146f313fac,0943b2a2b3e6f639abd7a7b8d550dfda7b583ae695a5534fc22d5fa6cd88b2f0,c6b03f0f786c61d2,,a8102006ae63c646,,,,True,development_group_overlaps_official_test
data/raw/nickparvar_v2/Training/notumor/Tr-no_460.jpg,notumor,0,train,228,221,85c49c178011e38b128c46b38054f9e8d31a793ea56764be0e07a0a0bbf1124a,42b560ad85a9b6a11fa33f932d421d6d3049bff5f1893d9b966295d3283e61c5,9785785a613959f8,,735c5f1a2e54e933,,,,True,development_group_overlaps_official_test
data/raw/nickparvar_v2/Training/notumor/Tr-no_463.jpg,notumor,0,train,626,575,4c2c103442bacc20c289e01799a028f732816b392a316671549e21810560ac30,062199fce957a33a59e2136bf4c73105112eb203243fd64e1be3e33be7c58734,969a69e561d93564,,fb149c51c8b85531,,,,True,exact_duplicate_of:data/raw/nickparvar_v2/Training/notumor/Tr-no_356.jpg
data/raw/nickparvar_v2/Training/notumor/Tr-no_468.jpg,notumor,0,train,225,225,a03a70e8f62edf2dd3e60adf6f1c193075ee0c0b8ddef1e16151cd27e0c23746,9c10b1fb0badbbf483cff0dcf0fc1548a0e7bd2bca731fe805f7e8e7f979a915,c2902dcf3b4d6ccc,,fb429d8c82606a84,,,,True,development_group_overlaps_official_test
data/raw/nickparvar_v2/Training/notumor/Tr-no_469.jpg,notumor,0,train,428,417,b1baea653235312bb0772cce442121b75030b839ce123dd830e264af4f54f59c,a614c7714e368903d0dcd2b8f0e1f9e25c77a8bfca4828b57556978341c3bad6,d0c00f0f2f1f7c3c,,06e5ef7f43dd4047,,,,True,development_group_overlaps_official_test
data/raw/nickparvar_v2/Training/notumor/Tr-no_47.jpg,notumor,0,train,150,198,29640e5630fc34bacfcabe9e4669020c44be5f2223d93432b4b89df1077126bd,c58649ce4b5b5da271e9240be8765253ad049b7ce9931d6b0d58b0bc7881b258,c2574c2a67a74e74,,0776e2fcdf0699b2,,,,True,development_group_overlaps_official_test
data/raw/nickparvar_v2/Training/notumor/Tr-no_470.jpg,notumor,0,train,227,222,02c2f0e942534a18965e8bf30f8d17df35b265d5587e8c920d8faed6032e537b,d387ae8154980654a77c095824ec1e68e7f3b890df68c1ab21851af9d3141922,d0c00f0f2f1f7c3c,,06e5ef7f43dd4047,,,,True,development_group_overlaps_official_test
data/raw/nickparvar_v2/Training/notumor/Tr-no_472.jpg,notumor,0,train,236,236,25c13de1f058a3b2d081828fab9a6589ac1feba9a0c3963e8033115e3b9bc2ee,5cc91da995d84b6d29ec01428819e14bdafb9e8c596637e22e82abbb15f7c53e,95865e78782d6672,,396d007ef0106306,,,,True,exact_duplicate_of:data/raw/nickparvar_v2/Training/notumor/Tr-no_250.jpg
data/raw/nickparvar_v2/Training/notumor/Tr-no_473.jpg,notumor,0,train,227,262,2bcf7f2051a470cc90e74522c8141783f4e6e3b36b033e622bb446070804fbce,1e2693725f4fe3be607ed31eae78ca16511ae1220a56b652adc3a94ced9c08ae,c13b2ef03d75348c,,ad527884c16aa365,,,,True,development_group_overlaps_official_test
data/raw/nickparvar_v2/Training/notumor/Tr-no_475.jpg,notumor,0,train,228,221,b7c27d5f1a82137601cc7630779fe2aa120bd9cfd9ddf3a2607c86255de7c9f0,d7631975451cddadcb335e92749a21978327d14ef28e8b5075a3643571d7e84e,c22f2df074931cda,,c8913f2b6ffa2b0d,,,,True,exact_duplicate_of:data/raw/nickparvar_v2/Training/notumor/Tr-no_1316.jpg
data/raw/nickparvar_v2/Training/notumor/Tr-no_476.jpg,notumor,0,train,630,630,9fad6d5f45ef9a1342e0a6bef1a6dae547f2f20115fc800dd1c88f88bf06df01,e64f72427ae32dccdca29d5ad78f00d58c8da6b5a050ce454a0760e770acb88b,c56f3e9039c76119,,129578c72051bf82,,,,True,development_group_overlaps_official_test
data/raw/nickparvar_v2/Training/notumor/Tr-no_479.jpg,notumor,0,train,150,198,59c203cbd23ef00ca2948545877187447b1922c55f7d2ce28327cb1eaa63f99d,29891b66d799ec662c28826f595f540f454a06465990f468c00ee21c1afcd7fe,97fd1980324d1bd6,,9d97e8d24b549a45,,,,True,development_group_overlaps_official_test
data/raw/nickparvar_v2/Training/notumor/Tr-no_48.jpg,notumor,0,train,442,442,76d577713f1cf4414f780058f2079f7e6446aba86e89a86d7dd36401ca79a727,d0fa9400a8db959e4e5560cbfff06293b4c77c22bf5bdbcb1ed15bc944655dd7,ce393dc6308d369a,,63d1a362837dd374,,,,True,exact_duplicate_of:data/raw/nickparvar_v2/Training/notumor/Tr-no_14.jpg
data/raw/nickparvar_v2/Training/notumor/Tr-no_480.jpg,notumor,0,train,300,168,42a3e40414c55e0c9ad1b9e091d33f5808d2e43d63fccc673778779975825ae5,fa5ec6bc3670543b5b3a68aeb45c65a42e0f88d734e2e333e80d1895d22e2203,9a6d699661368dc6,,112c16971f6cb2aa,,,,True,development_group_overlaps_official_test
data/raw/nickparvar_v2/Training/notumor/Tr-no_484.jpg,notumor,0,train,206,244,3ae2cd1eec94301333185534de908d22349d0e0613375864553015757823294f,be790efec88b5b8c22e8dd62772fc0d48b248d172dbe1c444121916751a47527,d5625aec3a846b8e,,b2e5bfc61f2e70f2,,,,True,development_group_overlaps_official_test
data/raw/nickparvar_v2/Training/notumor/Tr-no_488.jpg,notumor,0,train,201,251,aab9ec9463f3e8f60063d37cad6b04ed800571f074ae8e4dbab728e935bc98b5,bd9cc742b7ae2afbb920ffbb40f95fca6ea55f790d833783f2f5d372e6d18853,d4d24b8d2f713c29,,fcbc02f806528ecd,,,,True,development_group_overlaps_official_test
data/raw/nickparvar_v2/Training/notumor/Tr-no_489.jpg,notumor,0,train,228,221,e69ab02cc85462e6194a6931db2759b14dd1298d708e1f854662d9b85c652397,1bbd4c87e8f1b81fd6d5fb16b26d684ee6b921bf5c9e14676d177dde6f8fd9de,c22f2df07c933c1c,,c8913f2b6ffa2b0d,,,,True,development_group_overlaps_official_test
data/raw/nickparvar_v2/Training/notumor/Tr-no_49.jpg,notumor,0,train,442,454,9d1829deb868b91a15dae8b8e5793ff516d6a5529b606adcfc6c3710b3ce3e74,d087a3f526e69165749466d3d80ec31db1d012c54b02885000b3cdcb669cc678,c3cb2d9c34db3231,,a9daef77fd0bf205,,,,True,development_group_overlaps_official_test
data/raw/nickparvar_v2/Training/notumor/Tr-no_490.jpg,notumor,0,train,452,509,ce8380b51fcf1dbb1347069191fbeabf20712e1b0673efc65c08c87c70b1a1af,71055139c185911d6e4a88605e78d07e99cc7ec15a8f258cd9c448615776bc86,861e5be52c3665c3,,c294171b4eeb222c,,,,True,exact_duplicate_of:data/raw/nickparvar_v2/Training/notumor/Tr-no_1291.jpg
data/raw/nickparvar_v2/Training/notumor/Tr-no_491.jpg,notumor,0,train,228,221,4de334efcbc030b2c983f0f527254fecd00a26f0c313aedd9883f506847529b3,d311dc999fd11bd20da447f8e4759f5ba3799aa586ef934ae3dcddd50e78f896,95856ada69da2ccc,,de7d227b9c11ec91,,,,True,development_group_overlaps_official_test
data/raw/nickparvar_v2/Training/notumor/Tr-no_492.jpg,notumor,0,train,630,630,fb32f456cca40bf1867369a4abcae84ff15d634bc56637a568d09449114f95ae,ad89c520a9c91a5b5f89095590311ac67d1ca4c10464e592ec4265b3645dabbf,923e6a616ccb318f,,99021b23c10a1c80,,,,True,exact_duplicate_of:data/raw/nickparvar_v2/Training/notumor/Tr-no_433.jpg
data/raw/nickparvar_v2/Training/notumor/Tr-no_494.jpg,notumor,0,train,236,357,2ed15a662d8dcdf6077f3bf8bb4d21722e2a3b90ff2cf194db18b75933a4d322,02661f67a95daf748a1dc570b5394076c97d38e025e6706999295a3c5f9e5fdb,c3692ea23cb5acc3,,d303bb525bc3d808,,,,True,exact_duplicate_of:data/raw/nickparvar_v2/Training/notumor/Tr-no_112.jpg
data/raw/nickparvar_v2/Training/notumor/Tr-no_495.jpg,notumor,0,train,225,225,c38c368116fc00a41aa598c97a4a6d3d89ec8e52a63a8d55ecf74c1dc05f1cfe,f618a9fc1606a63849423143194ea4f45ac8a80e1d21782eda0e9f775e8bf566,9b93696c6468b693,,299df8f71cf0ce85,,,,True,development_group_overlaps_official_test
data/raw/nickparvar_v2/Training/notumor/Tr-no_497.jpg,notumor,0,train,173,201,c318738441125eabe7c3a6b2e3da11c6962416f340001b646d453f891668fd50,6ae6fd0847890e4482e07a06e3d71e13867ee5897d39227087306f5dc770dc59,96e96a1a2f2d25b1,,3c3958d62d06fe85,,,,True,development_group_overlaps_official_test
data/raw/nickparvar_v2/Training/notumor/Tr-no_498.jpg,notumor,0,train,350,393,e8a0c918da9bad8a26e2e5ac950a03dc2711eb7454741a89ddc4272fc22ea9e3,e0e80527fef07b953746ccffeb4754e3514e06018f1261d27fab2d90e3034407,d0c30faf3f1c6438,,4f6635dd23e6b75e,,,,True,development_group_overlaps_official_test
data/raw/nickparvar_v2/Training/notumor/Tr-no_499.jpg,notumor,0,train,227,222,41efe60c9486d5c559d6ede0449c1da09b12bfbf8241ba4f28c60f82634cfe04,9121641d174821b8a4157b24a8be61f46f81d95c682441bac957b1bbedc39781,856a5aa57ab52996,,041f1507ed05be19,,,,True,development_group_overlaps_official_test
data/raw/nickparvar_v2/Training/notumor/Tr-no_5.jpg,notumor,0,train,630,630,c1bf41ddb56396fd0e74b2eb7212c96a6a915ee86737c060c9db8e1439ff0390,ef8d0167c4183b8f0f8b864ed68b60a3f574030067420a513930d7c60640e459,c64f3ff078926129,,5bea05178dd1406b,,,,True,exact_duplicate_of:data/raw/nickparvar_v2/Training/notumor/Tr-no_1062.jpg
data/raw/nickparvar_v2/Training/notumor/Tr-no_50.jpg,notumor,0,train,225,225,255308e8a1783223ff317744c2ea14fb8157fc90d93e520c308377246986f7ae,3ceeaafa70609fdf8e9d4da2e2e43dda08c706ce5c35afabcd64c30722ac4774,96c76a8e693e341c,,9e6e6e0a0f1cab97,,,,True,development_group_overlaps_official_test
data/raw/nickparvar_v2/Training/notumor/Tr-no_500.jpg,notumor,0,train,200,252,6f52961b316f3072bcc798a1178866f44d3f601ee1b5527dfa51907d02a95699,ada455e96396264d4e9e267c9178d0b448dd4a9035ad3820fd706016d64095fe,85434baf2fc37c14,,20c163e129b635b2,,,,True,development_group_overlaps_official_test
data/raw/nickparvar_v2/Training/notumor/Tr-no_501.jpg,notumor,0,train,232,217,e229f5c11b2985e90bc93a180f67344eb8b8a6230e1ff0a48ff74c3277770869,27d24a536d297cab5f7a83ad9dbe305daf2cdd0f12faa64a091608201b9127c6,cb9a3ce13267c332,,c38e6becf4f22583,,,,True,development_group_overlaps_official_test
data/raw/nickparvar_v2/Training/notumor/Tr-no_503.jpg,notumor,0,train,339,415,14963471b7c2744df51c1da54f4e519cecc34aa12944f1968620da1d36d2c5c2,e2ef590928b0d504d84edeab835717beaed0ef4c33e4a6bec99e97749bcb9a23,804a4ba93fb57c96,,5499daee21f2164f,,,,True,exact_duplicate_of:data/raw/nickparvar_v2/Training/notumor/Tr-no_1021.jpg
data/raw/nickparvar_v2/Training/notumor/Tr-no_504.jpg,notumor,0,train,227,222,fd1cdad6cbf8fa8dc2f67f5bf931313042ab22e0246488d120a7d51a760e8875,41da1f9197b1c7ee9723d75a82243f253589f7a2d56398f9c6bc2c3194acba04,d2c00e0f2fde3c3c,,7660d1a9ac5e42b7,,,,True,development_group_overlaps_official_test
data/raw/nickparvar_v2/Training/notumor/Tr-no_508.jpg,notumor,0,train,630,630,638e2c2316fa50c151cde9e1f11e0861f149659ad9de9a700f3ce3fa1a8c4785,db82deb5a31bc47e7d2be2e3dd1038299529c3926daa913de59ab420a2f70827,927a6fc565d2305c,,ab5fcf22d369291a,,,,True,development_group_overlaps_official_test
data/raw/nickparvar_v2/Training/notumor/Tr-no_51.jpg,notumor,0,train,468,444,50126bf62fc02a8d2a73941ea1cddc7f01510852e01e61a6da2e7fe89e08865e,724b5a00f587160e2b80f87227330ca3cd47f9a0b7f52fbd8fb90c5293e0aab0,c2822bcb3b8f2c8f,,2f9116d63e9062ee,,,,True,development_group_overlaps_official_test
data/raw/nickparvar_v2/Training/notumor/Tr-no_510.jpg,notumor,0,train,212,238,a55539d13d137f43a7af01f6ad97a8a88b4e495fbe9d0a5803611c908b03f5a2,6f29a706cfcb0f928b30d82fc2a82bc7dae660a6fa928006ae7acceddf5ac449,85695a156ef63196,,35569bcb26b81130,,,,True,development_group_overlaps_official_test
data/raw/nickparvar_v2/Training/notumor/Tr-no_511.jpg,notumor,0,train,225,225,a04f7a2254302402e81ad80a6a5ca1ef424df124b7e2ada86e53402f996c89cc,6d2ad384bb982ab719409034fbac8487a637d5bd1b6a4faeb37dce1c1ee3d27c,c32f3bf03d92309a,,28b506c6d62ffd7e,,,,True,development_group_overlaps_official_test
data/raw/nickparvar_v2/Training/notumor/Tr-no_513.jpg,notumor,0,train,206,244,a6610fccc8e426e55937d6b8f887813791be179c8b5d2f64d8d9133430d2e988,930a2047af312d7890d32a9f3ca6f1a11d856d9abb94790a0e0aa0bd1e6b5439,c0370eb86fd13aca,,85a3aa2e850dbeef,,,,True,development_group_overlaps_official_test
data/raw/nickparvar_v2/Training/notumor/Tr-no_514.jpg,notumor,0,train,201,251,393c84a6a4f222c4f9276ed9b2ec5b0bfeadce0b573037fcafd072943938b131,086b0acf63572067aa6ae224be751e6ba77a3987adc445387fa4305b6df0b95e,91971ed87a24697c,,e82889fc69ca47a3,,,,True,development_group_overlaps_official_test
data/raw/nickparvar_v2/Training/notumor/Tr-no_515.jpg,notumor,0,train,225,225,fcb7cd50be588701514cf9b3a5e25721d54cf3df921548f4b04febac65c526ce,2d15fb1d4f3a1195d890fc6642a38dcb290b10bfec6fbed8a0a43589daa86388,c25b6ab52dcc346a,,59f8aa73908722b1,,,,True,development_group_overlaps_official_test
data/raw/nickparvar_v2/Training/notumor/Tr-no_516.jpg,notumor,0,train,210,213,6f3bdbdba45d1f985b33e51c93c318e0f04f2c3186dfae874050a99a11b1af02,9c0a6141c862751661bbd4d6fe7ba5dfab8c2018192abd323f91f0b241ff746b,959f7e702be06123,,2abf982d15458a5c,,,,True,exact_duplicate_of:data/raw/nickparvar_v2/Training/notumor/Tr-no_1398.jpg
data/raw/nickparvar_v2/Training/notumor/Tr-no_517.jpg,notumor,0,train,150,198,bea200d27010c2b30d2c813ffef8686efd02924314cba7d72b9dcb333c8a59f8,ef3a45c4c101b68d0652367b1b63e84374750174c8a45db806eb95188d442b2f,97121d7f12fa5a21,,7f5fd70953bdb5de,,,,True,development_group_overlaps_official_test
data/raw/nickparvar_v2/Training/notumor/Tr-no_521.jpg,notumor,0,train,173,201,216effa15cdd3f403ec9c5423d503cb8081c11123e02952b2068fe80b68eef4d,6ab18204449c830f7e9969df37c67a56a2db1d7761852c4cedb362841efff34e,c1bc3e477a7870a4,,5168ecfca4b59877,,,,True,development_group_overlaps_official_test
data/raw/nickparvar_v2/Training/notumor/Tr-no_526.jpg,notumor,0,train,192,192,d40d92532a039b9826ad4e94e3b6606944ba11b1fae6b257ae56dd9ccd026348,141fdab56766a8a82e4e1fd09604ab714bece35cb133483b695cb9ec9f54cf35,973868e3658c67d2,,431828fe07927d85,,,,True,development_group_overlaps_official_test
data/raw/nickparvar_v2/Training/notumor/Tr-no_527.jpg,notumor,0,train,232,217,b6a7fd10c633061dd2173bf5a2d95054361dfa038b31aef7a132b03ceeefa96c,43037771cf62e862e1e001e69f871b0dbdf4d3f8ed604f592f5a2983e21f3743,96cb69b46132b663,,40f7edda8616b619,,,,True,development_group_overlaps_official_test
data/raw/nickparvar_v2/Training/notumor/Tr-no_528.jpg,notumor,0,train,227,262,576168c376f79a02a66ff6f3db8afcf0db303f5764c404ed0dbbb1cef4ef5942,5238f56cb29af0fdd79d6ef6497858237b1881e1db5d93ee1b8d80fd33b5ce90,94917b5a688f692e,,b28ca91d20dd3a7c,,,,True,development_group_overlaps_official_test
data/raw/nickparvar_v2/Training/notumor/Tr-no_529.jpg,notumor,0,train,173,201,1c2d997d9cd3b3168e84b8ffcd041e8e1ab826ba77f8bca07b88d0e5ec684334,cbc66f32d5860adafe120783e8fa5702aa2e9613ced4e7bfadbbf00a7a683f35,94e96a122f2f2db1,,3c3958d62d06fe85,,,,True,development_group_overlaps_official_test
data/raw/nickparvar_v2/Training/notumor/Tr-no_53.jpg,notumor,0,train,173,201,03b62d5927d31725332f245f09cd57a5c8fb8008dc87c1a26ee2af3b552c1016,9d5d4c0669109ce8f8285e95c02ab104139e540c57f0650dc29acf851b1afa2d,c1433fb87a87701b,,cdffb7f53d44e5d8,,,,True,development_group_overlaps_official_test
data/raw/nickparvar_v2/Training/notumor/Tr-no_530.jpg,notumor,0,train,225,225,43c9289ac5c1d0e3b95034faf0e0d6597a50023325686c032c95c999085dc646,acccc516265c083e4395560826095a23483416f1a54173480999ba277f5d00d2,c9663b996c163699,,a24815cd6dc3d360,,,,True,development_group_overlaps_official_test
data/raw/nickparvar_v2/Training/notumor/Tr-no_531.jpg,notumor,0,train,229,214,0972f881fe5364a42f7df59998e80bb8d2b2e9f4dd93009ee23c3ba254c3746f,930c82a2441ed9dbe2388fb5ea0a4fa24954d128bdb2d84493329c323feef759,d00b6bb56c346bf0,,42527c1db0bef710,,,,True,development_group_overlaps_official_test
data/raw/nickparvar_v2/Training/notumor/Tr-no_532.jpg,notumor,0,train,228,221,d3157a777c3f532d6ffa4885c4e0901957555ce124a86e6484fe94c059479b64,ae62a97ff36a47ef7f8819862da06a8dd993945f1a3bd1d1826520b4e1106386,c22f2df07c933c1c,,c8913f2b6ffa2b0d,,,,True,development_group_overlaps_official_test
data/raw/nickparvar_v2/Training/notumor/Tr-no_534.jpg,notumor,0,train,235,229,dd8db43b9ad7e23ff49ec7c8390fe4982cd1138a73f76af0f655b2568915f789,1752fb67c73ba221e9d43b4ec53f009fd832337225027be104a56a5e6d945132,926c6c3271cee49b,,46a620f2a65f8b99,,,,True,exact_duplicate_of:data/raw/nickparvar_v2/Training/notumor/Tr-no_1378.jpg
data/raw/nickparvar_v2/Training/notumor/Tr-no_536.jpg,notumor,0,train,630,630,04248c478f495a3c88d414971223bcb94f659a66cf6a47fc22918ea94559e154,8b5e057c9a382b51af03059eaffa3939eb7d7a581ece0bf7100f430a7bd5910e,96386a716de134e3,,214fe2cfa86b7f5d,,,,True,development_group_overlaps_official_test
data/raw/nickparvar_v2/Training/notumor/Tr-no_538.jpg,notumor,0,train,225,225,5cf2ebb7d8f93d7919b38b2e52a8d08a8843fbc3a019e10dda1e5fd24d2b6c9f,df22e00e681352418fa781d0842e79aa87d279f98fafe601bfeb74edced785f7,907a6fc56d92344d,,ab5fcf22d369291a,,,,True,development_group_overlaps_official_test
data/raw/nickparvar_v2/Training/notumor/Tr-no_54.jpg,notumor,0,train,442,454,f70a80aea49fb68fdb3068eb134dda5bf5d4cea9075947e2c7e020e9d4adbad4,90c1fbe82d95ef723592506bdc314a26cd7bc0520f096a0bb967aedabc51d09a,969e78c9618e6565,,7927a808f4aaaefe,,,,True,development_group_overlaps_official_test
data/raw/nickparvar_v2/Training/notumor/Tr-no_540.jpg,notumor,0,train,232,217,79b6fe05b46ee2a734c4da64cd109bc508bfd1b76f46e9c496dbb406f86139f9,0761b2994e5c59cbb1e0cebdf67e88596481344989d76e29d71c04ee7faa4794,9ec969b467329661,,40f7edda8616b619,,,,True,development_group_overlaps_official_test
data/raw/nickparvar_v2/Training/notumor/Tr-no_543.jpg,notumor,0,train,212,236,040daff6e5eb6eaa70b0f175576954db75ab0f754d1877736f019dccac1a2bd2,f5b112eba0bd4c98a3d74ca23ceb435b0924e1c23a24e711055e2ce803a9b78d,95386f616a973998,,ff2df539f7a193b2,,,,True,exact_duplicate_of:data/raw/nickparvar_v2/Training/notumor/Tr-no_539.jpg
data/raw/nickparvar_v2/Training/notumor/Tr-no_544.jpg,notumor,0,train,200,252,297b8b49c86eb127f38704062c6efb288ba28cc2a3209a267a9e57f6e0831546,712ad507baf9c5879afbfbefcd4bb6eeee6d4933a67384872520bc53d77e555d,d0e81f077a6929ae,,710a03391d05ccbc,,,,True,development_group_overlaps_official_test
data/raw/nickparvar_v2/Training/notumor/Tr-no_546.jpg,notumor,0,train,428,417,6d35e13594dd22adb1089916a5aa7aff648409fd308f63ff67206dd50fd474f1,3567ccd4c73b772e7f7552c30a7c7435ac7cc7b76a1c0d63970eaebe9b7f2eb9,854a5ea57ab52996,,041f1507ed05be19,,,,True,development_group_overlaps_official_test
data/raw/nickparvar_v2/Training/notumor/Tr-no_547.jpg,notumor,0,train,225,225,d8642f2eb5e48b9def1b8ae3adfb53ffc462a1f98202ae944382aaa4ad12e0fd,d957822bb5b7558445677cb9613978d28b94786d6574177a125a7262146834f5,c32f3bf03d92309a,,28b506c6d62ffd7e,,,,True,development_group_overlaps_official_test
data/raw/nickparvar_v2/Training/notumor/Tr-no_548.jpg,notumor,0,train,300,168,13381c74d56280505c88d48afe0c1bc1eb801aa6386ad9758611132db17ce676,1abc5e4d2b1d056e0372f6e832fe511482705b78bfdd276d08d0a72fe7e22b71,9e92696969498d3d,,c486490bd2208135,,,,True,development_group_overlaps_official_test
data/raw/nickparvar_v2/Training/notumor/Tr-no_549.jpg,notumor,0,train,228,221,5822193726fefe5c96d1bbd23b51d328dcde13167d5d1a7cdc3e93ba545a3e03,1892fa8f255c532608a29e55c2741c457de3fe6b041b3bf845f9ff9e08e6a85d,c80f3f703c707966,,268c2b96ebe5d2fd,,,,True,development_group_overlaps_official_test
data/raw/nickparvar_v2/Training/notumor/Tr-no_550.jpg,notumor,0,train,200,252,1760da4ac516c8564bf06bc349176a1463dbb49f4de7b6d0b986ff015b96bd62,8b4cd47f4f20c29a7ab604643141c6e57a8ad1f9b23425f2822ac00e9136b5af,d0161ff87a962d51,,0625900b355a4ea6,,,,True,exact_duplicate_of:data/raw/nickparvar_v2/Training/notumor/Tr-no_1281.jpg
data/raw/nickparvar_v2/Training/notumor/Tr-no_551.jpg,notumor,0,train,227,222,aa1ab88b5dd2c99bfa434bf6df0d14c186bae4f2ca1b1a28eb9f8eabab8e8948,cc8030aa62859249647aadad71103fb8954c1d2d62dcb2c16718dae5b144f33b,d0e00b0f2f1f3d3c,,06e5ef7f43dd4047,,,,True,development_group_overlaps_official_test
data/raw/nickparvar_v2/Training/notumor/Tr-no_552.jpg,notumor,0,train,630,630,d7793b2ef1f0fab8e5095fda766a59bbd9ae172f895a1b4767d78a4e901c927c,0dde916db428ea66bfb84be06d8b521df81e0c7ea7d0e2e38f29b28993c064b3,96386ef169c134e3,,214fe2cfa86b7f5d,,,,True,development_group_overlaps_official_test
data/raw/nickparvar_v2/Training/notumor/Tr-no_553.jpg,notumor,0,train,215,234,d0520b80772f2d18bc26de82d80bee9c6bf1513d518e6e5feb008fe44db4a65c,ccd2178e59612a31eb6db5780a54b9f4df2150c5b65b708270759b74c0f38884,d2e02f0b3dbc34b2,,8947fe5edcd3fcd2,,,,True,development_group_overlaps_official_test
data/raw/nickparvar_v2/Training/notumor/Tr-no_554.jpg,notumor,0,train,227,262,8f4c7f1f6533019316f71d734eeca9a4f4cb5b066bf91295d7ec98e4e7223e68,81278ecf29b4e4f9bc123927f25fd05cb0a2161d9a4cb5fb9bc0778b8f38e4f5,c1c42e0f3dda3473,,29f6a76567ff2221,,,,True,development_group_overlaps_official_test
data/raw/nickparvar_v2/Training/notumor/Tr-no_556.jpg,notumor,0,train,206,244,66505d78eec85bed4a8a78e9afe09c9e226a5bd0f7e1b4eb904ac6781ed107ef,dc4f885bd07b7a9d896aaa70e5e747c7d3aa547db4c019342f0ff1e70cb4644c,c0c80e476f2e3f35,,f1b2e09ad9e53423,,,,True,development_group_overlaps_official_test
data/raw/nickparvar_v2/Training/notumor/Tr-no_557.jpg,notumor,0,train,276,326,180e4ca84cdbde8a2edf05e45633eda74567cedb678dd49dfd3ceb65a1b58d7a,1938b56469a4ff31e5aaa9be2ae30ad3bd0d416d2e39999c61265c124c260265,d4f743480cb633cb,,c2663e89960390c7,,,,True,development_group_overlaps_official_test
data/raw/nickparvar_v2/Training/notumor/Tr-no_558.jpg,notumor,0,train,428,417,7e9376ca19b889811fd5c904b731fdea1e313413ee1ac882008847ae926d2773,ce1f0832c010edfdaa42b490dcf98cf9cee93df7b0c53c461bd6b3b5eb538b4c,85955a5a7a4b6969,,c3a156e571fe3891,,,,True,development_group_overlaps_official_test
data/raw/nickparvar_v2/Training/notumor/Tr-no_559.jpg,notumor,0,train,220,275,5b32b70fee5498a7e242f40fd975486691a248ef53c7657ac4c5831133ade0fb,796ad72e584f2659f8b815f756cc1d308069f591744d9d6f8afdeba130a60611,91971ed87e24695c,,e82889fc69ca47a3,,,,True,development_group_overlaps_official_test
data/raw/nickparvar_v2/Training/notumor/Tr-no_56.jpg,notumor,0,train,225,225,8df1125bc5a3901ae602be99db7d676e79744a93eb6ed69de91b86cdb087a7a1,bd2bc2a4654999c916179973cb76e8faa9954344779b4e93c3b1fe224147673e,96386a716dc534e3,,214fe2cfa86b7f5d,,,,True,development_group_overlaps_official_test
data/raw/nickparvar_v2/Training/notumor/Tr-no_560.jpg,notumor,0,train,380,530,80e201fae2dae2953697e104658c5fa26260cb81c624b464c0cc50428babda66,ae010db1f4bd1ad0ee95cbd2f1d24ad4d52b1b33326fc739e76014fa36847689,d14e6b95351b3433,,2862566ab0dfdfb1,,,,True,development_group_overlaps_official_test
data/raw/nickparvar_v2/Training/notumor/Tr-no_561.jpg,notumor,0,train,441,442,c1865a7d0979fb7726e1ec00bf23c6a32cd0592dd4777baa4bc8129e8e18621c,c04c2b64c140b217445798277899f60be8b6ff40b0c6d4aa490b1af95998618b,c25f2bd02d72259b,,d99690fb1cc6b888,,,,True,development_group_overlaps_official_test
data/raw/nickparvar_v2/Training/notumor/Tr-no_563.jpg,notumor,0,train,208,242,8d8e2b5d1b09b10df30a1352aa16f6951d7765cf58c19035076e3cb3627aa2de,33d78b0f6214f46477e1d9b1f9e87d1d5cd783f4bf9f263f68e9d9257184aee2,91114e6373344dfb,,a85dde2a50fdc944,,,,True,development_group_overlaps_official_test
data/raw/nickparvar_v2/Training/notumor/Tr-no_564.jpg,notumor,0,train,232,217,3a34904d65c8cc7579373460050623901047e49eec67a5d635390374c5b48634,a857c61643a4afdad23fd14b8d67f8eab01ab9db97998872759f10813bb35e8b,c33f2d70349319dc,,a714a07bb54d7e51,,,,True,exact_duplicate_of:data/raw/nickparvar_v2/Training/notumor/Tr-no_1126.jpg
data/raw/nickparvar_v2/Training/notumor/Tr-no_565.jpg,notumor,0,train,728,725,65171c43207bd38c794fd14bf5f513325e8a4fe207f71539009bfb4f78b347d8,c8e04cbdb42046803f3328228032b8211205b46d26f1c8dd9c7466b570a5cfe7,c31e2df434d330cd,,220052c76aaa761c,,,,True,exact_duplicate_of:data/raw/nickparvar_v2/Training/notumor/Tr-no_1390.jpg
data/raw/nickparvar_v2/Training/notumor/Tr-no_566.jpg,notumor,0,train,420,280,6aa103ff2ff051edcb48349b226b15b64fc0ae5382a33de8339f31429b899d41,96aa6c309ed8056db4d2ea06e935e9e6d392e1df614fb14fe9e7793170f4e7b4,9b396de36147324c,,18bdaf66842f97f6,,,,True,development_group_overlaps_official_test
data/raw/nickparvar_v2/Training/notumor/Tr-no_567.jpg,notumor,0,train,150,198,44a22876360230c9ff465532477b3a9e0dd4ce922856a26ca833de265a82f11e,beed0d0a88d7d5f64a2e50124ec888ae0361f5c0a5e1ab237bcccb533e903c06,9702197f1afa5b21,,7f5fd70953bdb5de,,,,True,development_group_overlaps_official_test
data/raw/nickparvar_v2/Training/notumor/Tr-no_568.jpg,notumor,0,train,225,225,94de5f21de2ea7293f146d4f14024b336447e6816fd63b152cc59b725027990f,282e0e977a438babe9278c6617963a0880af6cbfd62d7fa56f84d6828216d5ee,c26f2d303bb26c33,,e1389056eee95631,,,,True,development_group_overlaps_official_test
data/raw/nickparvar_v2/Training/notumor/Tr-no_569.jpg,notumor,0,train,203,243,d56567916b5975d9f260f61a4cad99040696bd105293112af3d703c4bec42feb,30955c5a0bae115de8763e134f460c86d2bc9f9ed783b22a95de305764cd923f,916a1fad7a226c99,,37e33c158b9e7b07,,,,True,exact_duplicate_of:data/raw/nickparvar_v2/Training/notumor/Tr-no_1105.jpg
data/raw/nickparvar_v2/Training/notumor/Tr-no_57.jpg,notumor,0,train,201,251,3b4ba913a58ec57d88f8988f3c034d02ab99b065fd203f0ac602f5b47e72c73e,dedf70b100e67ce87f91335bffc2016b2dcc442b288c528318c3e99fc2081265,d4c24b8d3b713c2d,,fcbc02f806528ecd,,,,True,development_group_overlaps_official_test
data/raw/nickparvar_v2/Training/notumor/Tr-no_570.jpg,notumor,0,train,150,198,eb24722154a51b65511c985ab4989d7b85d6da4c4b92118c9d451589e22ed859,3e76c00a8aa4bafe3fb73c5770c77317e194e0213884c3b41cc66906bf230443,c7b84cd547105f8b,,db4591e4c126e741,,,,True,development_group_overlaps_official_test
data/raw/nickparvar_v2/Training/notumor/Tr-no_571.jpg,notumor,0,train,200,252,57aa3dae272093eb5efa407adf578957c666b056c2dad06c0f11ae2656c9eae8,3f008b771e3e5d976dda1e19b6f0c29e4b0420a6217d3fff0ae356fef3610e38,d0e81f077a6929ae,,710a03391d05ccbc,,,,True,development_group_overlaps_official_test
data/raw/nickparvar_v2/Training/notumor/Tr-no_572.jpg,notumor,0,train,442,454,d8534287064d81600cc5db54606ecd3203df242f66abc35ab251bf7e59e84ccb,50616ba7e238cdf1e89091c59c98af8e3d71b937e2a86d59b3b1fe3ce77e6942,c3cb2d9c34db3231,,a9daef77fd0bf205,,,,True,development_group_overlaps_official_test
data/raw/nickparvar_v2/Training/notumor/Tr-no_573.jpg,notumor,0,train,201,250,8ecda324dfa8c3f67097bc3d520ae91b1ef587796bcab7ae3bd03f44c7ad539b,a3f26e6007a7dbf15471fd8eb79074896d6e29e6e82408344e2a3b9e860f5708,d50e4aed2fc43d90,,9569f54a939aa335,,,,True,development_group_overlaps_official_test
data/raw/nickparvar_v2/Training/notumor/Tr-no_574.jpg,notumor,0,train,225,225,1111e6db2f33eabc34a6c82da9b7d1b1f1c6e88e3fd086ea4ab11fb64f666789,74e932ae7f2e85338307473e01d33089996fbe5c74ffd71836bf0f8ef635ab7a,973a78656c672166,,ceb06ba06804340a,,,,True,development_group_overlaps_official_test
data/raw/nickparvar_v2/Training/notumor/Tr-no_576.jpg,notumor,0,train,225,225,ee8aaf3f319d48b882744bbe13ae380df49b2c753de1ef75f925fd9fff0629f1,5cc934c2b58bd61fa42248b303ae3f39a79c9ad9d15b58b304f94b067629db5d,c1993b666cc93467,,2034c7508d8767c4,,,,True,development_group_overlaps_official_test
data/raw/nickparvar_v2/Training/notumor/Tr-no_581.jpg,notumor,0,train,825,832,a8bf58f1fee6cc15adfbbbbe78513606502269b917a52dfe0991621ad5ba401c,0d01f927e710eb1012ea1db306b30718aff811ef8e3c00044bc98e1f93f131df,c3363cd864b3b549,,ae66748e558d0cee,,,,True,exact_duplicate_of:data/raw/nickparvar_v2/Training/notumor/Tr-no_40.jpg
data/raw/nickparvar_v2/Training/notumor/Tr-no_582.jpg,notumor,0,train,1000,583,5f51fecec97f1264f4cb6a9f7d0d847f17e49033ec034b11d2cc5c8b79ba6519,4073a259be7e3d7d35bcbac8528bd09be74e8590320c57ff722dc96aa1a6914b,cecb2ce5383c3334,,966e5482a7557a63,,,,True,exact_duplicate_of:data/raw/nickparvar_v2/Training/notumor/Tr-no_421.jpg
data/raw/nickparvar_v2/Training/notumor/Tr-no_583.jpg,notumor,0,train,173,201,896fc66682646e451ed9b2626bdc6241d2216b44c4b08607e134448b7f412184,e056ec5ea18c001ab3ece8f76f589ef9fbefa290652a86d7f126f013b6b1f348,c1bc3e477a7870a4,,5168ecfca4b59877,,,,True,development_group_overlaps_official_test
data/raw/nickparvar_v2/Training/notumor/Tr-no_584.jpg,notumor,0,train,207,243,998e5187eacfd2de5ffa84de58e20220620e70fac2d9900d9999abef6ad16a4f,18657e3966a5499dbc76ffc07d2f859c57506bd4d79f23af1d369e49fbca4a8d,d3f40a222fcc2ce7,,8a34188aa9f6ae01,,,,True,development_group_overlaps_official_test
data/raw/nickparvar_v2/Training/notumor/Tr-no_585.jpg,notumor,0,train,227,222,bad0f688c4ed9d93d3933b95bb003a54063d833b8beaec7c0d5436abbaf4c8d2,f2d11234d8eab72796f970fcd50279895d787ea586d85d4e80feeb48a0f54624,876a5ba578346996,,041f1507ed05be19,,,,True,development_group_overlaps_official_test
data/raw/nickparvar_v2/Training/notumor/Tr-no_586.jpg,notumor,0,train,201,251,353cdf95afc633edadfd70487a2057b04973dc53c0182268762b5581316a47eb,3a4d486cec2b89ca6904cffd010fa5274897ed70de9b3e8cee9a5abb8f4c39e5,c4d24b8d2f713c1d,,fcbc02f806528ecd,,,,True,development_group_overlaps_official_test
data/raw/nickparvar_v2/Training/notumor/Tr-no_587.jpg,notumor,0,train,225,225,0caead2bd1bf8539acf2d0b949e6df138bff80a6fc8d004ae3757d9a0ee3e16e,b503d3debfb8f917dd942b9d31e0f051612704dada7ffcef852986691f4aee62,96c56e5a693c6570,,23178430f133320f,,,,True,development_group_overlaps_official_test
data/raw/nickparvar_v2/Training/notumor/Tr-no_589.jpg,notumor,0,train,218,231,ea7e5727b53448c5aef6a6fd946634d369bb7011e47c1cf1ae4aff54ccf8d6a0,850f3fbfef9152d9f0d5cccd0b3f7fc2758e03117a4b686a1979a1fdc92f2567,84c17b8f6a3e691a,,17666fbcdb2d62d6,,,,True,development_group_overlaps_official_test
data/raw/nickparvar_v2/Training/notumor/Tr-no_592.jpg,notumor,0,train,232,217,9e3370a38da7cc705145018245022d2ee3e67db2b09d6bab21078f84a799d2da,64007662f9bfe303d7c208a3ec423016df480f6593fb0c0ba48f56c6ad7643dc,843536454f6b7ab4,,895bb380e7081424,,,,True,development_group_overlaps_official_test
data/raw/nickparvar_v2/Training/notumor/Tr-no_594.jpg,notumor,0,train,236,295,917104b021c0753870d708b6f50260397d6b8c0c1eaed6ab598635d014d2a1b6,f4ce60b00db85969aa3e5bd698a2cd6a7a8f5a8f84fdf94920cd7a1434d63410,c35904281fcb4fcf,,ad1cf63bcb23045d,,,,True,exact_duplicate_of:data/raw/nickparvar_v2/Training/notumor/Tr-no_1169.jpg
data/raw/nickparvar_v2/Training/notumor/Tr-no_595.jpg,notumor,0,train,201,251,26d57c2158c803a1e1683354525072f0301845385a7df32fbd1de32a4b2636e0,344ef6b03542512b91fe57626f75948c0df35e01265dd6a7688479946486b62f,81781e277adb6983,,7b3cde42b411124a,,,,True,development_group_overlaps_official_test
data/raw/nickparvar_v2/Training/notumor/Tr-no_597.jpg,notumor,0,train,201,251,138da28f706b893f2bbc65877117e7c456ff3df7d406b2b065a710027b92c050,8819e2047507badfc3f2fc225fdeee33d416d69fb80a441ae090f3f6f16deb82,81781e277adb6983,,7b3cde42b411124a,,,,True,development_group_overlaps_official_test
data/raw/nickparvar_v2/Training/notumor/Tr-no_598.jpg,notumor,0,train,194,259,1acbf6dd671384bf02d91dba444822d266f99187a44a89b84f264bdf8afa0906,536259ba9f15ab6340c5127d58cc8e784d4b23e58406ffd4d3b75ee0b14d9378,d7cc2ee7681d2033,,f0e6367bf30b8a98,,,,True,development_group_overlaps_official_test
data/raw/nickparvar_v2/Training/notumor/Tr-no_60.jpg,notumor,0,train,150,198,2db2426323e2d116ddfd79ca17da4f0c3861a527eba11414ce1ffe403b5810bd,2833a010b5e7c8a000468a744916d2acb6e1c21ee062dd7d4df6ebbc51c61375,9712197f12fa1b25,,7f5fd70953bdb5de,,,,True,exact_duplicate_of:data/raw/nickparvar_v2/Training/notumor/Tr-no_293.jpg
data/raw/nickparvar_v2/Training/notumor/Tr-no_600.jpg,notumor,0,train,630,630,dc811fda9f7bc3506f21d4094da84c5e3a81d3878b28967b830536fda342a33e,9f7aa600b1dbbab02c1ae0a58a69dcf80df52a2935001cd5042033c7098d5f30,907a6fc56d92344d,,ab5fcf22d369291a,,,,True,exact_duplicate_of:data/raw/nickparvar_v2/Training/notumor/Tr-no_1039.jpg
data/raw/nickparvar_v2/Training/notumor/Tr-no_603.jpg,notumor,0,train,504,540,3638762e35802a4a7eb0ada08c6bd1cdf17f43f5a328d45d9ce7656893659b0a,276b2e5a63ba969d7074127e22ccdb604261bf16b97cb0f6adbce3961460ebb0,c33b2dd4349e7066,,ef0ff88991f4e412,,,,True,development_group_overlaps_official_test
data/raw/nickparvar_v2/Training/notumor/Tr-no_604.jpg,notumor,0,train,225,225,39e0e05182312576de8b46eea9c6b96908335a0ae2f4d25d50d86143b900d874,c1d7bb79361d0e58783803d28bbe1b04f4e762c165f69a63e25da9587584ec67,973e78c96196246d,,6fa655811c0aaff2,,,,True,development_group_overlaps_official_test
data/raw/nickparvar_v2/Training/notumor/Tr-no_606.jpg,notumor,0,train,235,227,f90baa21f7026f0f5c8595cb4c58a728618b80c679b18dbb42f4e77420262ac5,3558d27f707cb11d84e98c2a4acfb6093fdaf51dcd4f8d6271dd83e0fa7613f5,c24d2db43493727b,,a056a5be96928f29,,,,True,exact_duplicate_of:data/raw/nickparvar_v2/Training/notumor/Tr-no_1261.jpg
data/raw/nickparvar_v2/Training/notumor/Tr-no_609.jpg,notumor,0,train,236,213,92a322e56c4901f5f15ccbae7c8be951d73ac18f882c7b7bdbb8992d481904f3,6a11f71c050e1e943703583b85e937de758bb4488a268e1c22acdad01f0e1b94,9f87781a79196519,,0cd51992e5778fc5,,,,True,development_group_overlaps_official_test
data/raw/nickparvar_v2/Training/notumor/Tr-no_61.jpg,notumor,0,train,206,244,0223943a2b28b7ae5e7836f590dc9d3576b2b80202392a3692f2b4df830ab50e,a50a31af0cd6f32437046d2c49498e83e7a0bc3a0b76df4b2e493fd5a3c79a78,95625bec3a846a9e,,b2e5bfc61f2e70f2,,,,True,development_group_overlaps_official_test
data/raw/nickparvar_v2/Training/notumor/Tr-no_611.jpg,notumor,0,train,630,630,3d2e27086db6e9797258b3d352df32cc3a4a20f6038a9bf18dbc1472915177a6,a09554156126a8f5342e1c1e66f2472ffe6c03fd1a3bc55d10b4640f42208f62,931a6aa52dc7347c,,e6bab0fb26081ce6,,,,True,development_group_overlaps_official_test
data/raw/nickparvar_v2/Training/notumor/Tr-no_612.jpg,notumor,0,train,630,630,1c62114d3764a574332b44ab41847ac1b2104db7bd4cc92f47f3871632b67e4a,ac10a36fdb31f13827d6251ca19ba95f3f0870d1241a969fa4a738a7f8a5a4b3,96386a716dc534e3,,214fe2cfa86b7f5d,,,,True,development_group_overlaps_official_test
data/raw/nickparvar_v2/Training/notumor/Tr-no_614.jpg,notumor,0,train,400,442,b4531b317308ad08f6f4c96da6e7244a9875a52d490ecdcab426249236587074,c533b95bdd11ee8bef83ce2d434f6a50fb688c18b9c297076d6d77216ed62911,863a7ae065c733c9,,ce4b5ce3f3b09d13,,,,True,development_group_overlaps_official_test
data/raw/nickparvar_v2/Training/notumor/Tr-no_615.jpg,notumor,0,train,228,221,0578ce3a9dc5761f9374d76cbd36a3d9c5937a6cedc02d44cfc6ee5c1abc6b90,876948ad780a757b009dc1feac1319f1b53ad42ba4dbc31ac2229e641fc2e55c,c00f3f703c717966,,268c2b96ebe5d2fd,,,,True,development_group_overlaps_official_test
data/raw/nickparvar_v2/Training/notumor/Tr-no_617.jpg,notumor,0,train,630,630,6296fc94ca1dba543a77ac0312ae4eda86053a44d81a9151e77e1e6b90bd91d3,545394f094de8bb58147efd8f5a7c7e4221196c054391e043cc89fa9b8c5a8b7,d22f6f3435b230c3,,ea26b1d6a0b460f5,,,,True,exact_duplicate_of:data/raw/nickparvar_v2/Training/notumor/Tr-no_524.jpg
data/raw/nickparvar_v2/Training/notumor/Tr-no_618.jpg,notumor,0,train,208,242,0841062307b8a925d89cae0ddadb015d9213153952aad7490b6c9c7df5864e77,a65b27439b1a8ba2b8ba7e88577a34088a69bc040a7453748064362c64dfbf84,c2f11c047b4fcb87,,e7fd1afc736defa0,,,,True,development_group_overlaps_official_test
data/raw/nickparvar_v2/Training/notumor/Tr-no_619.jpg,notumor,0,train,228,221,f5d81910c4160f06ec27ae21368f22f860e7fbed5e4284487ef6d941dcba3d9d,e4736084c6cb3f293a2a15d5dda3358d5692234eabdcd6317b3cd47eb9ae7456,c22f2df034933c9e,,c8913f2b6ffa2b0d,,,,True,development_group_overlaps_official_test
data/raw/nickparvar_v2/Training/notumor/Tr-no_62.jpg,notumor,0,train,350,350,43c7fb765b0d878dca03cd26cb414b56a2e3280ce2510f3a84dac11003bbd0a0,a9b48db002e4a113974ee5508f6cb3d3d30d2f009d80ddf9cb2206b5032d7b54,9d6a6e353823338e,,ab647b97b18277e1,,,,True,exact_duplicate_of:data/raw/nickparvar_v2/Training/notumor/Tr-no_1079.jpg
data/raw/nickparvar_v2/Training/notumor/Tr-no_620.jpg,notumor,0,train,220,275,50b07fb6e5b04d44340aaa19e0dc4aa6588af62e73a4ade8f3ec34cace05524c,6d897d7b605ab6062336e163aad800267594676049cba991f5a1581cb8217d13,91971ed87a24795c,,e82889fc69ca47a3,,,,True,development_group_overlaps_official_test
data/raw/nickparvar_v2/Training/notumor/Tr-no_621.jpg,notumor,0,train,300,168,b1da8fe4e26b93b3fadab285538d4578e25cd114bb6e763477657f2be5688f95,083ca11b2d95ca3c2547c93abc8076942dfee0c8476fd1603341317233bef39a,9e92696961c9cd39,,c486490bd2208135,,,,True,development_group_overlaps_official_test
data/raw/nickparvar_v2/Training/notumor/Tr-no_622.jpg,notumor,0,train,630,630,ea2ef5b7033dc31e1f0dce350279139d6f2c25b154f547a10fa19275646058a4,ce3fddca80b2417e2ba1f2cecb3491ee3a94ab75906443ac7e3ae762a368ff94,907a6fc56d92345c,,ab5fcf22d369291a,,,,True,development_group_overlaps_official_test
data/raw/nickparvar_v2/Training/notumor/Tr-no_623.jpg,notumor,0,train,192,192,92c7e180580f5f9e7adeef2101de2df68532ae02f2d2c8d75782801f07d64bc6,3a3c7ce48d0e4c9d4bc687a4f65f1d1a70690b5f2194d95817c8e3db9e3ba8ef,973868e3658c67e2,,431828fe07927d85,,,,True,development_group_overlaps_official_test
data/raw/nickparvar_v2/Training/notumor/Tr-no_624.jpg,notumor,0,train,173,201,0f0fff78a8c8823d5cca151edd446de6f2c774546efae63487b7cbd08aa134e6,faca5315eaa9a4c0a495cb4fbb30b8b44f1038232dd98fdfa3fd3fd9e59acd1d,94166be92fd22d0e,,b58df48a2adbbfc1,,,,True,development_group_overlaps_official_test
data/raw/nickparvar_v2/Training/notumor/Tr-no_626.jpg,notumor,0,train,225,225,29273d7176d172d331108aabfa065c4ae7ca6dd366549a9b141259b3967b33df,f432204fc210c5bad6742bf72f97ba03255e509efe2f4ba184d943431a9f10ea,c36d3f243c9461b6,,2840c12ff1a8570b,,,,True,development_group_overlaps_official_test
data/raw/nickparvar_v2/Training/notumor/Tr-no_628.jpg,notumor,0,train,428,417,a1661a8202874ff2a6a244a3e1a96978a7d994b30b9ce857a3e677089295f72e,b629057b5719a1703c4d9558e79f201a2b27cc6d50341999be75226704f4d3fe,856a5aa57ab52996,,041f1507ed05be19,,,,True,development_group_overlaps_official_test
data/raw/nickparvar_v2/Training/notumor/Tr-no_629.jpg,notumor,0,train,225,225,a3caba23e63b0858347347deeefb13f241a34116ee8ff19ff099d1f0c04fcabf,11b9af54a15c347c51f0ae71a4f1377407f50f82b3c1e7bcce58c6d636e862e6,971f3ee06893611d,,6d3ecf8e3476041e,,,,True,development_group_overlaps_official_test
data/raw/nickparvar_v2/Training/notumor/Tr-no_63.jpg,notumor,0,train,409,442,da9ef6cef60bdcf63e1cb2c07ebe5bfb5a1c08c74dadf280915d55d7c3e36d9a,1df3bf2d96f17678469aa7b5925fd1acede70282afe91fdc5ca7c1dfcce00b90,944a4f2d7a257c71,,f906834ef9cc336a,,,,True,exact_duplicate_of:data/raw/nickparvar_v2/Training/notumor/Tr-no_423.jpg
data/raw/nickparvar_v2/Training/notumor/Tr-no_631.jpg,notumor,0,train,225,225,342d3cce7b3cdc691766a7f1ea7df73ad66c39e2956310e907ff9e6fb3cd332f,e3736aa47c243e689568bbad40e912ec71a4e6804d1a94389d0e4e58eee2f308,97c5789a6e183999,,854c054f3dc5a577,,,,True,development_group_overlaps_official_test
data/raw/nickparvar_v2/Training/notumor/Tr-no_633.jpg,notumor,0,train,468,444,4e8128f0ab7851669e46d62f1ce1b51dbcae2d24b1b13fe29efc0146c218364c,cd0fba1e45aa45710d64c7341f2515b0cf436aec8a8203c3213113c047f412a6,c22d2f343f603f70,,d63573e240b184d7,,,,True,development_group_overlaps_official_test
data/raw/nickparvar_v2/Training/notumor/Tr-no_635.jpg,notumor,0,train,225,225,dea6f3f009b126786a8925318e2b68d65826027cfe27a9fa235bf07941c641b5,1668e6431079dabe8c1aeadb7dfa156fa28831d5b699a3b7c15ba81bb835a340,927a6ca5689e25cd,,5ebd8617715e43c9,,,,True,development_group_overlaps_official_test
data/raw/nickparvar_v2/Training/notumor/Tr-no_636.jpg,notumor,0,train,276,326,b7217d07fe4b60f472aaeee4b36e8429d4a1685bbb9fd13c1d471835326e801d,8e4fccb06ae3b08d80f5890535dd1fc1f7495812656c9a708115a16812216620,d44c63b70d493735,,5e36483137a51dc6,,,,True,exact_duplicate_of:data/raw/nickparvar_v2/Training/notumor/Tr-no_388.jpg
data/raw/nickparvar_v2/Training/notumor/Tr-no_637.jpg,notumor,0,train,225,225,478a02a2c7269cf6740e713bbf6ff27feac16ed6099baefd689610ea2320f832,a226463eab950cd1be2fd8caa676f68fa019e8da759af1a86b28c92a02e1e89d,927a6fc565d2305c,,ab5fcf22d369291a,,,,True,development_group_overlaps_official_test
data/raw/nickparvar_v2/Training/notumor/Tr-no_639.jpg,notumor,0,train,236,236,f64c5b137db85b27a8d909dd0f0cdf9bcda986bae8ff2bd8491b25e45615c7b2,05710d64eae98a3a1d0b7c81afa1aa26eb6e5d16f19bf9374b0089fd00529bb3,96696996659b926c,,b09fe4c03a7df210,,,,True,exact_duplicate_of:data/raw/nickparvar_v2/Training/notumor/Tr-no_1205.jpg
data/raw/nickparvar_v2/Training/notumor/Tr-no_64.jpg,notumor,0,train,400,442,2d0c621b0f3868cd99c6f80a27d871ac054259363582d143fce392ba7d75e6d0,48be6e0c28c0e7afa5fc8092d921c4fdc03b97cac4057daec7b7a920b3743833,86c57a1f65383336,,1e91c8df4ded7515,,,,True,development_group_overlaps_official_test
data/raw/nickparvar_v2/Training/notumor/Tr-no_641.jpg,notumor,0,train,468,444,000fc159d99f54d7f29d4e7c505e77c8854fd837a8a0eb10f616945024bd3876,2675a75de556893ac8ef7ceb2900636e411b255bef85bbd2bab5475f430ea53a,97877a9e6a8a688a,,b48f0f52e91ac59c,,,,True,development_group_overlaps_official_test
data/raw/nickparvar_v2/Training/notumor/Tr-no_642.jpg,notumor,0,train,414,496,8a05324c1e59d079c88ad71e484739999eab506d3e7eb1bca857264329113b94,4c3b6bac91705d85e503730f5ae2c350dbf0d4ba5d056b34fc91686fe9b7dcba,9199569678e96a4d,,f27b4767a219cca1,,,,True,exact_duplicate_of:data/raw/nickparvar_v2/Training/notumor/Tr-no_1393.jpg
data/raw/nickparvar_v2/Training/notumor/Tr-no_643.jpg,notumor,0,train,359,449,cd96b1d5fbe7d99976c7622fabcb89896c25c07f9837f9ff3756b4effdcbed7f,48a08b2527cdca9b8f38df6b24302d3863c38da6337ba72160c178b92d3428da,c4d24b8d2f713c2d,,fcbc02f806528ecd,,,,True,development_group_overlaps_official_test
data/raw/nickparvar_v2/Training/notumor/Tr-no_645.jpg,notumor,0,train,227,262,bfb2ba1aaacaa90bf7eac52cf8953ca98abbb7070f91051a908e092d294bdb8c,356d0b906e24d82e99a0b7bcb0f6ee26b6e2b653a90e0f65c5389d4049b6bc61,946e7ba5687161d1,,6935fb75f18bfc77,,,,True,development_group_overlaps_official_test
data/raw/nickparvar_v2/Training/notumor/Tr-no_65.jpg,notumor,0,train,232,217,a1a28845e45e575a6456513331c78c700aede806af4c05f3ba32c31fb0d09ac3,af3ef0d9e19d17d8280715d126166857201ee603688af64a3307526091de7ba3,843536454f6b7ab4,,895bb380e7081424,,,,True,development_group_overlaps_official_test
data/raw/nickparvar_v2/Training/notumor/Tr-no_651.jpg,notumor,0,train,428,417,21fd26b23c30b4f39052dd1cccfaa6a73e453d300bcf4dd64e5491022c799acc,fee2e003cf236d867d86495227c62e9003f82417c6c8ce08fb091c29d5546d86,856a5aa57ab52996,,041f1507ed05be19,,,,True,development_group_overlaps_official_test
data/raw/nickparvar_v2/Training/notumor/Tr-no_652.jpg,notumor,0,train,275,183,91eb18f61d813028c6de3d9a78b79f807712662d006287ddec80b945f6edeb51,19606f9bfe7709fc2256e75e978b020db8e3ce2d38df5af6125aac182d910637,ce6c38b634926799,,8ea48ab8c3189875,,,,True,development_group_overlaps_official_test
data/raw/nickparvar_v2/Training/notumor/Tr-no_655.jpg,notumor,0,train,400,442,02dc5494993363f9910138ba37f237ad978fb78fc85b371222b2b6867477c743,de20b0fb004aed647c277e146bca2a80b765ff85b0eaea02673db3fe272ba504,d26f2fb13092669c,,69164bc6d84e1423,,,,True,development_group_overlaps_official_test
data/raw/nickparvar_v2/Training/notumor/Tr-no_656.jpg,notumor,0,train,225,225,496a47c01ff473f476f2aeef3e6b8c870afc63bba0aa2811dc4d5d9aa3a40190,a90fc644f2b8e85aafacf9ab18f4ea6f1f334367e748899dfa84b484c3ba6ee5,87973c5e78686139,,da18a45e3c84c18f,,,,True,development_group_overlaps_official_test
data/raw/nickparvar_v2/Training/notumor/Tr-no_657.jpg,notumor,0,train,225,225,67850a5361df8dc320baf82e8bdf37cc496bb5d6ea91b17cdceab32a7cdd5cdb,7afe7b12ea770e974c6cd1574c4028f03bc619913f49650f850c852c12c78caa,96386af16dc134e3,,214fe2cfa86b7f5d,,,,True,development_group_overlaps_official_test
data/raw/nickparvar_v2/Training/notumor/Tr-no_659.jpg,notumor,0,train,206,244,03bb9c99ad697aa275960fbd9e11dc1bd23ae388fde6b6ea27bc3f67002768fc,d5ebe7f66025690598c6ebb505b8d86ce40b6ea88c1e4f9bd744a4d3b740ee93,95625bec3a846b8e,,b2e5bfc61f2e70f2,,,,True,development_group_overlaps_official_test
data/raw/nickparvar_v2/Training/notumor/Tr-no_66.jpg,notumor,0,train,173,201,3c3bdbcf86cd640b0efb1f4a95726f65664a2b760cf385302947c2549ac78eba,b43645cf58408b6e3cbd88bcc0419b7806617ea63ba8a7799a2a80f0ddd9fb8a,c1433fb07a87705b,,cdffb7f53d44e5d8,,,,True,development_group_overlaps_official_test
data/raw/nickparvar_v2/Training/notumor/Tr-no_660.jpg,notumor,0,train,411,496,90b09a698e88ffae221f5f5c0c732e7a17e93387b4e91fc0be28b3aa3b91ba33,759d221f9afb89aba7f40a441c76374fdfe59fa25b355c873fdd982d992e9908,811956fe2c787b85,,e20dcc1a940d22c4,,,,True,exact_duplicate_of:data/raw/nickparvar_v2/Training/notumor/Tr-no_1397.jpg
data/raw/nickparvar_v2/Training/notumor/Tr-no_661.jpg,notumor,0,train,200,252,3f7bbed9fd337cfdc7d6a6aa2845e7f934e6ca177a8c7b3f22210a6f94e2f3cb,122480d30b7ac3e487ee86a6d64d5d5d33fb0580f1d745a8542a66a6a7467fa8,84bc4a522f3c78eb,,2cf0b13427c049dd,,,,True,development_group_overlaps_official_test
data/raw/nickparvar_v2/Training/notumor/Tr-no_663.jpg,notumor,0,train,225,225,b53b2e120a974735fb7fe2a0c543c4b17dc9553aaa221f36d53e85c3e75d04d6,86fbccb096aeaf8ebb1a66e96b119bcd91a8298233baf1d7cdec666d0a5f0af5,d2b46b4a3d31349d,,ccc9d4fd013c28b4,,,,True,development_group_overlaps_official_test
data/raw/nickparvar_v2/Training/notumor/Tr-no_664.jpg,notumor,0,train,233,210,29f5011764730ed401f04b4978195c0b9fcedb005c3408f89a7586259cb1b675,6d590e0db8c1edc2eb0ebe61ce72f7e83438e08ebfce2d029d507115e4c0aa6f,955a363a3ab17361,,c9e3b300b0cd6d4c,,,,True,exact_duplicate_of:data/raw/nickparvar_v2/Training/notumor/Tr-no_493.jpg
data/raw/nickparvar_v2/Training/notumor/Tr-no_665.jpg,notumor,0,train,225,225,5b78a3ddd88c805610aee8a4bc247021c97e0133aab8c43966d8142f0b742ea6,7be5cd58c528b2430c7b8e5578ca366e6f5186c7516e2cf729a52c4df4a47506,c36d3f243c9461b6,,2840c12ff1a8570b,,,,True,development_group_overlaps_official_test
data/raw/nickparvar_v2/Training/notumor/Tr-no_666.jpg,notumor,0,train,225,225,1bf4beb75eb2152e7236e838651b88d335ad3f95d8e79cd34e9d15e17f22b0e6,b22985b26b0dea3cdd72c936fbd97cee992eab04190a0b63ad25110993a0075b,973a78656e272926,,ceb06ba06804340a,,,,True,development_group_overlaps_official_test
data/raw/nickparvar_v2/Training/notumor/Tr-no_667.jpg,notumor,0,train,350,393,a060cabec183204f051f9c7d153b82d952b886fe2bb34efb8f812c50ce123287,f6766f1936d5a3dd24a1c8d4ed262c2a7d183158b0d31a6c9b32cedfdfcf964b,d0c36fa73d1c642c,,1ef0bef4e0895544,,,,True,development_group_overlaps_official_test
data/raw/nickparvar_v2/Training/notumor/Tr-no_668.jpg,notumor,0,train,225,225,090dac42b804f6ffe3719c23f945985189585b692901f195bac20bf5466ad98c,f2ecd4cb2b7ee490656676fc253b788c97870092574020514178c47db1ebd454,c72f3bf03c92309a,,28b506c6d62ffd7e,,,,True,development_group_overlaps_official_test
data/raw/nickparvar_v2/Training/notumor/Tr-no_67.jpg,notumor,0,train,225,225,519722d60cde110ce1433c3bed764fcbd4f494f3ae5b19a237e06dd45503bc97,774d59f7165e26c3b6366b478705f1d889af31e2bc4ed6b700eafc7caf58951a,c3693cb630c366cb,,96a446732be26090,,,,True,development_group_overlaps_official_test
data/raw/nickparvar_v2/Training/notumor/Tr-no_671.jpg,notumor,0,train,192,192,5251cbe73ab9ba7b7c06c268b4c46b8741b7655d52eb5210373cc470ced739fb,b03197274f9775f46c9ad950c0e328488544689ec7b1b3a3bdeafa8c38da4e2a,97c7681c6533670d,,c1736549030229ea,,,,True,development_group_overlaps_official_test
data/raw/nickparvar_v2/Training/notumor/Tr-no_673.jpg,notumor,0,train,442,442,8d1b8cb2975b43db869caaecbffd11f51651b6c25d35928f84cc295215cfb822,52d7bdfb0fe009d5f178ffe10213e3d0e33a6a84cd9727d003cc25cfa252bbb1,933e6aa16cc3348f,,cb799d998c0a2650,,,,True,development_group_overlaps_official_test
data/raw/nickparvar_v2/Training/notumor/Tr-no_675.jpg,notumor,0,train,630,630,ec4bf9270aa3ef29260745b1bd95ca6577dee7c388d41999fb9eb2acd6874de1,afe63c0f8ae4db1237e6877e7b3c04c186d2d591f4663d78c99b093989cb020f,907a6fc56d92345c,,ab5fcf22d369291a,,,,True,development_group_overlaps_official_test
data/raw/nickparvar_v2/Training/notumor/Tr-no_677.jpg,notumor,0,train,236,243,a8d8bd68e37588a5be079ea92de410d9097988aea40552f6fd08ca44a7dd6c74,6eaf399e02f19177aba789dc0bf2ef72076c3eda52685d4ebb5c1a4c8fac240f,936c3e93693236c9,,0c61e4e66d8ed75b,,,,True,exact_duplicate_of:data/raw/nickparvar_v2/Training/notumor/Tr-no_1180.jpg
data/raw/nickparvar_v2/Training/notumor/Tr-no_679.jpg,notumor,0,train,442,454,64db7ecf017244f551f8757fef667bc2b3b233dfcdad83fcaf14e70f899d2533,c05a502600d41eb5b8c31e2a9af046298e7c04d9f6846b29b3cdfc3fb4bbb00d,969e78c9618e6764,,7927a808f4aaaefe,,,,True,development_group_overlaps_official_test
data/raw/nickparvar_v2/Training/notumor/Tr-no_68.jpg,notumor,0,train,232,217,38fe0004cd2687faff096d4f69f781dd10e03b4950129d38023ac46a701ad402,d074a6295c72a311cb2f6bebdca5043b6e321052e72031af165e2ef38107bffe,969578da61394c76,,feda48b1cab03376,,,,True,development_group_overlaps_official_test
data/raw/nickparvar_v2/Training/notumor/Tr-no_680.jpg,notumor,0,train,201,250,faa1644d7275469310aceeb80795b5fed741df6b47cd6ab6565298620d6c469c,30d16012fd0f798bf518428dd6cbc4b812526b01927fb95494d294b604ea6bf1,d50e4aed2fc43d90,,9569f54a939aa335,,,,True,development_group_overlaps_official_test
data/raw/nickparvar_v2/Training/notumor/Tr-no_682.jpg,notumor,0,train,442,442,5320f1056b0c6bed19df56dc3cfdce2f415cc986ce67f2406514a5a9d7cedb40,7df99669d7cdeb7af9169709e2a78088b8e73368d96c76ec1997f95201041b7c,c66b3cb4319661da,,514712069d2e827d,,,,True,development_group_overlaps_official_test
data/raw/nickparvar_v2/Training/notumor/Tr-no_683.jpg,notumor,0,train,680,680,f98f84c8efdfc33cbad78e557e1e4dd58e22567d3f3bf0a42da1fd57d8653412,70613ed0ca39a7d806d9c8c76d754cb5ab4de20d5249a2f4ec2f3b8c8381f1bb,866a38e57ac56987,,99eb71355da915e7,,,,True,development_group_overlaps_official_test
data/raw/nickparvar_v2/Training/notumor/Tr-no_687.jpg,notumor,0,train,235,214,d8be34ad89aff5bac28c58fc73dee8c2b0666e7aefe6f2390d670829d9515776,506f03fbdf84ca8c2ae8f238f870da6b7c486ad0870585677513f33d672ddfd8,d00b2fb52e346bf0,,42527c1db0bef710,,,,True,development_group_overlaps_official_test
data/raw/nickparvar_v2/Training/notumor/Tr-no_689.jpg,notumor,0,train,512,512,9de46a6ed6c5c6ce5906890ff1d96ab5a544ec90d95c1712812889b72cc3593f,1b8daa3c560ae0dc2331274fb10b679a93d4b49482549b1ccd53de0c975684db,c32f3bf03d92309a,,28b506c6d62ffd7e,,,,True,development_group_overlaps_official_test
data/raw/nickparvar_v2/Training/notumor/Tr-no_69.jpg,notumor,0,train,207,243,db13da94073aaa03960e97acb4ab41019e4be57c88c8b708e66791696f4bc4b9,26944559a556d30d4536733d2798e70a60b8c27fb71980fbc150208eee37259d,865e5b886a66794d,,e57ec3d8236475bc,,,,True,exact_duplicate_of:data/raw/nickparvar_v2/Training/notumor/Tr-no_1095.jpg
data/raw/nickparvar_v2/Training/notumor/Tr-no_690.jpg,notumor,0,train,359,449,183a45ce31d8c56ccb92b044538fc221d7842b1c27cbdf9e1b8d1caf1fa747c9,856c2b953521d053cdaf79e697ce29a289676c84beb9c780063b39e2eae41227,c42d4b722f8e3cd2,,ae85cba91e783b1a,,,,True,development_group_overlaps_official_test
data/raw/nickparvar_v2/Training/notumor/Tr-no_691.jpg,notumor,0,train,150,198,6211566a61a9eaea053eedfb276a368cb45a2e2a208b441add4802e70b0ea0e8,5b5a745600bb21f0fa5c4eb3fa5807917837db2b1367440b8deb71d2aca58182,c6ac4cd54f105f8b,,db4591e4c126e741,,,,True,development_group_overlaps_official_test
data/raw/nickparvar_v2/Training/notumor/Tr-no_692.jpg,notumor,0,train,416,512,2ad6ffff97ce8cbfd5d4785955ea16a6ccf7090eb67a8015e47cd8902571b827,1069bf0aa067046c64d32e2872e53f5e865ca128e6bb762928fc076c6699dfa2,817e7e2879a17a25,,df125a49c4b266f0,,,,True,exact_duplicate_of:data/raw/nickparvar_v2/Training/notumor/Tr-no_1085.jpg
data/raw/nickparvar_v2/Training/notumor/Tr-no_693.jpg,notumor,0,train,630,630,c1bf41ddb56396fd0e74b2eb7212c96a6a915ee86737c060c9db8e1439ff0390,ef8d0167c4183b8f0f8b864ed68b60a3f574030067420a513930d7c60640e459,c64f3ff078926129,,5bea05178dd1406b,,,,True,exact_duplicate_of:data/raw/nickparvar_v2/Training/notumor/Tr-no_1062.jpg
data/raw/nickparvar_v2/Training/notumor/Tr-no_694.jpg,notumor,0,train,232,217,3e7a6a53891855f9773da2427b7621464e87e48634af7203ae4416761d087b60,8742c96acb9e98ad10dc6d12b16855328f605f049738fc41898acd54dec74bdc,c33f2d70349359cc,,a714a07bb54d7e51,,,,True,development_group_overlaps_official_test
data/raw/nickparvar_v2/Training/notumor/Tr-no_695.jpg,notumor,0,train,225,225,0baf6f0119238a2541b20c2821986f07164a1849d34dbfa02fd507dae84d9e59,84d10aaec6accc8466c95aeb32bbd05afb9c9e11dd018f27d45719a93666fbbd,92386ef169e134e3,,214fe2cfa86b7f5d,,,,True,development_group_overlaps_official_test
data/raw/nickparvar_v2/Training/notumor/Tr-no_696.jpg,notumor,0,train,225,225,233edd18fdd991f4fd5960eb0076de22f3347afe983cf303f40f7bf154ac4bd6,7f9a77d5d601dead426bfd516a8830ac39aa30e4e905413a4671d720efadc16a,96856e5a697c6570,,23178430f133320f,,,,True,development_group_overlaps_official_test
data/raw/nickparvar_v2/Training/notumor/Tr-no_697.jpg,notumor,0,train,215,234,58dd3b58f9fd7c629ed3093f3b8cc6c4a1524e2b526f57bbb02e4601a2b8c738,7b5f7e975ffdcd571b0772c7644512213ee3774b3af1784199913b67584b69dc,85b57a5668e861c7,,93964a1b531dabc4,,,,True,development_group_overlaps_official_test
data/raw/nickparvar_v2/Training/notumor/Tr-no_699.jpg,notumor,0,train,442,442,7c103b082c141631e8475390a8b06ef7ef0cfba10e61cf2d4ce9dd1e2b08dfb0,eade8dbe9ea4449a1be5b171e81fd75073a21205c248596a1aeb0a4355cb4398,c43b2fe46dc430cb,,5effda2ff54a83a2,,,,True,exact_duplicate_of:data/raw/nickparvar_v2/Training/notumor/Tr-no_1309.jpg
data/raw/nickparvar_v2/Training/notumor/Tr-no_70.jpg,notumor,0,train,420,280,9abc17e36fae0216bb2b2fe2829af1d92f05cf2db522947070e88f7ade9f266a,e6943efe352a301febd91ca3d20c77c207511b2672b08fdb54a97cad233358fc,ce6c38b634926799,,8ea48ab8c3189875,,,,True,development_group_overlaps_official_test
data/raw/nickparvar_v2/Training/notumor/Tr-no_700.jpg,notumor,0,train,236,236,ad26946bf8b6ba5be922f24ab271337964fc35675fa4d0398719e33665337ece,d76d55cd101a0f05a01e4a224fccc871a3da584b354702941c0a224440be113a,c26b2db43492739b,,25e43a11ce4be314,,,,True,development_group_overlaps_official_test
data/raw/nickparvar_v2/Training/notumor/Tr-no_701.jpg,notumor,0,train,228,221,15de12ab703d346ae376cd9733744eb06e094ff88fd36ce13f276aeed31b806e,821f1c89bec14981073c8c3cc9cec619a3ad9f6a444f3207b24c940bea0e51a5,c22f2df074931cda,,c8913f2b6ffa2b0d,,,,True,development_group_overlaps_official_test
data/raw/nickparvar_v2/Training/notumor/Tr-no_703.jpg,notumor,0,train,150,198,9561ec8adfadc55b0e5ff07eb2b32ed3e0dc5fb89cc96a65a35e597728e54dec,69da6e11c0efcb071f0c1e2ff8400d794f0a9e1de3773687cb0d2613a556ed1d,d7fd198012451bde,,9d97e8d24b549a45,,,,True,development_group_overlaps_official_test
data/raw/nickparvar_v2/Training/notumor/Tr-no_704.jpg,notumor,0,train,227,222,7023c4dcf7120a2bd4dd9064ea400f14aa323af508bd805eadee4c928e021ff8,f1866efd863bf13871cebcf697e8fc8db64cb02fac61e5e3f72e6f163ebd7792,d0c00f0f2f1f7c3c,,06e5ef7f43dd4047,,,,True,development_group_overlaps_official_test
data/raw/nickparvar_v2/Training/notumor/Tr-no_709.jpg,notumor,0,train,225,225,102fa3d1e695596fe1dc29e98c8f75c4790a9ad436186fd18c628ad36f517531,bbd94459c20115d2092a0bf15fcf00b643f610a8242989ed7f566899453d211a,931a6aa52dc6347e,,e6bab0fb26081ce6,,,,True,development_group_overlaps_official_test
data/raw/nickparvar_v2/Training/notumor/Tr-no_71.jpg,notumor,0,train,230,282,ceea03f4f2c5bbdfba1265c1eb9109decf59c27341816ccb63eeb75a2400401c,66d12f1aa351c2dcbde2a5e64a730c67f7b8d9cd66391231acced0366e6043cd,c4c16e1a393b656d,,9156d72d38b416f8,,,,True,development_group_overlaps_official_test
data/raw/nickparvar_v2/Training/notumor/Tr-no_710.jpg,notumor,0,train,225,225,3232a4f238d3c149391ed816d1a50c0cfe17556b58e79174feb4f0939152003b,46c76431cd6c54c7cfcc655df531e55a2565789835c5f509a0bbcb5bd5f0186c,973a7a652c273926,,ceb06ba06804340a,,,,True,development_group_overlaps_official_test
data/raw/nickparvar_v2/Training/notumor/Tr-no_713.jpg,notumor,0,train,225,225,e027f2073ef9c85bf4d436f0be29a44fda8e960418c315125dc6be1d71dcfb96,12aa84eac60ee6121ef7cb75d0ddb5c6495aabd435ea203ae87a6c14087d5d92,92956c5a69756572,,8ac51e0f36e81aef,,,,True,development_group_overlaps_official_test
data/raw/nickparvar_v2/Training/notumor/Tr-no_714.jpg,notumor,0,train,232,217,f9650a60cedb447d86bbb6a8b7678487aace1d134171f384856a3b7569fd03f3,95265b0957854f4c4b98a8ebc2b49771526f09b8882bf7594dfd635652132c65,9ec969b467329661,,40f7edda8616b619,,,,True,development_group_overlaps_official_test
data/raw/nickparvar_v2/Training/notumor/Tr-no_715.jpg,notumor,0,train,630,630,3163618e3155c4d97bfb4719da81fcc720a161d43a4c2a853e9b7d07064849fe,9ac78cb8a9a646e741daf30b808fdadedde26ffbd357b83fca85d37ec58aa073,907a6fc56d92344d,,ab5fcf22d369291a,,,,True,development_group_overlaps_official_test
data/raw/nickparvar_v2/Training/notumor/Tr-no_716.jpg,notumor,0,train,428,417,a323163a029cffe0d7d5320c9662a6e83b11904ce894976c38f068de83dcb82b,95a0c389ed0662136d6fe962a43a91a0faefeec52d70e6280b252963bd85caec,856a5aa57ab52996,,041f1507ed05be19,,,,True,development_group_overlaps_official_test
data/raw/nickparvar_v2/Training/notumor/Tr-no_717.jpg,notumor,0,train,225,225,7bd4d5d58606af2e040836ab4dd73e35130ec425c538d619dc514f5494d84c39,e38c37f8cf233c77f323fe66269589aaaec8a78a8c4a2003c48608a958debc20,973e78c96196246d,,6fa655811c0aaff2,,,,True,development_group_overlaps_official_test
data/raw/nickparvar_v2/Training/notumor/Tr-no_718.jpg,notumor,0,train,225,225,c0c1366974fcbed4ecea76ba9d2b8043a44168dcf522ea6e6bd9ab9dbb857d38,dc108901a9b6c0489614e70a3e08b822ecc1fe611de9daa96294e6c8e3759ae0,927a6ea568c7218f,,a95ddf86f86f8b9e,,,,True,development_group_overlaps_official_test
data/raw/nickparvar_v2/Training/notumor/Tr-no_72.jpg,notumor,0,train,225,225,a35fa2f008fae05b592a376704ffb1805f8883e393bee718253d8817bccfe18b,977f08ea308e0a55e7551b752f5b0638c0fb44bad572f6af469e5b6967494f7b,cec638393139e3c6,,d833a6eb53ccf1eb,,,,True,development_group_overlaps_official_test
data/raw/nickparvar_v2/Training/notumor/Tr-no_720.jpg,notumor,0,train,428,417,ac76ca3b933520e9519c3fa096e38e281e467ae4bda0412daa34cb966954ff68,27b779fdb178bef4a734a0d19c84df376a2bd3acf6eeb9a7dfc068531aa3bb4b,856a5aa57ab52996,,041f1507ed05be19,,,,True,exact_duplicate_of:data/raw/nickparvar_v2/Training/notumor/Tr-no_447.jpg
data/raw/nickparvar_v2/Training/notumor/Tr-no_721.jpg,notumor,0,train,225,225,f932387c00c74ebaede60e0b5e0d79dbff6b944e066d510f4c95834f05050e3e,a427ed4d507e40ca636173c1bb5b2bd1abe98a803ea72bbba129231b6b409b79,9ccc6e3339986333,,88dfed22b0f16cf9,,,,True,development_group_overlaps_official_test
data/raw/nickparvar_v2/Training/notumor/Tr-no_722.jpg,notumor,0,train,228,221,9e16dfeb865c44a91f37fe814f3f06a0989311ca2a348bbb0d132dc3800f9d9d,4ce4e43991953f6148e701a9e29f6eaabeae7a939490c2fef0b7034906c5eab0,9d7a6a6569252c33,,16dcd082fb4983aa,,,,True,development_group_overlaps_official_test
data/raw/nickparvar_v2/Training/notumor/Tr-no_723.jpg,notumor,0,train,232,217,e1b254a21bc888bd0a4ecfc378a9416b7844b06baaa7f7a13d63bcaae871e5e9,08a3287877e40b6e560fd9a417c074aca82dd80de92ad4a39dff86c88905cd6b,9ec969b467329661,,40f7edda8616b619,,,,True,development_group_overlaps_official_test
data/raw/nickparvar_v2/Training/notumor/Tr-no_725.jpg,notumor,0,train,225,225,840e12a9d0fc509d61fab11db74d1716234312bd96939b632e19b8f102ace3cf,2027647df4e07ac357f2c55a701b71b843c0b35e4d139ba1bdd2d1598e6f094a,876a3e31789768c6,,d529cd947d4f174d,,,,True,exact_duplicate_of:data/raw/nickparvar_v2/Training/notumor/Tr-no_1203.jpg
data/raw/nickparvar_v2/Training/notumor/Tr-no_726.jpg,notumor,0,train,225,225,d3eb1d0d9c022cdc5cea179f5825e1724664d2b7e6cf137c1b16dfb99884b8d6,cc629d60ad4464ab6d56d9e02f029e7f295f4418ee46aee4179dad2e1f676a1a,92386ee16d6334e3,,214fe2cfa86b7f5d,,,,True,development_group_overlaps_official_test
data/raw/nickparvar_v2/Training/notumor/Tr-no_73.jpg,notumor,0,train,225,225,8df1125bc5a3901ae602be99db7d676e79744a93eb6ed69de91b86cdb087a7a1,bd2bc2a4654999c916179973cb76e8faa9954344779b4e93c3b1fe224147673e,96386a716dc534e3,,214fe2cfa86b7f5d,,,,True,exact_duplicate_of:data/raw/nickparvar_v2/Training/notumor/Tr-no_56.jpg
data/raw/nickparvar_v2/Training/notumor/Tr-no_730.jpg,notumor,0,train,350,393,e22d67d921a2663d6bf14de06248488fcc2feb8984ba1fd2a3951f02057b3206,27cd4308ac8bb7f5326e444bbf80e657b8a9612a81134b7ee248b55dc6717976,85695a156ef63196,,35569bcb26b81130,,,,True,development_group_overlaps_official_test
data/raw/nickparvar_v2/Training/notumor/Tr-no_731.jpg,notumor,0,train,228,221,4df6b22426938011a6f818b43f17b9de4e4507ceeb9d573cad98b95460299baa,88774184ef726666c30ef42dcd6260a32058cda453a7de34da442f7b66befe43,9d7a6a6569252c33,,16dcd082fb4983aa,,,,True,development_group_overlaps_official_test
data/raw/nickparvar_v2/Training/notumor/Tr-no_732.jpg,notumor,0,train,225,225,bbad9f3675757537d7df4ca3e8fffd004972709f3aa5c11cdea4957980d43134,340bb824c80100591dbc46f68d03ad0b6221755c284e48134f81567859398713,d2c06b9b2d1d3d4c,,f52d54b1c72e39ee,,,,True,development_group_overlaps_official_test
data/raw/nickparvar_v2/Training/notumor/Tr-no_734.jpg,notumor,0,train,227,222,41efe60c9486d5c559d6ede0449c1da09b12bfbf8241ba4f28c60f82634cfe04,9121641d174821b8a4157b24a8be61f46f81d95c682441bac957b1bbedc39781,856a5aa57ab52996,,041f1507ed05be19,,,,True,exact_duplicate_of:data/raw/nickparvar_v2/Training/notumor/Tr-no_499.jpg
data/raw/nickparvar_v2/Training/notumor/Tr-no_735.jpg,notumor,0,train,359,449,6287138379cb2fc7b382859b04d591ea8e94ab04fd3d0903282887fd5d5b04c7,99a79c20251e8fcd6a0f721439b0d078fa5a15c5042fce9e27ac97e0fc6c3123,91971ed87a24697c,,e82889fc69ca47a3,,,,True,development_group_overlaps_official_test
data/raw/nickparvar_v2/Training/notumor/Tr-no_738.jpg,notumor,0,train,236,236,8c7a08207a2f8e5bf03ed590b3a482491a6abeb9b233a40604f3422065424112,d4325231907f72879f609ca69acdafadb167e02c0a4ea43624df41d524b26e89,958b6e3829e46979,,8c8db2a3577cd037,,,,True,exact_duplicate_of:data/raw/nickparvar_v2/Training/notumor/Tr-no_168.jpg
data/raw/nickparvar_v2/Training/notumor/Tr-no_739.jpg,notumor,0,train,206,244,6961473365de7b6378f5572fe8556b980ca08140c23210c7d77533430fa904aa,39501849ab614c1e594b2423c7b0576e242757932094f08354f3a38aeef7cc98,c0c80e476f2e3f35,,f1b2e09ad9e53423,,,,True,development_group_overlaps_official_test
data/raw/nickparvar_v2/Training/notumor/Tr-no_74.jpg,notumor,0,train,220,275,05dd7e959136e0832a7aa000825529956c7b6255fcef97b9b92c38266b77a453,57d01f255a229f17edb65443e17dcc7f483389c071924a16df8df7d9d9ea7fbb,91971ed87a24697c,,e82889fc69ca47a3,,,,True,development_group_overlaps_official_test
data/raw/nickparvar_v2/Training/notumor/Tr-no_740.jpg,notumor,0,train,227,222,ddb24391b40956c69ffc3f2c50ecb6eba7779774e9a9d84aea47e0c270feebb1,8412ef3be05bd14ba6a65becc47a2b598b6a283045d7729d08772473625512ac,85955a5a7a4b6969,,c3a156e571fe3891,,,,True,development_group_overlaps_official_test
data/raw/nickparvar_v2/Training/notumor/Tr-no_742.jpg,notumor,0,train,150,198,84d46119ac6576ace21ef904553037e30b4c3c44b45b74e17ef04d908b51ee80,027b58e72f962bff9a436511c740a59ecb7d1bdd8fd6888db11b766d23ba7e67,c2474c2a47af4f74,,0776e2fcdf0699b2,,,,True,development_group_overlaps_official_test
data/raw/nickparvar_v2/Training/notumor/Tr-no_744.jpg,notumor,0,train,225,225,d2415a0edbf2b07965c430d3aaf4a2e149f3afeec3480d521d800a757b69d447,cd960858eb528dd55ef50db1481a44eb8c3d0c4ea181693724657966936bfc35,907b4fc56d92344d,,ab5fcf22d369291a,,,,True,development_group_overlaps_official_test
data/raw/nickparvar_v2/Training/notumor/Tr-no_746.jpg,notumor,0,train,225,225,215f21ab7cf00415d45f282feac924265d603efb54021a785f7bd4ebdeb32b4f,bce42dd37c1baeadc31818beb2f0b897eb1038002d9f09b0d46d22f3af13145a,c1673b996c363499,,a24815cd6dc3d360,,,,True,development_group_overlaps_official_test
data/raw/nickparvar_v2/Training/notumor/Tr-no_747.jpg,notumor,0,train,236,236,4f3c00ef520660295576c472a0cafc9f1bb400d736b352b736966af08bf09235,e81ae6d2d7880f812fa40d6cd79b07fe41597b89daef9a5a4d9709de7e57b7a1,c63e2de134cb31c9,,cb09ee6365b66825,,,,True,exact_duplicate_of:data/raw/nickparvar_v2/Training/notumor/Tr-no_3.jpg
data/raw/nickparvar_v2/Training/notumor/Tr-no_748.jpg,notumor,0,train,206,244,1282b728ea8af80b1d72048d4535d7dc555e03caad8f6a8bd5deb03f9f3084e6,c177754b8f4a6c6fed4ba3e6a15bf2f11944569625895fd21ca4fa7f581c97e2,95625bec3a846a9e,,b2e5bfc61f2e70f2,,,,True,development_group_overlaps_official_test
data/raw/nickparvar_v2/Training/notumor/Tr-no_749.jpg,notumor,0,train,512,512,ca5a51914cad005d72af57fa6c9142fc9d650ca06ba23f3e839991c3fa4c8b36,6c30fe56253f3162e95dc01e10d6473c68cfb689738836e787267977d3715725,ce393dc6308d369a,,63d1a362837dd374,,,,True,exact_duplicate_of:data/raw/nickparvar_v2/Training/notumor/Tr-no_1140.jpg
data/raw/nickparvar_v2/Training/notumor/Tr-no_751.jpg,notumor,0,train,225,225,2edca8bd01b8925e4d30afddedf7f1c95fcd76fc78debac448eaa8b43b415ee7,8b44355100aca36fd8e8c869f35e43ba167dcff3f7bf3f1ecfaa4cb379c0c307,9ccc6e3339986333,,88dfed22b0f16cf9,,,,True,development_group_overlaps_official_test
data/raw/nickparvar_v2/Training/notumor/Tr-no_753.jpg,notumor,0,train,232,217,79b6fe05b46ee2a734c4da64cd109bc508bfd1b76f46e9c496dbb406f86139f9,0761b2994e5c59cbb1e0cebdf67e88596481344989d76e29d71c04ee7faa4794,9ec969b467329661,,40f7edda8616b619,,,,True,exact_duplicate_of:data/raw/nickparvar_v2/Training/notumor/Tr-no_540.jpg
data/raw/nickparvar_v2/Training/notumor/Tr-no_755.jpg,notumor,0,train,400,442,37d13e11e66c736b2174792a44b897777f212e935d5c74141ced8dc58d610672,9114b557bfada70dc95e0dcb65bea469035909dd210ead60e7d2e59918d2212a,d26f2fb530926698,,69164bc6d84e1423,,,,True,exact_duplicate_of:data/raw/nickparvar_v2/Training/notumor/Tr-no_435.jpg
data/raw/nickparvar_v2/Training/notumor/Tr-no_759.jpg,notumor,0,train,225,225,b1b258f417fb1dd61e6c530031e231bd351464c402ac80ada15642ed3cdbdf71,06b407774563eae1d0b26ef238823ce45fc97ee7067d65072a1860ed975bbd27,c72f39f03c8b7098,,28b506c6d62ffd7e,,,,True,development_group_overlaps_official_test
data/raw/nickparvar_v2/Training/notumor/Tr-no_76.jpg,notumor,0,train,225,225,7f4893c200922446c40dee9b80d47b7db205c32fd75d613b7271baebb95886e2,78bc7caab48ab21c670421e1528ecc613150e7ed97267ecbc3c7bbc3c74c2761,d23d6be42dc23493,,fadd2c470a81203e,,,,True,development_group_overlaps_official_test
data/raw/nickparvar_v2/Training/notumor/Tr-no_760.jpg,notumor,0,train,236,236,4e3bfe7a0603559945c5c2de55311ce6d4269ebb816339bca3f13bd57f565994,ce3071f21b45c5751e00bb525a0855e1af7fb76608d7289ce5fe35f1a3b0ba9b,937e6c3131ce6433,,0e2ab58357d637aa,,,,True,exact_duplicate_of:data/raw/nickparvar_v2/Testing/notumor/Te-no_315.jpg
data/raw/nickparvar_v2/Training/notumor/Tr-no_761.jpg,notumor,0,train,225,225,f1b05dbaf79ef7ed9f35cbc79d1aaedbd07ae94c53f51df118b62061f3eed6e9,78bd8dd0c395ed1b984681d78f1e6a0efd1da30d8e7b78c904ed57b0b7fe003c,c64b39943157e179,,746d0dd3902c73e1,,,,True,development_group_overlaps_official_test
data/raw/nickparvar_v2/Training/notumor/Tr-no_762.jpg,notumor,0,train,150,198,a35018439ac8eef2e60924dbaca2bbbe2892b063672a793b486af027ce6907b1,6e3db4d9cf1a6509e6f384661ca5402248ba64821cfe6b4383d08f141c3bdc29,c6474c2a47af4e74,,0776e2fcdf0699b2,,,,True,development_group_overlaps_official_test
data/raw/nickparvar_v2/Training/notumor/Tr-no_764.jpg,notumor,0,train,1024,1024,2e9979eb629886f51f2e4b143f7526fe57537077b3bcb1bfd7d4ecad00b30547,6e5ab3cbf7efb52f69a6220bd762b8140ac3bdd9eb7a76afc371762cba14b231,c64e6d956c92346e,,5f3922338032650f,,,,True,exact_duplicate_of:data/raw/nickparvar_v2/Training/notumor/Tr-no_577.jpg
data/raw/nickparvar_v2/Training/notumor/Tr-no_765.jpg,notumor,0,train,225,225,44c821a4b213d1b3d353f91393fdeb7fa076335610371436c3e3c450c0ba979e,ba8ee7176e76f2e76cfa1006f7901b161afd4642e246caea35d43e15d8dabdfb,96856e5a697c6570,,23178430f133320f,,,,True,development_group_overlaps_official_test
data/raw/nickparvar_v2/Training/notumor/Tr-no_767.jpg,notumor,0,train,416,512,2ad6ffff97ce8cbfd5d4785955ea16a6ccf7090eb67a8015e47cd8902571b827,1069bf0aa067046c64d32e2872e53f5e865ca128e6bb762928fc076c6699dfa2,817e7e2879a17a25,,df125a49c4b266f0,,,,True,exact_duplicate_of:data/raw/nickparvar_v2/Training/notumor/Tr-no_1085.jpg
data/raw/nickparvar_v2/Training/notumor/Tr-no_768.jpg,notumor,0,train,207,243,ac8f48d2acbfe09e5173341ec37ac01ad6790d1bb5c91df6c5a7577f3a43a718,a13fbe89d38b9b1c298d7200e0435010beefa3090371b604b260505b55016df6,d30b0add3f372c18,,4d22ae630e245f4b,,,,True,development_group_overlaps_official_test
data/raw/nickparvar_v2/Training/notumor/Tr-no_769.jpg,notumor,0,train,201,251,ae6a6d1d8c7502e38409b07c5336357a9160c8f11216c608f964c48551f15d79,c791406273efdc7c41ef90076d2f88f732803c0ba85be23fc1899fdee9d5bcf2,82a27d1557479e96,,ff9810258642299e,,,,True,development_group_overlaps_official_test
data/raw/nickparvar_v2/Training/notumor/Tr-no_770.jpg,notumor,0,train,442,442,0e7f71de6d556fdfa89b97262376d90b5cfda742e5673d3c4ce683cf57f0c9b3,de2d8d3221ac4bed1266bd094f25d43e48667aa71c826ec4e9f24d414c1c35e6,933e69e164c3348f,,cb799d998c0a2650,,,,True,development_group_overlaps_official_test
data/raw/nickparvar_v2/Training/notumor/Tr-no_771.jpg,notumor,0,train,428,417,69c42f6c43bd792901c446df8bb12bcd3c49b4f40dfcba623c7e8ffcdb52aa24,dcedc6501dd0b34cdacf2de8a45f91de99b56019dc03b87ac07a21cbdaee7451,85955f5a7a4a2969,,c3a156e571fe3891,,,,True,development_group_overlaps_official_test
data/raw/nickparvar_v2/Training/notumor/Tr-no_772.jpg,notumor,0,train,428,417,ba7002495f10faabd61751b0acda4545a4c7e95f2f2a09b002f4ee3a572a5031,2249ce26a6c75f345ac86dc85b6eb3eb6d12b0de5b990e7616e5119c56f6903d,d0c00f0f2f1f7c3c,,06e5ef7f43dd4047,,,,True,development_group_overlaps_official_test
data/raw/nickparvar_v2/Training/notumor/Tr-no_773.jpg,notumor,0,train,173,201,c4a3cf42c2c5a22ae6017faebad04c285331b375c6916a7f59564231b9ef19b2,f8ac241144e1d5f0a1e5f2674e00f76b71076f5332d28630ea4f3d594f85b4b9,c1433fb07a87705b,,cdffb7f53d44e5d8,,,,True,development_group_overlaps_official_test
data/raw/nickparvar_v2/Training/notumor/Tr-no_775.jpg,notumor,0,train,207,243,490f753826a6343e78d82eb39d7f08ae43ed1a87fa10212d5592678b1dd76943,b3c2ab270c0eb1fc0c02bf4a6f01c678dec8a6f2d324339cd70ec4aa4cc643e6,d30b0edd3f332c30,,4d22ae630e245f4b,,,,True,development_group_overlaps_official_test
data/raw/nickparvar_v2/Training/notumor/Tr-no_776.jpg,notumor,0,train,173,201,e3d870254afb4646ef9c8ed65add1e52e4614142600fdae3d7f9cfbf8caf05e2,aace5951d2b94e14ffbd763259d249ea8ad2d1a451968b0fa68f5c0d88eb119f,c1bc3e477a7878a0,,5168ecfca4b59877,,,,True,development_group_overlaps_official_test
data/raw/nickparvar_v2/Training/notumor/Tr-no_778.jpg,notumor,0,train,227,262,2bcf7f2051a470cc90e74522c8141783f4e6e3b36b033e622bb446070804fbce,1e2693725f4fe3be607ed31eae78ca16511ae1220a56b652adc3a94ced9c08ae,c13b2ef03d75348c,,ad527884c16aa365,,,,True,exact_duplicate_of:data/raw/nickparvar_v2/Training/notumor/Tr-no_473.jpg
data/raw/nickparvar_v2/Training/notumor/Tr-no_779.jpg,notumor,0,train,224,286,3e66ecd9f2d07394ea13b8f2ce9212677a14aea1066e13a1445b00cbc59b998e,70d93d10989e7d64b82abcaea3f49c9ecb1aa12a6682711ec3c0a88ca44042d8,c04e1bba7ee03b61,,a8548653bb9f30a8,,,,True,exact_duplicate_of:data/raw/nickparvar_v2/Training/notumor/Tr-no_349.jpg
data/raw/nickparvar_v2/Training/notumor/Tr-no_780.jpg,notumor,0,train,173,201,93f59c5b88dca15896cc04f9ee23a7ed580d2f46b1162e62f28e2026324fe002,29d79d9e546ddf0b2ca085102c435de8a40b32fff88a2b239830ce41343c1de3,94e96a1a2f2d25f1,,3c3958d62d06fe85,,,,True,development_group_overlaps_official_test
data/raw/nickparvar_v2/Training/notumor/Tr-no_781.jpg,notumor,0,train,201,251,17bd1588f84aafbccb846c974ae1f24cef5ce6f0fc0f32a4417af50bfe9f52cd,99ea8f8309d44e32aa586ae9e55bc4a86c59494b7ba93723ac850e51b92e6590,91971ed87a24795c,,e82889fc69ca47a3,,,,True,exact_duplicate_of:data/raw/nickparvar_v2/Training/notumor/Tr-no_1244.jpg
data/raw/nickparvar_v2/Training/notumor/Tr-no_784.jpg,notumor,0,train,225,225,f4d232bf91cfdfbd899bb4fa7dc2b9de8d76f5160a70831999320c4e4d929ade,e1d50f1fce0bc4698384ff2f9e50311a8d46fb0e3ee57fea69566b981379e5d6,870e3ee068d9613f,,6d3ecf8e3476041e,,,,True,development_group_overlaps_official_test
data/raw/nickparvar_v2/Training/notumor/Tr-no_785.jpg,notumor,0,train,441,442,dc0ad1165fb8c0844c1404d3e4fe805b32ca654ddfec7909c91873c0df92aa03,9cfe4c76ef62bc4c90f803df71d36650ff6f56017b1a90e92490ab6feb6942c6,97a17e7a78c87031,,3dff2e6ca73beda8,,,,True,development_group_overlaps_official_test
data/raw/nickparvar_v2/Training/notumor/Tr-no_787.jpg,notumor,0,train,442,442,dae58f5faefd3a8b904e12f207a380d75a02f5ad558b2c5076cf84a2d5f2dff2,8f4e6071e23c199a8a39f70d7ec2ce939d30ec05bd4b821f0e10c93efffaf4b5,c25b6bb52dcc344a,,59f8aa73908722b1,,,,True,development_group_overlaps_official_test
data/raw/nickparvar_v2/Training/notumor/Tr-no_788.jpg,notumor,0,train,400,442,e16a2a24b2764e4719eb40895cd29937f5d5efca5a2fe9f7c9bac3810ef21348,29a4f1cd84499ae98db70984ae96dd9a531be2b264091652e1eb7a8fcc541369,86c57a1f65383336,,1e91c8df4ded7515,,,,True,development_group_overlaps_official_test
data/raw/nickparvar_v2/Training/notumor/Tr-no_79.jpg,notumor,0,train,680,680,fe9912cb2a3bbf99e64c6674791db7c6d926d465387208ce20f2b4b87efd6d7c,f0c41ab6acd10f099ad7423f41e8df4eb41d31b0a45b76ff5933af4b304e9a0d,c3c06d0b276f3c2d,,96ad91afc7696524,,,,True,development_group_overlaps_official_test
data/raw/nickparvar_v2/Training/notumor/Tr-no_791.jpg,notumor,0,train,227,262,b40c80842358663ba771d188038e44454bf6fcb5654ba953a6a2b946f9c65c3f,86d23a503e5379ed7de713825f6b01066a79e8c31bae7c978ca852d99078772c,c17b2ef03d653c84,,ad527884c16aa365,,,,True,development_group_overlaps_official_test
data/raw/nickparvar_v2/Training/notumor/Tr-no_792.jpg,notumor,0,train,232,217,12079534e32d05977f0bc45e10348492e4e3d84f8056631b725140af7795544d,cdbc4bb7c163eef116644feccd71fb81f49342c8ba43463647ddb52a3737fc30,c39c3ce13067e336,,c38e6becf4f22583,,,,True,development_group_overlaps_official_test
data/raw/nickparvar_v2/Training/notumor/Tr-no_793.jpg,notumor,0,train,194,259,8c62230cc10cac39b064259eb489eb8ef4b9789ce95b13f13aa0e7ee959a3fdf,c32c639ab34a2177810bd651c6b98590bbf7803ad71726476400ee64cf94dbbf,d7cc2ee7681d2831,,f0e6367bf30b8a98,,,,True,development_group_overlaps_official_test
data/raw/nickparvar_v2/Training/notumor/Tr-no_794.jpg,notumor,0,train,630,630,78c0ff19b71d9c8bef0458fe599f6dd7e7f452b257988b19a36852e160c5ecf5,16be3fee791d39f62c720ad5e75e1fb1aff404b900de2c6dea77a48824f6f072,c5903e6f393861e6,,ff1d29f66632fe2c,,,,True,development_group_overlaps_official_test
data/raw/nickparvar_v2/Training/notumor/Tr-no_797.jpg,notumor,0,train,630,630,473ca73a3383ab0c3be65edf0afd0d24739cf53086fea2236221a84161ce13b3,2ddd9ca6492b63831ce4a2cc07fa27a3e031c8aa4f916c3096f219f6b54d7215,c5903a6f393865e6,,ff1d29f66632fe2c,,,,True,development_group_overlaps_official_test
data/raw/nickparvar_v2/Training/notumor/Tr-no_798.jpg,notumor,0,train,442,442,da242ce7b5523961d341ba274f4e87382e856a8223aa0e4793000ae2c8b4ed40,b67911d5c1a3bff014efb3a6a38625ec86f5bebf186d90d1f15df9d5c81d3bb0,933e69e164c3348f,,cb799d998c0a2650,,,,True,development_group_overlaps_official_test
data/raw/nickparvar_v2/Training/notumor/Tr-no_799.jpg,notumor,0,train,630,630,1d9c9f0e06ea80897c95d816c7ea55f6e217781de993759da522afe11f60ad68,402ceb4bc1ad0cbefa009f12671b67980933f4931f66e87ce87fd32aa1f94333,96c76a8e693e341c,,9e6e6e0a0f1cab97,,,,True,development_group_overlaps_official_test
data/raw/nickparvar_v2/Training/notumor/Tr-no_8.jpg,notumor,0,train,850,872,e3ea07d69e4b3242a2bc56046a2c9547c6e15d8169d3bdad7d4f8f9baf2a2442,f795eceeac4de85a69a674fa6d566e78a4341e590c5c24f046f5f28a98067708,904b7b156d4eb46c,,6c4f3b8b29764f59,,,,True,exact_duplicate_of:data/raw/nickparvar_v2/Training/notumor/Tr-no_315.jpg
data/raw/nickparvar_v2/Training/notumor/Tr-no_80.jpg,notumor,0,train,504,540,d144a1a4272ccd429089664ca8e772afc3864714b2105f2cddfbdc88e5e8d59e,8bb71193e7a3654b4889a4c4bbcb188410e5c7eb5bb5641d3d1837a096436d08,9693787e613465cc,,774c2839eea4ab43,,,,True,development_group_overlaps_official_test
data/raw/nickparvar_v2/Training/notumor/Tr-no_801.jpg,notumor,0,train,225,225,798324f97dd137055c18a0c703ef9380a9046ee6d5cb46d8c5a571d2dca8b29f,334f64c29aebb26dac9fe46dffad820442e1f23503b57abc1e14c418b5091e42,927a6ca569c625cd,,5ebd8617715e43c9,,,,True,development_group_overlaps_official_test
data/raw/nickparvar_v2/Training/notumor/Tr-no_803.jpg,notumor,0,train,442,442,2c93d20ef3a295ac3553ad5bffe56076753ee2cb65f30e62022bd5c9ab32dfd4,7b4d62229e6fe8120ce4f70db53eca42fdbe889456db867c1fd389cd9081c78b,c6693db43996619a,,514712069d2e827d,,,,True,development_group_overlaps_official_test
data/raw/nickparvar_v2/Training/notumor/Tr-no_804.jpg,notumor,0,train,225,225,0c7c551a0a247e33aa03901bcfa5a3cc63d72dab805d03ac6c7d7854decd640c,73c4f149bc054ca6148280eaa201c3720c4954aadd0b5dbf9dd70383c8a99d0a,c74f3cb870936169,,5bea05178dd1406b,,,,True,development_group_overlaps_official_test
data/raw/nickparvar_v2/Training/notumor/Tr-no_805.jpg,notumor,0,train,200,252,65012deda604e6f1461b2f55d0fd5d831b8e40bc4c98f291b1ba9edef231331a,672eb017f83829c85539e69d9fff74051b777b09244dccf963ae6db42f4173cf,91171ef97a962d41,,0625900b355a4ea6,,,,True,development_group_overlaps_official_test
data/raw/nickparvar_v2/Training/notumor/Tr-no_807.jpg,notumor,0,train,232,217,82272975b1bc03cc0b9a0816d6a2f9a8d1c3833fe4d359853aa4bcf19ddd1322,b512f8e1e0d4cffb67a4355bb6bacecda455a0250cdd07894bdcd87372f607c2,c3d02dcf346c3933,,df810e97d2900c71,,,,True,development_group_overlaps_official_test
data/raw/nickparvar_v2/Training/notumor/Tr-no_808.jpg,notumor,0,train,200,252,bce62a8ea2cf130bcf91de7c03c2c6e9c8e93d4f0b0fd07915dcc493a5af0b52,ebe57d1219dd05a217bee9a399fd7117e910003977fa824da2dc697ca4c436b8,84bc4a522f3c78eb,,2cf0b13427c049dd,,,,True,development_group_overlaps_official_test
data/raw/nickparvar_v2/Training/notumor/Tr-no_809.jpg,notumor,0,train,215,234,7eea0661786fe6467878af7385145e28c36462c18a4bf4388c99aebe85248792,462241a7bc3301f437e75583ba5039ddb111cfbc5fb419b0cc0bb3a7d880d0a4,d2e02f0b3dbc34b2,,8947fe5edcd3fcd2,,,,True,development_group_overlaps_official_test
data/raw/nickparvar_v2/Training/notumor/Tr-no_81.jpg,notumor,0,train,225,225,f932387c00c74ebaede60e0b5e0d79dbff6b944e066d510f4c95834f05050e3e,a427ed4d507e40ca636173c1bb5b2bd1abe98a803ea72bbba129231b6b409b79,9ccc6e3339986333,,88dfed22b0f16cf9,,,,True,exact_duplicate_of:data/raw/nickparvar_v2/Training/notumor/Tr-no_721.jpg
data/raw/nickparvar_v2/Training/notumor/Tr-no_810.jpg,notumor,0,train,442,442,84b2155377f2b5ec87d3988642b885d5b6249e7907486184ac311e15a8a599a9,dcd59a2be7a8955dc1bc9ebc49ebebe2273b741d9de08ae844fb2d6668462f93,870e3ee07899613f,,6d3ecf8e3476041e,,,,True,exact_duplicate_of:data/raw/nickparvar_v2/Training/notumor/Tr-no_1379.jpg
data/raw/nickparvar_v2/Training/notumor/Tr-no_811.jpg,notumor,0,train,428,417,5865295199900345459fc27f5627714da942a67d44d5005f43fb7d31d1f6889c,44ed34ae185b10d5de8e3c33251cecd803efa2140e7481df317bad10bfa10a7d,c23f0ef02f613cc3,,a5339d9f73caa0bf,,,,True,development_group_overlaps_official_test
data/raw/nickparvar_v2/Training/notumor/Tr-no_815.jpg,notumor,0,train,428,417,b1b3498c1f371d2edad9ddcd8ae37af2fa9768ca12e9b14412e31217cfc486fa,02fb723189882f7225525dd5f40d292b33177d70b61da974ccc8f4e31b5011a2,85b55e5a7a4a2969,,c3a156e571fe3891,,,,True,development_group_overlaps_official_test
data/raw/nickparvar_v2/Training/notumor/Tr-no_817.jpg,notumor,0,train,411,501,23a839738271bed355a592894783aaec5b225a7ea883e26b116b63a6edb819a1,dc562960b0a9503cc3307dcacd417fdf21de9e95ff6346eb440a628ccadaaf06,d45a0aab2f052f37,,0427b9d29236e6da,,,,True,exact_duplicate_of:data/raw/nickparvar_v2/Training/notumor/Tr-no_649.jpg
data/raw/nickparvar_v2/Training/notumor/Tr-no_818.jpg,notumor,0,train,225,225,9c0af8a60f4c1f8db7b4635e8a9394221f54b5af4a862bb7d3b3029958ef7709,e048bcb4dca953d704074ae2d4403be874ceb803c3b385da3f211618ea6e9011,c7673a9031c76559,,129578c72051bf82,,,,True,development_group_overlaps_official_test
data/raw/nickparvar_v2/Training/notumor/Tr-no_819.jpg,notumor,0,train,236,220,9a1a7d12c935c0029511710dba377c2d37ecf4924ec19c1644b6116b48c33610,93e592ba5a8eb23c9296170c14b83b20482152498d25d1612a21f9561b1cc119,95da5e3b4acc3898,,df274d0cac798981,,,,True,exact_duplicate_of:data/raw/nickparvar_v2/Training/notumor/Tr-no_1016.jpg
data/raw/nickparvar_v2/Training/notumor/Tr-no_82.jpg,notumor,0,train,225,225,a638ba6f81ce54a12698eeb5abda3ad60665ecb817d3d94ebeb5ffc73aff5a38,1f5b4a4e04e249c9b6b4df09401dcc67d442138e0f9a5415f1edc45c23548a23,c64f3ff078926129,,5bea05178dd1406b,,,,True,development_group_overlaps_official_test
data/raw/nickparvar_v2/Training/notumor/Tr-no_821.jpg,notumor,0,train,680,680,5e984e1fb53f99176d490aa0122a7ebe4f5421c3f1dfe2d0e865efe621b67884,bb1203842eb3b8d8f60088f3fbdbc76b7338ffb861b24246c187891a640b7524,866a38e57ac56987,,99eb71355da915e7,,,,True,development_group_overlaps_official_test
data/raw/nickparvar_v2/Training/notumor/Tr-no_823.jpg,notumor,0,train,225,225,80e8ad1c7729005d2b8472f9419d38c0bf6ed9906376bd44b0ac5a06cfe032cb,e6e142eb941428b48c75405499704166a00aaedba756da0a77a857492628cb49,c64b3b943157e159,,746d0dd3902c73e1,,,,True,development_group_overlaps_official_test
data/raw/nickparvar_v2/Training/notumor/Tr-no_825.jpg,notumor,0,train,468,444,1180fefcd5ba2a8f43c541c3158c3d6b3edb8309eab8dc9c61f109d10d5b5050,fbfc817d9d109686fdceb24a44bde3ac432df501c75da612473aac9c0f17ab7d,c22d2b343f703f70,,d63573e240b184d7,,,,True,exact_duplicate_of:data/raw/nickparvar_v2/Training/notumor/Tr-no_1330.jpg
data/raw/nickparvar_v2/Training/notumor/Tr-no_826.jpg,notumor,0,train,208,242,07066a9fbd5996b6a2db1f21ad2cb12f9c324e68619eaea954ea610b216b217f,3c8f5967d5ccb0e72976241e6aef10f2fcd48ee65de182dbc5e88db7bb4f5ffb,c6e11c047b4fcb87,,e7fd1afc736defa0,,,,True,development_group_overlaps_official_test
data/raw/nickparvar_v2/Training/notumor/Tr-no_827.jpg,notumor,0,train,150,198,998c2a4700692782dcac1615edfacd957299b9d32a58a5b38a3640913e0e2005,54da30f73d9c35d42b1c59f2901dd839e68c7c1433991aefb50e2190ee1c10f8,d7fd198012451bde,,9d97e8d24b549a45,,,,True,development_group_overlaps_official_test
data/raw/nickparvar_v2/Training/notumor/Tr-no_828.jpg,notumor,0,train,359,449,53121673ed6187260bc522e3b7e5f801f255ab0cfdfbc861849cd8f3f752fce8,dbcc50c5398d7f4fa27d8e569682fd335cd3c12a59aa97598c5839123f3ba67c,81681e276edb6987,,7b3cde42b411124a,,,,True,development_group_overlaps_official_test
data/raw/nickparvar_v2/Training/notumor/Tr-no_83.jpg,notumor,0,train,400,442,1b4a6568da8580f8bb597211cb2edc505efae4cfc9cabcd78eeea2a081fe6724,1336bfb5255c495cb6fee2d36cdb05b9777dd9957daccf7485164ed738b2ea7f,d3902f4e306d6667,,fa2a582d5565cd6d,,,,True,development_group_overlaps_official_test
data/raw/nickparvar_v2/Training/notumor/Tr-no_830.jpg,notumor,0,train,235,214,0cc3de7aa5dd5d7b3456f85f323f0049d6fbbc32a08d3bbc9c087145bc1d290b,2fb570aecc29d1eeae6abf1f408b35b1de89a1ebb726cd50de10be26d5e11815,85a17a1e799a365a,,4c2ff7d5ab952e0d,,,,True,development_group_overlaps_official_test
data/raw/nickparvar_v2/Training/notumor/Tr-no_831.jpg,notumor,0,train,785,848,2779f5d9e97ff8a2283e34ab88a7e6de22c561367944758e2796f427fd2dddd9,4001fe38958ecff9b409a985567e102a41445bbbd78acbf67ea95bdb5ec35d18,d1ca0f9d6e216d64,,eeb23d8ae4e11955,,,,True,exact_duplicate_of:data/raw/nickparvar_v2/Training/notumor/Tr-no_1288.jpg
data/raw/nickparvar_v2/Training/notumor/Tr-no_832.jpg,notumor,0,train,236,236,9e4d567cc1c9654db6c31518f61e6f3832fd18f2c07551468ab0becf30ccd345,06d514fc1415743976375809fd9487d9ed7f57077b9a65c58da271c864aa4e3c,942f7a606bfc6143,,95193e5ca219837c,,,,True,exact_duplicate_of:data/raw/nickparvar_v2/Testing/notumor/Te-no_121.jpg
data/raw/nickparvar_v2/Training/notumor/Tr-no_833.jpg,notumor,0,train,359,449,7586d1abc51137bd6659b59e83a38e9561fbe09cf300944459f4f08ccb56cae1,1be11d7d99cb8d595d2009c584f41afa2cd2d2cadd745c46d5df30310734f503,d4d24b8d2f713c19,,fcbc02f806528ecd,,,,True,development_group_overlaps_official_test
data/raw/nickparvar_v2/Training/notumor/Tr-no_834.jpg,notumor,0,train,512,512,543743f311ac7ede8d2814ef7f2173f3fa5bbbb6f60df490ad4654ed1d141d16,3413d0e0acf6a5c0b0da43116a4e482ec1bfc543e8aa77352c350c162a05861d,927a6ca569ca25cd,,5ebd8617715e43c9,,,,True,development_group_overlaps_official_test
data/raw/nickparvar_v2/Training/notumor/Tr-no_835.jpg,notumor,0,train,300,168,f2de2f425f3bb3992229478d49d3ca7e10d1a0a32f301d88c8e5b93873538e12,6b234d1c6a5bd7ee687bf2f3876bb94bad0fb74020dc9d67a906d0d29323782c,cf383cc33463d893,,00f3353d52538547,,,,True,development_group_overlaps_official_test
data/raw/nickparvar_v2/Training/notumor/Tr-no_836.jpg,notumor,0,train,192,192,d10c29554c3eccaeaeff28573a81c71ea09483c27b23ab67693d5e2c1eb8509d,57a806505292b759c9767b0cfc886f15d55ed76e021615fbf6fb642937352259,c24d3db6305932e7,,24a81fe76ad777a4,,,,True,development_group_overlaps_official_test
data/raw/nickparvar_v2/Training/notumor/Tr-no_837.jpg,notumor,0,train,276,326,763527a6a5d96c7c7777f109a2910dd11c3d9b8b94f1e59b21bc2a52226f756c,19896a81b15fd5fa936824d084efe082b98bdf0fa9516f05cfc5cd38e7bc8cd6,d44c63b70d493735,,5e36483137a51dc6,,,,True,development_group_overlaps_official_test
data/raw/nickparvar_v2/Training/notumor/Tr-no_838.jpg,notumor,0,train,228,221,07fcf1564f15ce96e1589d7186878ce55bec37950736fdb356d656ac1be21629,552498b50a1ade1ca46105be52a69c00a559a4638e6ef82083bc5ae217845374,9d856a9a69da2ccc,,de7d227b9c11ec91,,,,True,development_group_overlaps_official_test
data/raw/nickparvar_v2/Training/notumor/Tr-no_839.jpg,notumor,0,train,428,417,ac76ca3b933520e9519c3fa096e38e281e467ae4bda0412daa34cb966954ff68,27b779fdb178bef4a734a0d19c84df376a2bd3acf6eeb9a7dfc068531aa3bb4b,856a5aa57ab52996,,041f1507ed05be19,,,,True,exact_duplicate_of:data/raw/nickparvar_v2/Training/notumor/Tr-no_447.jpg
data/raw/nickparvar_v2/Training/notumor/Tr-no_84.jpg,notumor,0,train,150,198,fdd96cf03b0731b6850ae5ff76eccd951868d4d6a2b876ca531fa8ea7f22eab7,1c5667f74318db2998a4dae3f60552a70c78b4c0f0f5731e0a94b7c5b1b8c155,9702117f5afa5b21,,7f5fd70953bdb5de,,,,True,development_group_overlaps_official_test
data/raw/nickparvar_v2/Training/notumor/Tr-no_840.jpg,notumor,0,train,655,602,f9ab73351fe5dd8b0cac9d28282c9faff3f83bb3aad1a4fb2769c6e94cb25eb4,a28f0ad361dc979a2e77f8e23ab610a860865431a3127221db5c6c36a1eb82eb,954b1e790afe6918,,923728bb4d03801c,,,,True,exact_duplicate_of:data/raw/nickparvar_v2/Training/notumor/Tr-no_1374.jpg
data/raw/nickparvar_v2/Training/notumor/Tr-no_841.jpg,notumor,0,train,359,449,b682b55de2a394378cc68109a8648cb47b7f75fa012fee27245814f74d9dd33d,e2dac31582a8e375d738dfafe277e9bd48a6f7a3cb54dacd26d2388a22599bf0,91971ed87e24695c,,e82889fc69ca47a3,,,,True,development_group_overlaps_official_test
data/raw/nickparvar_v2/Training/notumor/Tr-no_842.jpg,notumor,0,train,196,257,9e33acc45971a6b56813bb3e155e49741aa84de6d4f2f8c7f37f77a181077447,847691ef196f6dba7eac8cc2146cce21824e4aa7681c8ec59cb6e3dfa0f8f293,94914ade2f6a3c2d,,4d659ff31265a98a,,,,True,development_group_overlaps_official_test
data/raw/nickparvar_v2/Training/notumor/Tr-no_843.jpg,notumor,0,train,236,236,413708f4f5a9e003997c5c966035431a1bd741b16cde99a42ca6155cccf8f17d,d0bce9e0452599f9cba5b8fea6798cb74882612154cc0b564b65c5cff2bc4faa,d11b2e7839e63199,,2e593ba3dd3cab4d,,,,True,exact_duplicate_of:data/raw/nickparvar_v2/Training/notumor/Tr-no_750.jpg
data/raw/nickparvar_v2/Training/notumor/Tr-no_845.jpg,notumor,0,train,228,221,1951d119c665308d6d1a1cbd3111392edca066f806f9f5e97ce65a4ab777ac28,6740672c64d254a35997873b1cdf129275647d05ff0c8bffd600ab48bbc12b6b,c2d02d0f746c1cfd,,11e164e39e5d1518,,,,True,development_group_overlaps_official_test
data/raw/nickparvar_v2/Training/notumor/Tr-no_846.jpg,notumor,0,train,235,261,1cc081e753d825a7a043b7968fa48c166d3518426790468025d6674794791327,86ef17af9477027fc158a9d57765aae73f7424bd8fe5aa80ec42b5306b1abc0f,911e4e381bf53c74,,5375e6cf4d59a199,,,,True,exact_duplicate_of:data/raw/nickparvar_v2/Training/notumor/Tr-no_292.jpg
data/raw/nickparvar_v2/Training/notumor/Tr-no_847.jpg,notumor,0,train,225,225,7fee25502789cdb5539576d02fe3aa3ee9789559ded65b8fc7d67606d69f7ff0,b44fdcc8f1858472a05dfca375005c1c480b133f2bde0b0f6f670b1eb745dc7b,927a6aa568c721cf,,a95ddf86f86f8b9e,,,,True,development_group_overlaps_official_test
data/raw/nickparvar_v2/Training/notumor/Tr-no_848.jpg,notumor,0,train,201,251,fbaa8d065f778f2b7e1b7723351fcbd2347756bc00a0c7b5860906bcb8af68cd,1c2ea38b753b0b04779d988638804ea6cc46136de755135718857c24a91be5c0,92a27d1557479696,,ff9810258642299e,,,,True,development_group_overlaps_official_test
data/raw/nickparvar_v2/Training/notumor/Tr-no_85.jpg,notumor,0,train,468,444,216144235f80341092abdc4fd447133b0981352ced3a46f0edc78ba423031585,f99915948a54324d45ffaec36d9c5df4899778c43c6ddd0473d511790648697c,97787a616a356a25,,adad72855c74ddca,,,,True,development_group_overlaps_official_test
data/raw/nickparvar_v2/Training/notumor/Tr-no_850.jpg,notumor,0,train,339,340,f96479a07b08255511c3e4df39eebb87ea3d6bc41c0b6a5ddb6f29462a6d22c9,7cc79642094f52d44f2615bf8bcc34044bab4a4fdbe6afdf56c7a8d81fc9847c,8e7f29e7248274aa,,97b704336430c493,,,,True,development_group_overlaps_official_test
data/raw/nickparvar_v2/Training/notumor/Tr-no_851.jpg,notumor,0,train,200,252,53440686dc5d33a9b5f0d3a63e70b3e6310766078ed4693bca3ad3fa1e444b86,d5e9a6dec1974f4d210b5c1d14256e59bf9fb9ef4cfa785cca3e88f5b9980211,d7a548124f0a7f1b,,90ac2fed75e82d88,,,,True,development_group_overlaps_official_test
data/raw/nickparvar_v2/Training/notumor/Tr-no_852.jpg,notumor,0,train,227,222,efb3c3916e81dfe696832d0a8f8192b95b150930e856582ab241e04897c30098,9a2070eb7509f4d189597c1799072595046090d5508b32dfa04c4bf5d49dd6a4,85955f5a7a4a2969,,c3a156e571fe3891,,,,True,development_group_overlaps_official_test
data/raw/nickparvar_v2/Training/notumor/Tr-no_854.jpg,notumor,0,train,236,269,25dbc9664f03a7af82b74aec6c5497cd94dc5f6f639907656725d0ac88cfd111,c41abcca0f7be47931a09db01b183525f88d3ab20a0512c3dc9e3246096809d5,c00f3b202f9bb16f,,37b7af2cb0226dc3,,,,True,exact_duplicate_of:data/raw/nickparvar_v2/Training/notumor/Tr-no_1154.jpg
data/raw/nickparvar_v2/Training/notumor/Tr-no_855.jpg,notumor,0,train,201,251,d8723069d6425a30345f16d9aba46c4205ba21532cc55ef038bf947264550903,9e59091eeeee7b389dcd6b703cb557ea977368ac5572255b76610cc3cb01eee1,d70a28bf02edc33c,,d96545d8f2010d02,,,,True,development_group_overlaps_official_test
data/raw/nickparvar_v2/Training/notumor/Tr-no_859.jpg,notumor,0,train,512,512,36f99ff27130d024d8519002146f1bcfa1412717beee43f017d52711fd5b7a06,18d95a7a0b55a1b7157807b5c3ad3d518ab7e1d75e872e91eb680cc8b4da113f,927a6ca568ca65cd,,5ebd8617715e43c9,,,,True,development_group_overlaps_official_test
data/raw/nickparvar_v2/Training/notumor/Tr-no_863.jpg,notumor,0,train,785,848,2779f5d9e97ff8a2283e34ab88a7e6de22c561367944758e2796f427fd2dddd9,4001fe38958ecff9b409a985567e102a41445bbbd78acbf67ea95bdb5ec35d18,d1ca0f9d6e216d64,,eeb23d8ae4e11955,,,,True,exact_duplicate_of:data/raw/nickparvar_v2/Training/notumor/Tr-no_1288.jpg
data/raw/nickparvar_v2/Training/notumor/Tr-no_864.jpg,notumor,0,train,225,225,d22f76ae6780bc947ddeb36446b3bb97bfcc5ada33b8db69753949c9d214111a,6020e01b2ce12d0b6adf23d08c6953a8779fe9e11aa2c1caa93c1990bfcd8d4d,970e3ee06899613f,,6d3ecf8e3476041e,,,,True,exact_duplicate_of:data/raw/nickparvar_v2/Training/notumor/Tr-no_1063.jpg
data/raw/nickparvar_v2/Training/notumor/Tr-no_866.jpg,notumor,0,train,267,328,b19b70050792743117c0ca8237e721b433a3d76b7cd1ae7e2bfaa50f73985957,e087b495fdef5c89c0375442d27fdc85caae33b0c8a0504cbfafb976e275fd4f,852c5af06697799a,,a223aa48ee322104,,,,True,exact_duplicate_of:data/raw/nickparvar_v2/Training/notumor/Tr-no_455.jpg
data/raw/nickparvar_v2/Training/notumor/Tr-no_867.jpg,notumor,0,train,228,221,93171133cad17dcc6a31c80aca685a9a5ffec083cbddcb3be5242547a19b3962,21425c0752031393a6410d414c913ee05eda6e68fb5e4bef040ff9096f6fb35e,c22f2df074931cda,,c8913f2b6ffa2b0d,,,,True,development_group_overlaps_official_test
data/raw/nickparvar_v2/Training/notumor/Tr-no_868.jpg,notumor,0,train,225,225,e7104cf03a0918840f020ffd6e728312e799235b0b9af04ecdcf4200b669e39b,d363b29a582dbeae0546d85f98d9d34ae4b19afdc35599cd22e3f239628f0576,93e16e3e64a8a4e3,,e7a10c1e539dd946,,,,True,development_group_overlaps_official_test
data/raw/nickparvar_v2/Training/notumor/Tr-no_869.jpg,notumor,0,train,225,225,d75c64e2da04dc6edb5c01f202e5359afa35f31efd067c873231b6de59dcd0fc,b5db2d8bcd294429483c770a2dbe5e80e4a0ae56aaa9f7ca1ac48d95d71fcbb7,93e16e3a648db4c3,,7a5adcb82259d3b4,,,,True,development_group_overlaps_official_test
data/raw/nickparvar_v2/Training/notumor/Tr-no_87.jpg,notumor,0,train,350,393,9a858533a6d8ca133d2c6d83a8ae92115d1df82a57d88b8a57c77e3b145d38d7,1b9c826e72636c83b489259d22ed550b74a7360bda6ca9283151e3c08e72a17a,d03c0f503be364d7,,a1ab6a07bb308d37,,,,True,development_group_overlaps_official_test
data/raw/nickparvar_v2/Training/notumor/Tr-no_870.jpg,notumor,0,train,630,630,04d198008786b8d2c347edd4d2f4273cbcebbe7085a1837c6cb91db5a0219e23,4ccd2cfd4f2749964e4863e0e137937f2e9e5e7956813b1bbbd875af5c951b56,c74f3db070936169,,5bea05178dd1406b,,,,True,development_group_overlaps_official_test
data/raw/nickparvar_v2/Training/notumor/Tr-no_873.jpg,notumor,0,train,359,449,a85697f68f9915cb255d94d8fd874b23aaebf2ef6f89eef06521cc9a16af32d7,2fae0e2763dfbc0d9adff72fe35e35908f790cd9475dcc571dbbb1031d6e2266,91971ed87a24697c,,e82889fc69ca47a3,,,,True,development_group_overlaps_official_test
data/raw/nickparvar_v2/Training/notumor/Tr-no_874.jpg,notumor,0,train,232,217,708374fafe25fe9ac4a30a9007674ebe32c6eaae7e07aaa91eab26b5cd6ba259,8573e6cd8e0a7dc23b0c5ec72f06635dcbf875669b96eb0bd35034a792f683eb,96cb68b56132b663,,40f7edda8616b619,,,,True,development_group_overlaps_official_test
data/raw/nickparvar_v2/Training/notumor/Tr-no_875.jpg,notumor,0,train,468,444,cfadafdd993e776771e13f5e398f295c662fdce13df92524fadc4c28c0a95a4a,05260ae52654f29fc0f87f3dd989ec443b0031dd5ba910a31abd5258ab930757,97787e616a256a25,,adad72855c74ddca,,,,True,development_group_overlaps_official_test
data/raw/nickparvar_v2/Training/notumor/Tr-no_876.jpg,notumor,0,train,630,630,c0811ba93dc812d4aefab3efcc7539791ee64b31f37e3b5f7964d92867664e93,b4762a71d54d5f45d11556d2c452831d871b32522e639c44694bc8165cd2c371,96c76a8e693e341c,,9e6e6e0a0f1cab97,,,,True,development_group_overlaps_official_test
data/raw/nickparvar_v2/Training/notumor/Tr-no_878.jpg,notumor,0,train,232,217,684796fa57521bf38e64647b6b68ada66d4e8aeb30cafcfec67cb70b674b977d,01d1f9e8c1282cc12af210d900e992037ace7d0e5443fb1966d086663e41ca51,c33f2d70349319dc,,a714a07bb54d7e51,,,,True,development_group_overlaps_official_test
data/raw/nickparvar_v2/Training/notumor/Tr-no_88.jpg,notumor,0,train,201,251,e14c98975c713efa6057723a4d1b5c8fabe76bde9a82528ad61e8099b8fcd8d1,491b24e521d363db5170d1ab5b021283926fc2cb819d1f30cda3b6b3f105c198,825d75ea47b89269,,901a20e78e7f079f,,,,True,development_group_overlaps_official_test
data/raw/nickparvar_v2/Training/notumor/Tr-no_883.jpg,notumor,0,train,173,201,f51d0fd545e66208eab8dd175f613462addcfb0d5dbdb6d493aedb8fa8cc11b6,d66007a50ce88d99edf0b4ffb8185396d20c75b373e822a17ffd1a26b03d4308,94166bed2fd02d4a,,b58df48a2adbbfc1,,,,True,development_group_overlaps_official_test
data/raw/nickparvar_v2/Training/notumor/Tr-no_885.jpg,notumor,0,train,150,198,1c3e63f75925d079060da9dcad74463d1ef6f7c4055fb0ff2d4daa2001711425,4516d031566a1e7aa47884bc88fd3e32033442db92302b9091e01c0132d779c0,9712197f12fa1b25,,7f5fd70953bdb5de,,,,True,development_group_overlaps_official_test
data/raw/nickparvar_v2/Training/notumor/Tr-no_886.jpg,notumor,0,train,225,225,0e21af3f99c0db75a5552eaacb6237f11240d5b32eb92db648971477f49c6e3b,a8aa54f3d4c962c7b7917d6c620f5eace2a02e1a1c0737229dfaef33c8b7f267,c26f2f3039327c33,,e1389056eee95631,,,,True,development_group_overlaps_official_test
data/raw/nickparvar_v2/Training/notumor/Tr-no_888.jpg,notumor,0,train,420,280,a0cb6052d255d5932ea2df3aba1f86071f28cba129fa567b96b346977f85e43d,cce5f3f95f883afdbcdc953c024b721396e8323f044b81d0927dd87f8fde408a,ce93384934cd6766,,50b205f2d3dbc676,,,,True,development_group_overlaps_official_test
data/raw/nickparvar_v2/Training/notumor/Tr-no_889.jpg,notumor,0,train,206,244,fa0c1c4fb6eabf57c61ae1afd2f24efd5aa69d47a6df7d468579cdee91a86c8a,40b9d4ff72ce49e9a8836e9fb38ca00ccc019f41ed0fc2b7815b85014ede5e1d,95625bec3a846a9e,,b2e5bfc61f2e70f2,,,,True,exact_duplicate_of:data/raw/nickparvar_v2/Training/notumor/Tr-no_1346.jpg
data/raw/nickparvar_v2/Training/notumor/Tr-no_89.jpg,notumor,0,train,173,201,0bddde2da4588961ac9a1b5a8dd73496c7dbac62a6b56cebd0e04ac7d0e56788,4663553d91a1269a1d60cb36686dd25d2f7bccebcf3fd1c640a497196896bbcd,c1bc3e477a7878a0,,5168ecfca4b59877,,,,True,development_group_overlaps_official_test
data/raw/nickparvar_v2/Training/notumor/Tr-no_890.jpg,notumor,0,train,225,225,9e3ef8b3dacc3d4f92b27370f8ecced01626827073e4e4bd44f8970884f5c791,2243212a3c33354decf5397d416fa13fbf5f4ee6e080b2ece6cbbd484440ba27,973a78656e272926,,ceb06ba06804340a,,,,True,development_group_overlaps_official_test
data/raw/nickparvar_v2/Training/notumor/Tr-no_891.jpg,notumor,0,train,235,214,c187507616186b4a2e341158a41f000310d2665e522ae2cc7412fc8c0ec2b61b,f817904dc58179af849ed9b0b8cd21f43ece28d4d5b62049561033d7f0577918,85a17a1e7b9a3c4a,,4c2ff7d5ab952e0d,,,,True,development_group_overlaps_official_test
data/raw/nickparvar_v2/Training/notumor/Tr-no_892.jpg,notumor,0,train,227,222,ce6093596321b795e9c3eaeddba59cf700e766b11731592c4d9389383b5598ad,8a02dc9d3bc3df95104690448c4dcd310573028ea2c721659a1cba252b2c8016,d03f0ef02fe03cc3,,a5339d9f73caa0bf,,,,True,development_group_overlaps_official_test
data/raw/nickparvar_v2/Training/notumor/Tr-no_893.jpg,notumor,0,train,680,680,59870eaca7eb7777eec53f8d67aabfd31b287723dff1753991fcf05e9e341652,deb97be1541ed54f2ed3d07de3c5f4e60c2b8f7a9cea693023b35ab8159b9736,966a39e562c56987,,99eb71355da915e7,,,,True,development_group_overlaps_official_test
data/raw/nickparvar_v2/Training/notumor/Tr-no_896.jpg,notumor,0,train,194,259,410e3ae47ad56ed269b81be74e42519dfaba661fd9429449b21dc0d505533bb9,a3e731664b12307a66ed579c60132e18ba4d5428934145fbfc76fef345e58f55,82997bb23d487d64,,b959525c65b90d17,,,,True,development_group_overlaps_official_test
data/raw/nickparvar_v2/Training/notumor/Tr-no_898.jpg,notumor,0,train,177,197,764714ba40505a6169dc1eabab98eab43a03a74f77c1e5d80f3494510b3538f4,4cb9a42a15e8b877ca8cfe4726083d72d0e19f569237304d65f6e5d1c62fb027,963939b66949658e,,b38d7f4445ba05d0,,,,True,development_group_overlaps_official_test
data/raw/nickparvar_v2/Training/notumor/Tr-no_902.jpg,notumor,0,train,201,250,6c634cc4ac61fe526e6dbec903195ac33e498cf60906e1f6e143a588796bc636,a614a524791a5cfb18e67c47fd2f5a56af1ff0948cb2717c583571a05ef9b443,81a41f477e6e683a,,71b577651d7c31a9,,,,True,development_group_overlaps_official_test
data/raw/nickparvar_v2/Training/notumor/Tr-no_903.jpg,notumor,0,train,150,198,8c8a599794a2d0c950d35630524037ff3411d4741086084b9c6e3152cd401ff0,79a5382000d51ec6f90594f8a48f7edbc357e221b3c37b5edd4d6336a9a0afd0,c6b84cd547105f8f,,db4591e4c126e741,,,,True,development_group_overlaps_official_test
data/raw/nickparvar_v2/Training/notumor/Tr-no_904.jpg,notumor,0,train,275,183,a1d40d38cf6cfaaa95406c9f404b6dfc0f784e3e3eae1cde503c6e5b30ebcb0e,a1bff2c62cc98dadcc1bc821f58a2ddebc373c0661532302813c44232d7a8b26,ce6c38b634326799,,8ea48ab8c3189875,,,,True,development_group_overlaps_official_test
data/raw/nickparvar_v2/Training/notumor/Tr-no_906.jpg,notumor,0,train,332,442,3fcd47df13022dff9310847e66344a301655fc62a565598336433f9c098e5074,cfce245d54fa34ce3739ffaed585b5ea090a698e55a755bf33e97d03975e7044,d15a1aa53f832d56,,24a116c5ee4d039f,,,,True,exact_duplicate_of:data/raw/nickparvar_v2/Training/notumor/Tr-no_58.jpg
data/raw/nickparvar_v2/Training/notumor/Tr-no_909.jpg,notumor,0,train,680,680,a4ed4586d703009da60b5a21b1202e9b828cf9e49bb29ccf38deb34756ce035e,dcce49035fc0e1809feec189390b2241aad3b3a42241578e6409b6eb4821b3a2,c32f6db02f903cd2,,dc4ac19412c7b109,,,,True,development_group_overlaps_official_test
data/raw/nickparvar_v2/Training/notumor/Tr-no_910.jpg,notumor,0,train,225,225,7bc71c9c82e90be7aabf30fef051d022f3e6311ff563e26b109cee89ad971d85,15328ebcb7f5a8d28707ff899155299f7bdc659847b609839c7f9db9b7f45e00,c3693cb630c3a69b,,96a446732be26090,,,,True,development_group_overlaps_official_test
data/raw/nickparvar_v2/Training/notumor/Tr-no_911.jpg,notumor,0,train,236,236,a3b52d8a675f4344381842cea58e6966d3a9bd4fff0e77685c0656b1838cce9e,0bb970ab14f876a33bdbee2168a5f44e3f191321899eb0b80bbd74496b27c12b,91e41f915ec618de,,5911299e4dcd4270,,,,True,exact_duplicate_of:data/raw/nickparvar_v2/Training/notumor/Tr-no_1274.jpg
data/raw/nickparvar_v2/Training/notumor/Tr-no_914.jpg,notumor,0,train,201,250,e130cfc24e95713dda3b1d5df0143d1a50a63e68c0e915f64d2a83a65a8e7524,8937559db2e1ad7aecb18e5bc25db1f82d40f9815e772e41202492a15eb77c51,d50e4aed2fc43d90,,9569f54a939aa335,,,,True,development_group_overlaps_official_test
data/raw/nickparvar_v2/Training/notumor/Tr-no_916.jpg,notumor,0,train,512,512,ee17905768c01705c6abcc330d664f063c5ceada4e3ea6722be796cc9bc9986f,dac01bc44326c034df09ed3511c038bd0350b46dc85efa68eda1e6cae8c5c65e,967a6ea568c3218f,,a95ddf86f86f8b9e,,,,True,exact_duplicate_of:data/raw/nickparvar_v2/Training/notumor/Tr-no_304.jpg
data/raw/nickparvar_v2/Training/notumor/Tr-no_918.jpg,notumor,0,train,605,613,303c5c415fc8be331907a13c78d499fa000f24788fab65f7c9171c448978b09f,8ca856ac43d4d6bf6a323bf51c4d9b59ecca46ad04cc2e8bcab898a802f1d5f4,974a7e2178b53865,,37340f2fe61db68c,,,,True,exact_duplicate_of:data/raw/nickparvar_v2/Training/notumor/Tr-no_880.jpg
data/raw/nickparvar_v2/Training/notumor/Tr-no_92.jpg,notumor,0,train,336,380,7adb02dafa127d16b635a76df10314f68ded12fa7a20457e4d666d2873a2130f,9490e13e6df2b68d6820d61c4370bbeae6c9caf91eb4a637ca2b28f43f81e917,d44a2b656fb42d92,,76108c943bcad52b,,,,True,exact_duplicate_of:data/raw/nickparvar_v2/Training/notumor/Tr-no_518.jpg
data/raw/nickparvar_v2/Training/notumor/Tr-no_920.jpg,notumor,0,train,227,300,d62ef020a79e42be55f4a6977457753c11364c69c1a842aab749f45b910a348f,c6556858206d50451959a97b751681e8ca6612f5b88ae88238ab5ffd01764e8d,926e6cb72fc07185,,44f8adfe75fe8244,,,,True,exact_duplicate_of:data/raw/nickparvar_v2/Training/notumor/Tr-no_486.jpg
data/raw/nickparvar_v2/Training/notumor/Tr-no_921.jpg,notumor,0,train,442,454,59fb3e772b92db63f473d2a2678efa29bb3ea681a1d7f8650127f03fc74ded3c,f6d9662a8a1c3055ea1a9efdbb2bd376dcf8b7dcdb0d24da03ebf4d009ac3c53,969e78c9611e6764,,7927a808f4aaaefe,,,,True,development_group_overlaps_official_test
data/raw/nickparvar_v2/Training/notumor/Tr-no_922.jpg,notumor,0,train,218,231,a73f738967070b5a96649b06a87ec7557fa62617775b0c3c16a68dfce74bfa04,02dcf47440e5fa83dcd4842a0f92ba6d077329fee852136200a78d4a50a85476,d16b0f253f943cb0,,3c6f657a82c27d6d,,,,True,development_group_overlaps_official_test
data/raw/nickparvar_v2/Training/notumor/Tr-no_923.jpg,notumor,0,train,225,225,7ee836b109f2c2c06227d2a76c839e8cb12031490f8aba49ebc97d42f6a96b0b,9ae69e2b5b0607b8d8d259046cb7d271a5aba1ab8d2ace35b9ffcfc584df728d,951e3ee06893613f,,6d3ecf8e3476041e,,,,True,development_group_overlaps_official_test
data/raw/nickparvar_v2/Training/notumor/Tr-no_924.jpg,notumor,0,train,225,225,531e6649cb61bc0642c26701799dad7ef2551fa122e88218106c52a30204f4a8,ac55e89ecc60972361f29cfac10d03c2f96350c5ae2f3e694991a175342bcedd,c7d0390f3c747067,,7b36e0df75d19072,,,,True,development_group_overlaps_official_test
data/raw/nickparvar_v2/Training/notumor/Tr-no_926.jpg,notumor,0,train,225,225,d2ccd37df0f04d84305b75efcb278e75be720bb3b3d463610e8a86ffb72a85eb,9f32f2d8287400841a5ee29381ddedecaa3bfd99205d9dbf45c83752bc98fd79,973878656ee72126,,ceb06ba06804340a,,,,True,development_group_overlaps_official_test
data/raw/nickparvar_v2/Training/notumor/Tr-no_928.jpg,notumor,0,train,227,262,8f4ef79856f1fc0a9cb81ee959c78c85df8d9c7b37a1f290f453a5f8c84f123e,f30e546d8b79ae707e128290f5a94b051a2819196237e3749a45ed764588cd48,94917b5a68cf612e,,b28ca91d20dd3a7c,,,,True,development_group_overlaps_official_test
data/raw/nickparvar_v2/Training/notumor/Tr-no_929.jpg,notumor,0,train,235,214,3f3bddf1bfd9c18fada07d9a90325f3b238bc2249f27f9fc494c1d6cbfe5ae53,2575a761b34b7bfc1de3567a56691876e828bd8b6a9025f02bbcd3902dd481f1,d00b2fb52e346bf0,,42527c1db0bef710,,,,True,development_group_overlaps_official_test
data/raw/nickparvar_v2/Training/notumor/Tr-no_93.jpg,notumor,0,train,205,249,f312e388a4ef96442e3e21fbbfd789d5d5b0f66a7a5dc73a69fc0bfc59a8ab11,125dd91c6566e9b92dbc79d3a2a1d4598bdfe6c1ff31609895f7a3a1ed35c3cb,d552066b9f611e65,,5d9ddc9b275be86c,,,,True,exact_duplicate_of:data/raw/nickparvar_v2/Training/notumor/Tr-no_638.jpg
data/raw/nickparvar_v2/Training/notumor/Tr-no_930.jpg,notumor,0,train,236,260,9af05acd768793e89fc6776c3af838b0bf0747cfc3a3737e1cd3af44ea09c930,548c42f34f82adceeea8b689d4270de7cfd9dd115d67a49e0d3ed4f56d459cd8,963c68c331c7b798,,294ba402a4ec4ae0,,,,True,exact_duplicate_of:data/raw/nickparvar_v2/Training/notumor/Tr-no_698.jpg
data/raw/nickparvar_v2/Training/notumor/Tr-no_931.jpg,notumor,0,train,512,512,ca5a51914cad005d72af57fa6c9142fc9d650ca06ba23f3e839991c3fa4c8b36,6c30fe56253f3162e95dc01e10d6473c68cfb689738836e787267977d3715725,ce393dc6308d369a,,63d1a362837dd374,,,,True,exact_duplicate_of:data/raw/nickparvar_v2/Training/notumor/Tr-no_1140.jpg
data/raw/nickparvar_v2/Training/notumor/Tr-no_932.jpg,notumor,0,train,276,326,55a5c27e341608b7608d0fae31ea7a3db7eb111f99fed274c9cf0d6b081fa973,88e822ecd91d14b3af73fc70a92d5b433c859265dadbfdda162ea993875a27fe,81e2161d59e3669f,,06d88a845c035dce,,,,True,development_group_overlaps_official_test
data/raw/nickparvar_v2/Training/notumor/Tr-no_935.jpg,notumor,0,train,850,872,e3ea07d69e4b3242a2bc56046a2c9547c6e15d8169d3bdad7d4f8f9baf2a2442,f795eceeac4de85a69a674fa6d566e78a4341e590c5c24f046f5f28a98067708,904b7b156d4eb46c,,6c4f3b8b29764f59,,,,True,exact_duplicate_of:data/raw/nickparvar_v2/Training/notumor/Tr-no_315.jpg
data/raw/nickparvar_v2/Training/notumor/Tr-no_936.jpg,notumor,0,train,630,630,6e19d56c4541641458145227f5d6ce8970d34f5555df32b06a041401bcb90838,d7684755d4f01a4269a6062007f18d6c0748c3cb5ab1ccfaa6d714eb01e0fe94,907a6fc56d92344d,,ab5fcf22d369291a,,,,True,development_group_overlaps_official_test
data/raw/nickparvar_v2/Training/notumor/Tr-no_937.jpg,notumor,0,train,208,242,2e8f3621ffd3aca8f681bea21f60c6af8958877fc6dcee69e02b5df94e114b36,58cbcf704fb7c1ac67555316e101e53b36d2dd0351ead2f7e735d34648f793e7,97b449512e1e9ed2,,fa553cf3909d87b9,,,,True,development_group_overlaps_official_test
data/raw/nickparvar_v2/Training/notumor/Tr-no_938.jpg,notumor,0,train,225,225,4aa6ed6c6badda46f69ad31fa48b99534fd40a155bb0025229ec3671d1481a8c,f0d1e598f5825dfe51cf6451519c59daf0a9843cab2c905175e8a31077070d8c,c7b03e0f786c61d2,,a8102006ae63c646,,,,True,development_group_overlaps_official_test
data/raw/nickparvar_v2/Training/notumor/Tr-no_939.jpg,notumor,0,train,356,474,a95b8b97b1987417234f09cf286460225e2f7b6b5ed1b9de00435a16e4947b93,951e3f6182b60f7d3caa52c60ccdf7f945c7a71a7c8ddbb46cd6b687949185fd,d3853b193c92b569,,e12b94ffa1615b8f,,,,True,development_group_overlaps_official_test
data/raw/nickparvar_v2/Training/notumor/Tr-no_942.jpg,notumor,0,train,194,259,60a26980077fb81c2b22a7a836a45a929a2e7e2768568d8f3c492fc7abef78e5,bee42917de9013bb747e5e2b82ac7900474326e6f9b272d703ab77021094f5c0,82467b0d3d337599,,a6fa8444a49399f4,,,,True,development_group_overlaps_official_test
data/raw/nickparvar_v2/Training/notumor/Tr-no_943.jpg,notumor,0,train,214,236,289666d15eefec218618c28416b4d944ce4f993c0ff407daa16c37c43dc36e84,de1852b0d54a51e91f3e3ae341a161c4d0e7c4b981c79911026b99d6cc628588,80955f9c3e4e7962,,7371b197f832b438,,,,True,development_group_overlaps_official_test
data/raw/nickparvar_v2/Training/notumor/Tr-no_946.jpg,notumor,0,train,236,236,fb9efc392533bc8dbbc3d107a43a31b16d512b881955e4a9c37592305dbe58da,7c439ca570333809736607ce534311f8cf9a251b86b315415646307d3f8676a1,c29b2f703c6330cf,,350af77afc14d392,,,,True,exact_duplicate_of:data/raw/nickparvar_v2/Training/notumor/Tr-no_813.jpg
data/raw/nickparvar_v2/Training/notumor/Tr-no_947.jpg,notumor,0,train,218,231,5f6bdd7669245dd73ea4024663fa2240a13ba3bfc812c6442a23d9067aa96d8d,970a768351f959e66023d30caae705bf819e8016e23179af0c22478d1956bed6,c36b2e253f942cb2,,3c6f657a82c27d6d,,,,True,development_group_overlaps_official_test
data/raw/nickparvar_v2/Training/notumor/Tr-no_948.jpg,notumor,0,train,227,222,ba0eb3efd6559c9ca78d043c9e7d29646f87eda93d6e0966b0b4e2edbb74f210,96b344060f6afc1c53ada850d422f1714ae2082b59f9781663667bd39f9cf4ce,c23f0ef02fe13cc2,,a5339d9f73caa0bf,,,,True,development_group_overlaps_official_test
data/raw/nickparvar_v2/Training/notumor/Tr-no_949.jpg,notumor,0,train,150,198,0729ee61cd7d09d2ec6ec054328331a5a76f30092cc882ca318532b20a024dc9,541274e97e79c0dd4bc9ba772caba08c979b452b145a8255b087a157e31eca1c,c2574c2a47af1e74,,0776e2fcdf0699b2,,,,True,development_group_overlaps_official_test
data/raw/nickparvar_v2/Training/notumor/Tr-no_950.jpg,notumor,0,train,225,225,5a3188e76509aef2e0668b515b6d88786e7f9e61aaf49f02f083e842ffbd4235,3d83e07550bf6ab75df7b7c13746c8c6d62a7dd91210f936d332f665ecc3cab6,931e6fc16457b41c,,20fc44a115061d2e,,,,True,development_group_overlaps_official_test
data/raw/nickparvar_v2/Training/notumor/Tr-no_951.jpg,notumor,0,train,442,442,59a2c84bbdc184158eda535ce9f97ece585bc385ea594f878394f8eff78efeca,32ee6226720705020abcb51628b18800e4540fb93bbffb1769aad916bf282278,933e69e164c3348f,,cb799d998c0a2650,,,,True,development_group_overlaps_official_test
data/raw/nickparvar_v2/Training/notumor/Tr-no_952.jpg,notumor,0,train,206,244,61f9ff0caf5f1a1a84743aec1ef38f6760e2d3feca81875c89cbbaefa31d2d23,091921acb9bb12fae5c75484fc5fc4b0368983279ee52522ce01af0e12cf12f4,c0350e996fd13ada,,85a3aa2e850dbeef,,,,True,development_group_overlaps_official_test
data/raw/nickparvar_v2/Training/notumor/Tr-no_953.jpg,notumor,0,train,215,234,2da4892ae42747cfdda846378af2e16282996d376d758a5700e8a2c297080a33,f01580c526a54f3e0a388d9f465dfccfefa87769529c1bb1dea40e0e2936cf22,d21b2ff43d43340d,,b2f7014771e01382,,,,True,development_group_overlaps_official_test
data/raw/nickparvar_v2/Training/notumor/Tr-no_954.jpg,notumor,0,train,206,244,55bbc9f7d883be81454a90632b3b241b57e8e073b407b88f8e472125be05fb1b,8c02d7c9d6ec46764250996863b63751f73855415d850b8bb0b3d1f3dd927af2,80370eb86fd13ccb,,85a3aa2e850dbeef,,,,True,development_group_overlaps_official_test
data/raw/nickparvar_v2/Training/notumor/Tr-no_955.jpg,notumor,0,train,220,275,6a028c0cf05b9ab47b44da36f2e934eaf2810f6c5fd00f98505a5925075d0256,3daf36450d4475f7ba2d1bb5d91e92a2be2cc0eafec92bba3f3bdc3204b67492,91973ed87a24695c,,e82889fc69ca47a3,,,,True,development_group_overlaps_official_test
data/raw/nickparvar_v2/Training/notumor/Tr-no_956.jpg,notumor,0,train,225,225,959ebfac7337756ed63684f218ab32f4181277e25990ae91accdc8f696cc4da1,143487c9cf2dfa5110bd52859a1f61275e559341d15da80d5831f11372340104,876a3e2178b768c6,,d529cd947d4f174d,,,,True,development_group_overlaps_official_test
data/raw/nickparvar_v2/Training/notumor/Tr-no_958.jpg,notumor,0,train,380,530,0a832deee2b11878df626c5873e48ec32f206016d3d5e0492d6b32fc929e6c2c,76932014a9b455d0b05e960ef9ea587b2e71bfed00850c2a1a7d1bdace88b8be,d14e6b95351b3433,,2862566ab0dfdfb1,,,,True,development_group_overlaps_official_test
data/raw/nickparvar_v2/Training/notumor/Tr-no_96.jpg,notumor,0,train,232,217,7b7215fe7c1ff69732f367c385a03875e532d020bfed81085759df47199c21b2,e007ab094e0a626cf6efd5813488a1df981ec219687cc4de9581f4f81305e477,9ec969b465329663,,40f7edda8616b619,,,,True,development_group_overlaps_official_test
data/raw/nickparvar_v2/Training/notumor/Tr-no_961.jpg,notumor,0,train,201,250,f61611c0a10bf84cce2213846a1b7454e9f9588e030bc8df7c20d3881aae85e3,9fd79b96fa975ada887c6388ef6dfc3261d8305d7fdcb12e87857389981faf3b,80a41f477a7e687a,,71b577651d7c31a9,,,,True,development_group_overlaps_official_test
data/raw/nickparvar_v2/Training/notumor/Tr-no_963.jpg,notumor,0,train,214,236,4984bb79a4b6f8bbe65f017c74fd7c1dce3f24d94cc9d33f92e22b441a0866ca,5003e6311891a71bc8f300bc2f573839094cb7eb615feb5533ada3a8df1310a5,d5c80ae56f892c37,,49bd80efdaad1a64,,,,True,exact_duplicate_of:data/raw/nickparvar_v2/Training/notumor/Tr-no_43.jpg
data/raw/nickparvar_v2/Training/notumor/Tr-no_964.jpg,notumor,0,train,206,244,36d2baee29de4e8dcea2bcbe2bdb22ce156cd2171a3f8f5437794b5d0f87d86e,43c772ec4c8f9717cbae5da92d3dbe495def0b82ea0adc9431bf00a945efa810,c0ca0e676f2e3a35,,f1b2e09ad9e53423,,,,True,development_group_overlaps_official_test
data/raw/nickparvar_v2/Training/notumor/Tr-no_966.jpg,notumor,0,train,230,282,813168d582c5f47c0207f97718ae4f75819aafd75bbc996f22b2f2bb0a269508,d0de4ba3e9d6eb7f346d33b929686e7387fe103aaf45e4869805d56b8b45e7f7,d43e6ae539c06593,,93fd8f25f6fec894,,,,True,development_group_overlaps_official_test
data/raw/nickparvar_v2/Training/notumor/Tr-no_967.jpg,notumor,0,train,562,592,7f04f0b6fd5821e19cf5a273a540df06a1f6bdcaa63bb235743e274fff825fbd,90cf4f3618eafd2438c60aec6a4b6948ef42a88f4a2af4dd990c32f8fda95c4d,865e7fa86e244a99,,f6ab176cb26a8c35,,,,True,exact_duplicate_of:data/raw/nickparvar_v2/Training/notumor/Tr-no_766.jpg
data/raw/nickparvar_v2/Training/notumor/Tr-no_968.jpg,notumor,0,train,550,664,27c9acaa0b75f4e86a4dfd8a1bdc1063e867598257e3b36365561a4c06ec37d7,c4ded43353a5fc5d162645ac1a911f6d996691e91c4f126918d78a08e2f40e4d,d2c82f0f3c7638e2,,9d5b40917e21b1be,,,,True,development_group_overlaps_official_test
data/raw/nickparvar_v2/Training/notumor/Tr-no_969.jpg,notumor,0,train,926,649,ca0417b4c4dc6ac92ebdeeb71231b1a60a16299d04b7735c1bf725aa0649d8c2,2f90e8a6207042e605f29174364a9c39538c0c46152d4aad3aff785eb1b65542,950f453b0ec77e30,,eefdfb413af5c35b,,,,True,exact_duplicate_of:data/raw/nickparvar_v2/Training/notumor/Tr-no_933.jpg
data/raw/nickparvar_v2/Training/notumor/Tr-no_970.jpg,notumor,0,train,236,236,848319fa803a07c09363808d245bba2de5e74d769cf46770d39d357a3dad6b0b,dab70657638bcf6bd3133807d811a08ce3571667dd039c0bad411dc4965daaca,918d5a5a3d333cca,,7ab014360622b3da,,,,True,exact_duplicate_of:data/raw/nickparvar_v2/Testing/notumor/Te-no_159.jpg
data/raw/nickparvar_v2/Training/notumor/Tr-no_971.jpg,notumor,0,train,339,340,dcec21068465d771bb815fe25baafbe607a6452e4d3d35060aaff7f1748dbf4d,bfd00ee5603798163e4872b3bcc5bdc55aa7ad6874ffbbc69b2e7618537b714d,8e7f29e621a274aa,,97b704336430c493,,,,True,development_group_overlaps_official_test
data/raw/nickparvar_v2/Training/notumor/Tr-no_972.jpg,notumor,0,train,201,251,34999f909bda8394863f361b692821390122dbddcff11a32633525b222247a1f,9947ee2520017b3747f0efa4279e093512bbab574a1fb93ac025f7afb0037e18,d70820bf02edcf3c,,d96545d8f2010d02,,,,True,development_group_overlaps_official_test
data/raw/nickparvar_v2/Training/notumor/Tr-no_974.jpg,notumor,0,train,208,242,c6eab5a180a3db800d5eeb4531d01b57ae5aa432171cfafa8b1f8cfecfed4c53,d5d71d0c3f9148e3c6b2fca0043253cb8fbce7507099cca7ef4c2c2ad7cbf991,c20e1ceb7bb0ca78,,1df10534058c384a,,,,True,development_group_overlaps_official_test
data/raw/nickparvar_v2/Training/notumor/Tr-no_975.jpg,notumor,0,train,680,680,7d3ed9bbd82529237c3a31107966ecad504ffb5d3ed73ba36d19d8cd1d8e0d48,62169f5bf1986793ac697e0ab64ae2a81dda2d860016a521eb201ad68ba52b5e,c32f6db02f903cd2,,dc4ac19412c7b109,,,,True,development_group_overlaps_official_test
data/raw/nickparvar_v2/Training/notumor/Tr-no_98.jpg,notumor,0,train,416,512,2ad6ffff97ce8cbfd5d4785955ea16a6ccf7090eb67a8015e47cd8902571b827,1069bf0aa067046c64d32e2872e53f5e865ca128e6bb762928fc076c6699dfa2,817e7e2879a17a25,,df125a49c4b266f0,,,,True,exact_duplicate_of:data/raw/nickparvar_v2/Training/notumor/Tr-no_1085.jpg
data/raw/nickparvar_v2/Training/notumor/Tr-no_981.jpg,notumor,0,train,441,442,0a716d5b83133cb727381d1383d5c59e23c11b7fabdbf7dbc579acb879f6efa7,81fb40e7a83f661231912b9ac40359b4d0a8e70f2917fad7cd715b90b14e4d49,97a17a7a78c87131,,3dff2e6ca73beda8,,,,True,development_group_overlaps_official_test
data/raw/nickparvar_v2/Training/notumor/Tr-no_984.jpg,notumor,0,train,228,221,173a41b949f0af0ea4e90b335de0e1885e92e9ad296cd59ab88646ac39e17fc7,5eef1a03e2443e95f35c7297d2d76b02ee3c6f80096c18fc63f9d88a83114c3e,c22f2df074931cda,,c8913f2b6ffa2b0d,,,,True,development_group_overlaps_official_test
data/raw/nickparvar_v2/Training/notumor/Tr-no_986.jpg,notumor,0,train,428,417,cf295c8a79eac47c584277004796711036d122ae829ceaca90099f1ec93f3884,32978eb88bba12d9a0973c82767bf1a53f012a71f22a7972bbed0d1a2adff588,856a5aa57ab52996,,041f1507ed05be19,,,,True,development_group_overlaps_official_test
data/raw/nickparvar_v2/Training/notumor/Tr-no_987.jpg,notumor,0,train,393,400,233a5d8b0deeed1fc4a2d8ba343d38c761b76ed8b751945e350ca7e03aaefda5,014392c548b896bb0f3cf383874297ba2bc971c4aab21f21ba8a8f6a580576e3,951e7ae0697139c9,,75b2488d990b6de6,,,,True,development_group_overlaps_official_test
data/raw/nickparvar_v2/Training/notumor/Tr-no_989.jpg,notumor,0,train,218,231,a820973ab9e444f92fdc4e5eb2e584a72d5da660675f1793469f229f40199538,74794d18102fe5cf9e73e83f2d6f98a483a8eb70d09d19b15894a43db8863913,863e7a706ac169e5,,0b68680a00ead18a,,,,True,exact_duplicate_of:data/raw/nickparvar_v2/Training/notumor/Tr-no_588.jpg
data/raw/nickparvar_v2/Training/notumor/Tr-no_99.jpg,notumor,0,train,232,217,29bd72d00d4c467e039beaaf119d9aad893f402adc94c19cdd203a7ec8b4aace,5882d6f079d65b4ce50826f523831f6f9f631a6961c42db0a7a528868eac66e6,c19e43e71ac12f1e,,36c3171a16bd25c6,,,,True,development_group_overlaps_official_test
data/raw/nickparvar_v2/Training/notumor/Tr-no_990.jpg,notumor,0,train,417,424,49db0659a53802695ac4af817cff544f8034e7c9883a6751e0e321c86337f86a,f3ac12950e53c1166e14e4dade651547adc64694f218a502d1f1730ff557f524,953e7ae868671964,,cc6a41b01baca02a,,,,True,exact_duplicate_of:data/raw/nickparvar_v2/Training/notumor/Tr-no_1240.jpg
data/raw/nickparvar_v2/Training/notumor/Tr-no_991.jpg,notumor,0,train,228,221,e55bb9a6583a9504dbc7db02b03c81ff314943755f5b14faf4b405a61daf4edc,1b8934ae2073bd6557ebd6ce8b06ef4069e247e89468f9b859a65c2c9eadcfb7,95856ada69da2ccc,,de7d227b9c11ec91,,,,True,development_group_overlaps_official_test
data/raw/nickparvar_v2/Training/notumor/Tr-no_992.jpg,notumor,0,train,225,225,e0c4e90be96ecadc5b633a6dea95cbafefd17bce417e81291ff9c6e778b621a5,36ffbd7275b77142f3b7703449b9b7712337309e6ffe646d4d214e4a2320fb37,c26f2d303bb26c33,,e1389056eee95631,,,,True,development_group_overlaps_official_test
data/raw/nickparvar_v2/Training/notumor/Tr-no_994.jpg,notumor,0,train,227,222,c6deb2680ade67d4dd9abecb7e6c3fa420dab1022d8b3678a48d9ac66fd5ddce,3c43d0a621935f95760df0cb437d0926d3feedf7b6f36e0748ed4517e3d0dd80,d0c00f0f2f1f7c3c,,06e5ef7f43dd4047,,,,True,development_group_overlaps_official_test
data/raw/nickparvar_v2/Training/notumor/Tr-no_995.jpg,notumor,0,train,442,442,8d1b8cb2975b43db869caaecbffd11f51651b6c25d35928f84cc295215cfb822,52d7bdfb0fe009d5f178ffe10213e3d0e33a6a84cd9727d003cc25cfa252bbb1,933e6aa16cc3348f,,cb799d998c0a2650,,,,True,exact_duplicate_of:data/raw/nickparvar_v2/Training/notumor/Tr-no_673.jpg
data/raw/nickparvar_v2/Training/notumor/Tr-no_996.jpg,notumor,0,train,206,244,d1e83afe507db54907646f7b17ad524d821efa3e19343532712870a6c381b339,3b27b82fb60b81ee04b95751d7ce46e4a200234032e5f053686954c0312099f1,c0370eb86fd13aca,,85a3aa2e850dbeef,,,,True,development_group_overlaps_official_test
data/raw/nickparvar_v2/Training/pituitary/Tr-pi_1022.jpg,pituitary,1,train,512,512,01e9e945d414f2393b28b31868c26cab1a36437e53940f3c93d61b0e8197579a,e74bdef4962cc66044f4dffe476e83f84c569554ee250756cb03719c3c62edea,85a75a6b79616962,,27caaa7fa7f521ed,,,,True,development_group_overlaps_official_test
data/raw/nickparvar_v2/Training/pituitary/Tr-pi_1032.jpg,pituitary,1,train,512,512,8d7cb01aae04aabca3bb7a8c237e3465c0d005ca43c1c434ddc54171c003911a,9709acccd21850ece8d5b02fb0671c485b7e9979fa46d5f372c9b511f0b952ed,d0684b2f3f3c3c34,,6e1902d77e49c743,,,,True,development_group_overlaps_official_test
data/raw/nickparvar_v2/Training/pituitary/Tr-pi_1036.jpg,pituitary,1,train,512,512,966b783f0904f0a1e269638cb29afe60b93072a5023abcc4096fceb87d0bf69e,c0f50dcc2f38d2d72e36ca7d1abb9516cff583dcd8a17e91b2ec41b21fd1a022,e5d302cc0b2b6e2f,,23ab10f678261346,,,,True,development_group_overlaps_official_test
data/raw/nickparvar_v2/Training/pituitary/Tr-pi_1048.jpg,pituitary,1,train,512,512,23566c7893061bc4c9fc965dace7da9b0756c8a143078ffae8e02fd17153e116,9f72f37655298de2c7be3abd3ae3e839bf94e52980d7624d1e5ad72f4fcbe261,859e4bd65a0cb34e,,f6f28f486d6657e7,,,,True,development_group_overlaps_official_test
data/raw/nickparvar_v2/Training/pituitary/Tr-pi_1052.jpg,pituitary,1,train,512,512,2cfdbb9ec9817e1c3d082e05bafbda873564cd306a497c5d766ffe5ce0ed1f57,fc3a2f2d7deb368d4d86239147021b64a8a30d5e62ec523b1fc3a32e1f54f1ca,94966ece6d2d3138,,44e3eb188bedf298,,,,True,development_group_overlaps_official_test
data/raw/nickparvar_v2/Training/pituitary/Tr-pi_1057.jpg,pituitary,1,train,512,512,872468d6915839d41a98d8b161c22128139cfb7dc4cb72c509885cc0d79c999d,01ce8efc1108054c7ae691b8cac3341c7fab281ec19d57cefabcf27edb3021b6,81d80eab7f0f6c2c,,1c26d5ee6570f5fd,,,,True,development_group_overlaps_official_test
data/raw/nickparvar_v2/Training/pituitary/Tr-pi_1060.jpg,pituitary,1,train,512,512,eefbca2e0cf43f1331b1b8155ed7f7293a3d3f02a7965fbe02954a832cc97c5b,bbf0ad666ddfca7abd077c7b169ee502b1c09168b938f74fe15ec58dc29017f1,91356a6e6d7360ca,,a99d178d8642bf92,,,,True,development_group_overlaps_official_test
data/raw/nickparvar_v2/Training/pituitary/Tr-pi_1066.jpg,pituitary,1,train,512,512,4b989435a9f0efd1e8f736c831eda04dfe6616981c0f0769379113d8bb1fee38,0b3199f79b278bb6371eb8ec5afa8417e9da1f00d9459663688e51e07e3085b8,c05e026f3f2c3db4,,f936b581a48ad878,,,,True,development_group_overlaps_official_test
data/raw/nickparvar_v2/Training/pituitary/Tr-pi_1071.jpg,pituitary,1,train,512,512,b204aa522460d1a772549e65023ac4f67b3ad1f57a1be54c59ece19fcd2d0081,494816783ca77219cecfee723edf08cc8c2f6c253f9f5875e4b25b05fc24e628,876e38956192e59b,,eeb85311dc4e020b,,,,True,exact_duplicate_of:data/raw/nickparvar_v2/Training/pituitary/Tr-pi_1023.jpg
data/raw/nickparvar_v2/Training/pituitary/Tr-pi_1081.jpg,pituitary,1,train,512,512,4d6466d2d97189dc544936d99e09ba5045e739d7a25325018ab10b2d957c42d0,14e4472e59d58bb2409e04af43fc7335e6e34a0cccef34ec168b68e0221354d4,d44a236d3fb46d30,,6a3bd4a0692335ed,,,,True,development_group_overlaps_official_test
data/raw/nickparvar_v2/Training/pituitary/Tr-pi_1084.jpg,pituitary,1,train,512,512,d81e993e706045e6d7950a3ca07fa9268a4957b9ff0e3c84bb0be10ee345e5e8,0616aa9370b9f985df54e383bd5c78fe64da630c98c40e0e313ddc8cfbc6b33f,95e05a07687d3cb6,,9dd2c8ac3b8b3e2a,,,,True,development_group_overlaps_official_test
data/raw/nickparvar_v2/Training/pituitary/Tr-pi_1113.jpg,pituitary,1,train,512,512,c311a5a5f69d793b73860932397a7b85db7c52bd86bb3b209c01666a259c38df,3de7fc155559cfda07a08ca74133f56008a9c4215d4372d4bee172926d5c181c,950a7e396ce125c7,,db788174ffe91d4c,,,,True,development_group_overlaps_official_test
data/raw/nickparvar_v2/Training/pituitary/Tr-pi_1125.jpg,pituitary,1,train,512,512,d4d574ce487be642016532453336ca6403b65971034e325fae945cf62db00f6c,259a9d7f32b91d65cc734de1ad79cd16634f4f5c02df369c7242292297429ee1,d5ce0ac80f292f1f,,6a636ada574fef42,,,,True,development_group_overlaps_official_test
data/raw/nickparvar_v2/Training/pituitary/Tr-pi_113.jpg,pituitary,1,train,512,512,e406e11fc41eeeadfb90f8ddb5202af455f2e953f0b5ab2154713f5f1163db68,7ff5e96cfaac94f34452cf3223f0e2ee057ccb27ceb67831b0c6eb81283da960,c46b0f283e743eb1,,83ebfba390fcc0cc,,,,True,development_group_overlaps_official_test
data/raw/nickparvar_v2/Training/pituitary/Tr-pi_1130.jpg,pituitary,1,train,512,512,bea06b78765f9cfa8492ef002875900770a0109e42dac339c7ccf620a1ac5fab,3aa23cdb996664a39a1ea4c363a1f4ac731c153f4d0f5452f32dec6b601d69c0,d4870fd42f467a4c,,651459807ea1d996,,,,True,development_group_overlaps_official_test
data/raw/nickparvar_v2/Training/pituitary/Tr-pi_1131.jpg,pituitary,1,train,512,512,0a45a995e13a0ca574cc5e0efd9757e62c93130b3a086235d9383cf4abd81280,641447ff1824fe18b17a57c77de3af5745c12aa75b01ebd4aac75888786c8427,d44b0a6c3fb47d30,,6a3bd4a0692335ed,,,,True,development_group_overlaps_official_test
data/raw/nickparvar_v2/Training/pituitary/Tr-pi_1143.jpg,pituitary,1,train,512,512,f0cb894e428939d6397f7d7cd979b9ca20a130cc82c31ec97b94c4529623a03f,66f508748c561e27bce88b1a5094400847f6b7aad8a93abddc77b47446a5c159,95c05e876b8f6236,,1bcfdb6f0775b7e3,,,,True,development_group_overlaps_official_test
data/raw/nickparvar_v2/Training/pituitary/Tr-pi_1155.jpg,pituitary,1,train,512,512,93ea61a9b554ed27c76d767221bba1d6c8b24a03521aee53f4b822b89efa41b2,eb5946b95890d04bc456c0d4a42262b3fbf80a2e64fd961c167e3b8aba7b2fa0,c03d2ff03d743364,,9c43578c631572dc,,,,True,exact_duplicate_of:data/raw/nickparvar_v2/Training/pituitary/Tr-pi_1098.jpg
data/raw/nickparvar_v2/Training/pituitary/Tr-pi_1162.jpg,pituitary,1,train,512,512,b85b0f35fd606fd6d98280f06500206ebc9038bad3e88f23965a036a0812e685,a265da40c2563c3908e52314feea50f554d9eb68ff3d2e2b32cd19236b16195a,817e1f2878756c27,,ddb818f5c87cc341,,,,True,development_group_overlaps_official_test
data/raw/nickparvar_v2/Training/pituitary/Tr-pi_1170.jpg,pituitary,1,train,512,512,1fa4832f992ad72fab13a481f6cbccfa6e67daf32af33677bd05ade98158d412,80286bae7da2fa4941faf50feda4a06b368d25c790a330cc85367fde7821b068,85345e3b7a696a64,,d16e1f7ab0b3830a,,,,True,development_group_overlaps_official_test
data/raw/nickparvar_v2/Training/pituitary/Tr-pi_1173.jpg,pituitary,1,train,512,512,e3632c3db28f34854cc5cdccb42da8fa98e8207ea5449cea36acffa8aa1a245d,5b25f6dc0891138eff4cdff83cf19f40d412f77d8239eaa18510a94c90819603,c5661b2d787438f2,,ee7b3cb9fd759283,,,,True,development_group_overlaps_official_test
data/raw/nickparvar_v2/Training/pituitary/Tr-pi_1184.jpg,pituitary,1,train,512,512,5aa00eb43b76989355553eb41ad34e4b1cb0cef508e8e6e32678224731df6018,7213fda35330903191d0afb5d0176953149a36fb7f1dac9eeeffc7148cf58dbb,94c66ec76d0d3139,,44e3eb188bedf298,,,,True,development_group_overlaps_official_test
data/raw/nickparvar_v2/Training/pituitary/Tr-pi_1192.jpg,pituitary,1,train,512,512,1caa281ff54d3afc746ceaca1364152234450bbd17153687abf022012417959d,0298a9f4c147f9bc4f463796345cab3a83cdd152ac039e596eb03cdf6394b113,c5d9028a4b4b6f8f,,7254ce3922e01f84,,,,True,development_group_overlaps_official_test
data/raw/nickparvar_v2/Training/pituitary/Tr-pi_1196.jpg,pituitary,1,train,1338,1304,ac081dc77c62c1902feb757aa652c2af19c67d31ec646fd3f2a50249729f570c,aee9e6b8ea9d6bcd0f36f464c4a5852c447b8ab2192ed5484e8900a917739f96,d5804b1f8e6a2fd8,,fb2fd7dcc64314da,,,,True,exact_duplicate_of:data/raw/nickparvar_v2/Training/pituitary/Tr-pi_1122.jpg
data/raw/nickparvar_v2/Training/pituitary/Tr-pi_1197.jpg,pituitary,1,train,512,512,0d50d81e9b33e55e1edb0caf63b7285a7abdc8aa5c35fbd097eb82b6b248f23a,bf3314d00a92d356b0a493d55abab58240418be7996540fb9f1e7b8702b21c30,c0b40f5a3d686de3,,fe1a3adcb1b703d6,,,,True,development_group_overlaps_official_test
data/raw/nickparvar_v2/Training/pituitary/Tr-pi_1207.jpg,pituitary,1,train,512,512,b204aa522460d1a772549e65023ac4f67b3ad1f57a1be54c59ece19fcd2d0081,494816783ca77219cecfee723edf08cc8c2f6c253f9f5875e4b25b05fc24e628,876e38956192e59b,,eeb85311dc4e020b,,,,True,exact_duplicate_of:data/raw/nickparvar_v2/Training/pituitary/Tr-pi_1071.jpg
data/raw/nickparvar_v2/Training/pituitary/Tr-pi_1211.jpg,pituitary,1,train,512,512,de35915b30be9cb513305bb03b1fcf263dadf7259aa666e02f09215118f7f65a,0807a05303e09abdae4413d0f05f74c07a47053501942f97bb99602bbfb9128c,d14e10f74c176799,,154c7f012075df4f,,,,True,exact_duplicate_of:data/raw/nickparvar_v2/Training/pituitary/Tr-pi_1154.jpg
data/raw/nickparvar_v2/Training/pituitary/Tr-pi_1213.jpg,pituitary,1,train,512,512,cfea4c73b72d4405d9a78c084eab728b58d621876727407e9c3e8b447dd523a5,9e946209f74bbdebe6a35e3e083c56210ff16a078c56dbfcd967cd82ab64e899,d5da02a84fc34f87,,abd6bcbbf21cc051,,,,True,development_group_overlaps_official_test
data/raw/nickparvar_v2/Training/pituitary/Tr-pi_1219.jpg,pituitary,1,train,512,512,8657875bb0ce3671d9ba85450a20a64e78eeacf85cc99552e5eb81c4c93c7e5a,bda429e3f66c5fc57f023840651fda603b39360397ad475f45e06a235f7abc86,810e5f593afa28b9,,19af9065fae3b527,,,,True,development_group_overlaps_official_test
data/raw/nickparvar_v2/Training/pituitary/Tr-pi_122.jpg,pituitary,1,train,512,512,e8b051083198eb9e96432fcb89e2c8b574dc7298e4e390e60e9e1b54d0ff4b63,591dd11b32750dfe9078c3f0f6bf811b4104076c5fd55841d9cce67a78006a33,859e5eb8784d7819,,93541f37a7afd28b,,,,True,development_group_overlaps_official_test
data/raw/nickparvar_v2/Training/pituitary/Tr-pi_125.jpg,pituitary,1,train,512,512,b2832fb6c2ccdc84d802a60fc2feeb8e19096149b4e9ddb59431baccc16716d2,79818bd357199caf1a3a537fd2895a0372e19b2f4698679dd7ae2a3e3eb0528a,c0260f767d383db2,,4237788739afc99e,,,,True,development_group_overlaps_official_test
data/raw/nickparvar_v2/Training/pituitary/Tr-pi_1251.jpg,pituitary,1,train,512,512,b66a6c1e11f627956b224a451cb4e4c5e0f291efb98de6587e4c2a459e71753b,1a0681c6a50d6a4d6b3b6558a9d7329672663fd0a0d5d600f139820e426e0f0d,808b5fd51a96d8da,,3f05773a685d0959,,,,True,development_group_overlaps_official_test
data/raw/nickparvar_v2/Training/pituitary/Tr-pi_1253.jpg,pituitary,1,train,512,512,e99c672f26af250b3eded9b23e6ac650ffded757868636f7483b30e7bbcb7a1c,a1f66f6bf77f7fb963c47a8969703d7a71d549bc3fb3d4f8515f074c39df411b,950a7e792ef120e5,,db788174ffe91d4c,,,,True,development_group_overlaps_official_test
data/raw/nickparvar_v2/Training/pituitary/Tr-pi_1263.jpg,pituitary,1,train,512,512,0ab28e8d7266b04f99dcd7c8c2f210e1fddec11f21d2e53f134ccd7e8d6e99d1,154827750909d9ebbcb252c2a844892fb414234ddbc73c7cfa7a33817b988ed2,958a57510ed75b1a,,aea278f39f23df77,,,,True,development_group_overlaps_official_test
data/raw/nickparvar_v2/Training/pituitary/Tr-pi_127.jpg,pituitary,1,train,512,512,efe1e6fe0be253ca90c4a2e1475afe42260c625522c6e49e946c085f1bd1e3ba,b8a82cf276c270f32d6962316642af62fecbadda9e30465fadde0f0bea6b668c,811e5f7a6e7128e8,,52d6a3aa0f76140e,,,,True,development_group_overlaps_official_test
data/raw/nickparvar_v2/Training/pituitary/Tr-pi_1270.jpg,pituitary,1,train,512,512,da51f7b055ccab4ca496e94860db20edcc7dad22563851b13a7eab56b411d259,c74f46b5f1228bd05b091fddbe4279da5f0e826af6950598de9838044e99894b,d42f4a7d3f2020f6,,0732e84328537411,,,,True,development_group_overlaps_official_test
data/raw/nickparvar_v2/Training/pituitary/Tr-pi_1286.jpg,pituitary,1,train,512,512,d622c25575d638cf3ff8995d9c5d66b2a0c954f7156fe322284ef4bc8329e620,5c083c4761ba27c91d086e13406b99c389aff8f8c76208e7a59d9b6518f8b19b,d5df02894b024f9f,,95f83e222e6d9b41,,,,True,development_group_overlaps_official_test
data/raw/nickparvar_v2/Training/pituitary/Tr-pi_1292.jpg,pituitary,1,train,512,512,270e1278a573a6a559075a6a01d412d00f72ad831c457138db6dad38aacf870b,e095c81aadc002093b01a887e83a975875c68c9c851552e19b6ec2ead2faee90,808f5ed51b1e58da,,3f05773a685d0959,,,,True,development_group_overlaps_official_test
data/raw/nickparvar_v2/Training/pituitary/Tr-pi_13.jpg,pituitary,1,train,512,512,d60ecf5a2ea3fe4315dbf40a023dc838c66ae07266b3ab49be8beeb3733cd326,626bb41615f35b9301257eea000f532a9ed30f4baf126bae044dcff14677f8a4,d0d12f8f6c0e743c,,4716c542799ca37a,,,,True,development_group_overlaps_official_test
data/raw/nickparvar_v2/Training/pituitary/Tr-pi_131.jpg,pituitary,1,train,512,512,676b8ece5576809886faaac26dba4160774c826c8d0adecbb41d42d74f281756,4b73931ba5b33fd8d530e5b2b558da59182fdcc0401138d7cef2641c66b9f42e,817a1b387a656da3,,ddb818f5c87cc341,,,,True,development_group_overlaps_official_test
data/raw/nickparvar_v2/Training/pituitary/Tr-pi_1310.jpg,pituitary,1,train,512,512,c7aa36d6c962a00fa8c86c30fc4c570b7a884f44d50a4d38e039e0a70dd14577,62b169b85c0a0c424fb19df03f037712d63dfb94f2dd32ea333ae6018385bf19,851f7a797a607861,,e15fbe9c4516e644,,,,True,development_group_overlaps_official_test
data/raw/nickparvar_v2/Training/pituitary/Tr-pi_1318.jpg,pituitary,1,train,512,512,83d1ef63ae379a75fed4555f47178c0ca28e5cb993ff4567b68992d12853874b,304467c7d6443168774ddd3b623dcf0df5a4f7d199766394c1b782528e5c3a60,c5d9028a1b6b4b9f,,7254ce3922e01f84,,,,True,development_group_overlaps_official_test
data/raw/nickparvar_v2/Training/pituitary/Tr-pi_1320.jpg,pituitary,1,train,512,512,857318e9eb1f335d05f4700258466a78972a3e147365b2e3d0405def9eee3d26,5b3ae1a33b95e7db39ed31b2869b9202bfa54000a3035c962e38b7570a4f971a,86e63e7b6119618e,,ac234258a7bbe22d,,,,True,exact_duplicate_of:data/raw/nickparvar_v2/Training/pituitary/Tr-pi_1133.jpg
data/raw/nickparvar_v2/Training/pituitary/Tr-pi_1339.jpg,pituitary,1,train,512,512,de35915b30be9cb513305bb03b1fcf263dadf7259aa666e02f09215118f7f65a,0807a05303e09abdae4413d0f05f74c07a47053501942f97bb99602bbfb9128c,d14e10f74c176799,,154c7f012075df4f,,,,True,exact_duplicate_of:data/raw/nickparvar_v2/Training/pituitary/Tr-pi_1154.jpg
data/raw/nickparvar_v2/Training/pituitary/Tr-pi_1349.jpg,pituitary,1,train,512,512,53b899408d8068fd71e574ff4b61b547572668c74f53f888c042983148f5b5d6,ddae038ecab1c0704578f145f97e9f048b1323010a579715bf5a15d48d0dab3b,d0633b3d2c1c74b3,,2761036d3df323fe,,,,True,development_group_overlaps_official_test
data/raw/nickparvar_v2/Training/pituitary/Tr-pi_1352.jpg,pituitary,1,train,202,202,53446ebefbb558643e11fe7ecf3059737e2814172797c680e50463dd03656fdf,6172e6df9cc909ad433d294b7299c0af51776af57e50f761718838df23899f9b,c0991ee6791c1fe2,,1773ae7075863213,,,,True,exact_duplicate_of:data/raw/nickparvar_v2/Training/pituitary/Tr-pi_1209.jpg
data/raw/nickparvar_v2/Training/pituitary/Tr-pi_1353.jpg,pituitary,1,train,512,512,3a94f090c2f5e925afe5d137eacb8ea77b32dce334f7856415afbd3be28e2cde,9b96e26c3c85d14bde80e4d4f0520b6f4f9210c918cac521a4a3e36bd7758692,c05e022d4f2d3d7d,,78d9717cfab454b4,,,,True,development_group_overlaps_official_test
data/raw/nickparvar_v2/Training/pituitary/Tr-pi_1371.jpg,pituitary,1,train,512,512,fed0dbb8a45355a437b239f4e1a3e6b480b4f91601c6529eb5da1dc6b1e3976c,f6e4860a5095b12a30e6c0c9b7afba1c76e54cb2deea9a87c5b39105b8735ad1,d0cf4b024f8b87cd,,61f5923ceaaac6ae,,,,True,development_group_overlaps_official_test
data/raw/nickparvar_v2/Training/pituitary/Tr-pi_1380.jpg,pituitary,1,train,512,512,fa1b99a077c2038fb23ef239e11ae9c34bae7cb6ffcaf1fc44a4793a775384ce,eb5946b95890d04bc456c0d4a42262b3fbf80a2e64fd961c167e3b8aba7b2fa0,c03d2ff03d743364,,9c43578c631572dc,,,,True,exact_duplicate_of:data/raw/nickparvar_v2/Training/pituitary/Tr-pi_1098.jpg
data/raw/nickparvar_v2/Training/pituitary/Tr-pi_1383.jpg,pituitary,1,train,512,512,6cabf743e282ecf390c97829e5914fbb72c2dfaa11d54dab0f810681e8e7be4d,285928676853d559493cb41544489d7c90634c59004af26df1c1dd417cfbfa46,855a3b68797172a5,,57c575ec469cd04f,,,,True,development_group_overlaps_official_test
data/raw/nickparvar_v2/Training/pituitary/Tr-pi_1397.jpg,pituitary,1,train,512,512,815182933c6348858cbfda6c071b4519bab68bc8d37446fc000d79b42aa432a6,4bce4b368cdbcc4bfe8be283fc3816e6440c9772adc2e758af284e8c8d9af3c7,d5df0a884b014f9f,,95f83e222e6d9b41,,,,True,development_group_overlaps_official_test
data/raw/nickparvar_v2/Training/pituitary/Tr-pi_1398.jpg,pituitary,1,train,512,512,bf3a2b2bb951fc4e54fd7d50a273fafaae8eb069d8b81c669cbf9fc0ee35fe98,d88e9dccbd0321d06cf57064cfff398d5c052a40d51248edd8f3989cabdbda58,d5de0a806f4b8d0f,,fd21f1e2f3b1450d,,,,True,development_group_overlaps_official_test
data/raw/nickparvar_v2/Training/pituitary/Tr-pi_142.jpg,pituitary,1,train,512,512,70334e5860fa4fb7b90aad8b0f4610f0a844d8f41954ba921ff4e07dad757249,7560a8f7246dc6316c729cb8f8a99b9b4f0cf236cbf5d2e5f209dc6d4077dd4d,d0d13f9e6c4d3438,,4716c542799ca37a,,,,True,development_group_overlaps_official_test
data/raw/nickparvar_v2/Training/pituitary/Tr-pi_145.jpg,pituitary,1,train,512,512,3725a1aafb5c03578d2695afbc29212649cb8c43d55b3e9703282dfabfca6773,575f20fb04b457e3d3f342a0511004290220f797b4725d29dedcc209d05259e2,d00f4a732d5c3778,,5106037acf20db8a,,,,True,development_group_overlaps_official_test
data/raw/nickparvar_v2/Training/pituitary/Tr-pi_153.jpg,pituitary,1,train,512,512,17ec1daf360621a7d62aeb222a542eef0e0a9d4994f3afbd79015f68ac4d66ac,3e9e7f6080c5d68e96c91a871a8a7398c6b8d64efd723695d4faba13bfd890c1,c05f022d4f2d3f35,,78d9717cfab454b4,,,,True,development_group_overlaps_official_test
data/raw/nickparvar_v2/Training/pituitary/Tr-pi_160.jpg,pituitary,1,train,512,512,de35915b30be9cb513305bb03b1fcf263dadf7259aa666e02f09215118f7f65a,0807a05303e09abdae4413d0f05f74c07a47053501942f97bb99602bbfb9128c,d14e10f74c176799,,154c7f012075df4f,,,,True,exact_duplicate_of:data/raw/nickparvar_v2/Training/pituitary/Tr-pi_1154.jpg
data/raw/nickparvar_v2/Training/pituitary/Tr-pi_195.jpg,pituitary,1,train,441,429,2ff387b9c84bad104f2f095f9832781f634931e584e02a1afab513037079eea5,a82527c878578466ab20f6cffa3027bbdd2d6ccf608c5ce155fbb0d9a9296237,954a356b55255b95,,4bdef3d2c6ecc25e,,,,True,exact_duplicate_of:data/raw/nickparvar_v2/Training/pituitary/Tr-pi_1399.jpg
data/raw/nickparvar_v2/Training/pituitary/Tr-pi_2.jpg,pituitary,1,train,512,512,f0de08e0db0b9700ae689d0e9328b2ba856d0194f15c58fbe80f666edafd6f42,7f4806b39d927f8b15f1a8f6d729b2f3d0c3a07014985dec1b70c11499ba96b3,d44a0a6d3fb43d34,,6a3bd4a0692335ed,,,,True,development_group_overlaps_official_test
data/raw/nickparvar_v2/Training/pituitary/Tr-pi_204.jpg,pituitary,1,train,512,512,be696943c64f1968eaca33aaa76c39d2901873b1e2f59415e87d6844d13a7a28,a5b10f2f90abdc78ee4f586df60fcbe0277638fb7c1252223e87d67319e2162c,c5923e4f6d253368,,d083c49ec463ef39,,,,True,development_group_overlaps_official_test
data/raw/nickparvar_v2/Training/pituitary/Tr-pi_208.jpg,pituitary,1,train,512,512,699323cdaed52de139183980d96ddb55e87d6b92495de9b3b8895ad14625f9c9,017d53e079ad6c7223cc79b7f79fcfcdd27978f6c424bfe1f67e8d7b478e3ec5,94966ec76d4d3138,,44e3eb188bedf298,,,,True,development_group_overlaps_official_test
data/raw/nickparvar_v2/Training/pituitary/Tr-pi_210.jpg,pituitary,1,train,512,512,3275c3825fe6ea7a94d7e958cf4fa15d0d3cf0337258abc843195bd9600b4bc0,eca865132c77cff8cb46aee23faddfe9fc16a7b8cc63c59adb2d2c198c58dce5,853f1e78786163a5,,8db9066f046b5519,,,,True,development_group_overlaps_official_test
data/raw/nickparvar_v2/Training/pituitary/Tr-pi_211.jpg,pituitary,1,train,512,512,aaeb1dce8d24e0cf72d22693e24a92f6deeded71fe78f8c36541b6870956772d,8252b8876240a4ae0cfa21dfb88973828eebac7d07a97f649ccd2fd3a73cc92e,951f5a687839236d,,96c09c69eb1b07d8,,,,True,development_group_overlaps_official_test
data/raw/nickparvar_v2/Training/pituitary/Tr-pi_214.jpg,pituitary,1,train,512,512,9409fd55579f6e70c839c1c5e6af747e7b3a3ea2b2bed9931d8941bb4430e28a,228a4c32316c24bfdc1d30f2d8dbb17645cc046416222b31b9c59506000ab907,95735e23286d68a7,,fdea8054907b2f7d,,,,True,development_group_overlaps_official_test
data/raw/nickparvar_v2/Training/pituitary/Tr-pi_224.jpg,pituitary,1,train,512,512,38ab38314afe35fd679fd4c68481f09d818dfab7bff03397394525828eb64571,cecb0bc7a182990413910f436d5e84d19ce8ad685208d44d8a8730e48d4a6394,808f57d51e1678da,,3f05773a685d0959,,,,True,development_group_overlaps_official_test
data/raw/nickparvar_v2/Training/pituitary/Tr-pi_230.jpg,pituitary,1,train,512,512,28adb6b1b4ff20f5cc30f4647d56f26c8256fdedaf24ecf5918c5a0385babc40,45ba849f81ba947e92bb39d3f09b6be17ff8bbca55cdcdd9769d85062f12cfb9,d0cc0bcb3c4bdc3c,,3406e0b839d052bf,,,,True,development_group_overlaps_official_test
data/raw/nickparvar_v2/Training/pituitary/Tr-pi_232.jpg,pituitary,1,train,512,512,934b52967d00fb73284336ff980fd9af7cc910f35faab92e67562b3bd4705d18,26a1a56df2cf96a09ffd636eaaf0c1985f677b7e737a48581403b11e5755b488,c1633b372c1c74b3,,2761036d3df323fe,,,,True,development_group_overlaps_official_test
data/raw/nickparvar_v2/Training/pituitary/Tr-pi_24.jpg,pituitary,1,train,512,512,f6346cc85d2e6661bd1c8fc0f9ddf794c359bcf7d9602942430fe1263f1d53a4,050cba83c48cbfabf8e279cfd5d7a4ccaf9d3ca74d8caa69d142e600a8fca643,950a7e396ce125c7,,db788174ffe91d4c,,,,True,development_group_overlaps_official_test
data/raw/nickparvar_v2/Training/pituitary/Tr-pi_241.jpg,pituitary,1,train,512,512,b1e756f5c57b34fe3e996c6cd456125878d7d1fe98f7645ebf5dd7f9d54a3172,3de70fde7be8b604626918a3fec1406a2b1028b620545e47d4c8b0860d0c6288,950a5e782ef520f5,,db788174ffe91d4c,,,,True,development_group_overlaps_official_test
data/raw/nickparvar_v2/Training/pituitary/Tr-pi_249.jpg,pituitary,1,train,512,512,ebbee2b534acbd79ae5f53288110c42c76f30d35244ecfe7b90b7d83d612e87a,80757085c90208f845efc2fee24e3138f6f0bfbacdc54a414afaf3634d3e457c,d44a2b6d3fa43d30,,6a3bd4a0692335ed,,,,True,development_group_overlaps_official_test
data/raw/nickparvar_v2/Training/pituitary/Tr-pi_251.jpg,pituitary,1,train,512,512,4d62d91117fc65fae4dc320473a8874037689c9a8be50cd227f9443b914398b8,010ee61eab4f8e8965c558d1b0eb51b1f66e28b00093341efa68c88db5637c68,d06a4b2d2f3436f4,,372210517acf9c48,,,,True,development_group_overlaps_official_test
data/raw/nickparvar_v2/Training/pituitary/Tr-pi_261.jpg,pituitary,1,train,512,512,1bbe995f377f1eb224e2a963238bbfacf7bf49a3d7219bbc3dd781b5c34e4fb8,1d58fd76ecc51f4919c3ffc100dc37b8cb6a6ea8196795407aa5be439d21761a,c03d2bf425693766,,bc781fc92b6217d1,,,,True,exact_duplicate_of:data/raw/nickparvar_v2/Training/pituitary/Tr-pi_1309.jpg
data/raw/nickparvar_v2/Training/pituitary/Tr-pi_262.jpg,pituitary,1,train,512,512,45e69cd71d4ae510bd69dad621a5b35e6d56d3eae11ef72dabd53872c4601882,35a2e7846411b90f61a4ad43d96ccf6f41ea53be7d2c0406596aad0320d6a4f0,c09f42905ba67abb,,d3e506637e5de893,,,,True,development_group_overlaps_official_test
data/raw/nickparvar_v2/Training/pituitary/Tr-pi_266.jpg,pituitary,1,train,512,512,2f8cd87f28a824a265269ec5cf2a6984db97fbb293f3573449e9aa740f024cd9,a3ccced1de422a8f4e9fcd0bd225089516828b3f93e11c05d5172633e41faa91,d03c1b2d2d3c6d74,,b82bed29285585ec,,,,True,development_group_overlaps_official_test
data/raw/nickparvar_v2/Training/pituitary/Tr-pi_269.jpg,pituitary,1,train,512,512,605451ef8728da6eb9f33745b1362d9d855f6937aab1e922d0a9b59e4e0b0b2f,7c2afcd1116b1269c89c225d950ad0017c5ede4382cd6ad0a17587fe2122a710,856d5e7878697831,,c99a9e0b46e8d1d2,,,,True,development_group_overlaps_official_test
data/raw/nickparvar_v2/Training/pituitary/Tr-pi_271.jpg,pituitary,1,train,512,512,d3adaa44b503579e9db8f11cce818ace22e97e788f7cae315c2bea5cd147a57c,f47309bc15de8c87a069ef79ae5638f5f95aaae896b9daedc6c2d9b13b1ec6d0,d54a2f3d0d357494,,1690bf7f29ddcb72,,,,True,development_group_overlaps_official_test
data/raw/nickparvar_v2/Training/pituitary/Tr-pi_273.jpg,pituitary,1,train,512,512,27e656afcc646d764fb47785bc3fce63f62a83c06ca08495c986bd09ec8d9957,788ecb8f37aa66bf1b6b8af597e51fd7145c434e1531e3f1544b732e0040ba60,c15e0f687ba47961,,c7689bbfbba9c252,,,,True,development_group_overlaps_official_test
data/raw/nickparvar_v2/Training/pituitary/Tr-pi_284.jpg,pituitary,1,train,512,512,716da22a02b0f0f5b35ef26e210d116c4ffd554fdd26badb327e78ec64896c76,afc0932736dda9eb3fa5a1237eb3ff422e27ff0334d68b0165c3aa7fd8c9309c,855e7e782d706471,,ab102d1e77b06700,,,,True,development_group_overlaps_official_test
data/raw/nickparvar_v2/Training/pituitary/Tr-pi_294.jpg,pituitary,1,train,512,512,016b7ee664644ef3718bb33f63ec7e3d8fe9e8e625512ffe11c6ab73cb441494,236c5b880dd6857485b6b63732e419c6e4031cfb4b1c85bd61a4190cd378087f,817a1f287a756d23,,ddb818f5c87cc341,,,,True,development_group_overlaps_official_test
data/raw/nickparvar_v2/Training/pituitary/Tr-pi_296.jpg,pituitary,1,train,512,512,d7ea4a1e0a3385c37355c03fcd325351dfd9740d4a5da53f5646bdcbe5beec3e,1cdaccb33c5447d37b2bd3ac9f4dbb87f902b77b48e05f4d4e1e7503db347568,95376a686d2135d3,,b6047f055fb0d2ab,,,,True,development_group_overlaps_official_test
data/raw/nickparvar_v2/Training/pituitary/Tr-pi_300.jpg,pituitary,1,train,512,512,1c45ea4593db8e46ea161def669d59419b6655ef114998a9d4c7ca51cd80b88f,475b46998acc855cf9d25ed84ce12fd31ab38580743f4a09169c7c81ac0848f7,c15e402d5ba92f1f,,553e733076d9bc1f,,,,True,development_group_overlaps_official_test
data/raw/nickparvar_v2/Training/pituitary/Tr-pi_303.jpg,pituitary,1,train,512,512,56ebf4c1a544ae1e4d998444cb08b4c03ebd7c4e51def7d060e69b1923c06d8e,c2d448bb69d61426f40d1b946daad440ecf1c6d3eea054a9c141df1d6e1e87db,808b5fd53a1ed85a,,3f05773a685d0959,,,,True,development_group_overlaps_official_test
data/raw/nickparvar_v2/Training/pituitary/Tr-pi_306.jpg,pituitary,1,train,900,741,f2152513bd2804ec1ef7e8b188ab72a991417708a0b98e3dac3131578d1aa794,4be03cd838f72c69071f52f3c9208b7bd1fd174421a40f4abaef9ba89620a70b,959f3e586b1af018,,b542fa63741894b1,,,,True,exact_duplicate_of:data/raw/nickparvar_v2/Training/pituitary/Tr-pi_17.jpg
data/raw/nickparvar_v2/Training/pituitary/Tr-pi_314.jpg,pituitary,1,train,512,512,8101c9db813f501b561195e9baf1324c1b736c44df5499b8c223b25030b7970d,03d53710c2aa45949e1de05778bf0da8d6cbdc8de459aee7ed6243952ba7f04f,c0b50f523d286df3,,fe1a3adcb1b703d6,,,,True,development_group_overlaps_official_test
data/raw/nickparvar_v2/Training/pituitary/Tr-pi_320.jpg,pituitary,1,train,512,512,8afa71fed3d0307237b24872056b750f3c06ee0d9527c35241b908eb7404080f,8b62f8fd248bc87b56db68275e8da027ad6903c31ded1c9930553a6f1f186f4c,808a5fdc1b555ada,,66356a4700e04892,,,,True,exact_duplicate_of:data/raw/nickparvar_v2/Training/pituitary/Tr-pi_311.jpg
data/raw/nickparvar_v2/Training/pituitary/Tr-pi_327.jpg,pituitary,1,train,512,512,8ed4accd7a09042e088ab54f6151af6ddd67b01286b0c280141f11aeadec80e8,79a3e7a542a889a6141745c0bec2dfb47ea5c3bfaa71cf98827c379619f26547,c4976ac71b6836ca,,e1935ade6eac8321,,,,True,development_group_overlaps_official_test
data/raw/nickparvar_v2/Training/pituitary/Tr-pi_328.jpg,pituitary,1,train,512,512,5eef214999a0e35bd7b1cced1d58271ae93dcd032b2ce52ee782b1bec9e5b3b5,c3e6b385f2b05bb18fe3e9f56e3fe8c37eadda6a75f8b9659099347d1bb06ec9,859a57051b775e89,,71ef2824a9157840,,,,True,development_group_overlaps_official_test
data/raw/nickparvar_v2/Training/pituitary/Tr-pi_333.jpg,pituitary,1,train,512,512,24cb2880fe794d83b4bf2e97378d1dce5757a86b3d054c9df5cd682791b5b145,124b632178f99e387d89371c82fa441d149904e5d158c4899ac386b6062152ff,91971afa38187ccb,,fecb596be14cee8e,,,,True,development_group_overlaps_official_test
data/raw/nickparvar_v2/Training/pituitary/Tr-pi_336.jpg,pituitary,1,train,512,512,12a9ad0b17210155f4e554d072e20338e2066628685a42462c1b607b517c2dfa,8814a9dc44e0e06e62dfbad88bdcec61bc3ae180e75a9e27d37b52fb13169dd2,c0270b7e3d303d73,,4237788739afc99e,,,,True,development_group_overlaps_official_test
data/raw/nickparvar_v2/Training/pituitary/Tr-pi_347.jpg,pituitary,1,train,512,512,39eac376ac3c6aebacff77655015b1e1eb4cc1e67a1853a69796822a7e43124d,d0052aa3ca20245f95b7e34c26d306c0f03b54887fc9d1fcdc71422cd62ae186,808b5fd51b1e58da,,3f05773a685d0959,,,,True,development_group_overlaps_official_test
data/raw/nickparvar_v2/Training/pituitary/Tr-pi_350.jpg,pituitary,1,train,512,512,2e005ff19bb2baf6f9696dbf6554d35d9718905318f0c9c8aa02b59d91093775,e053d2d5140749f67d289a17ce340223db5204e8dd00cce83c43486a439a0846,859a57051bd75e0d,,71ef2824a9157840,,,,True,development_group_overlaps_official_test
data/raw/nickparvar_v2/Training/pituitary/Tr-pi_355.jpg,pituitary,1,train,512,512,c0df2067b19f03007beee855c93e868387d23481a3b8490d6f5ae18c6b297c46,5289bc00748cce8f764fcc5fc1cca7b6d978a40e0cc2a7c85f0c23faecb8b7f2,95d26b1e6a49361d,,6e002a3940d70246,,,,True,development_group_overlaps_official_test
data/raw/nickparvar_v2/Training/pituitary/Tr-pi_361.jpg,pituitary,1,train,512,512,c8776e1256246478995de0169f4884d0123fadca67b81f31c7ba4092688f5e9d,acefac4057624559b551cf13f91711923af8ce4334a7a2b5a421e43a460b33dd,91745a263d7169e3,,e7766df167b185c0,,,,True,development_group_overlaps_official_test
data/raw/nickparvar_v2/Training/pituitary/Tr-pi_366.jpg,pituitary,1,train,512,512,efa610b1f2367aca573bc4eebfcf29dcb589f8ce5f4cb5025afd13ad6361bf58,7b6a05c6a382a4c656603e77d3e7a182c3d6b31bb21070bfc9188f998e30ba6c,944b1bee39787521,,c54302f209033dc0,,,,True,development_group_overlaps_official_test
data/raw/nickparvar_v2/Training/pituitary/Tr-pi_369.jpg,pituitary,1,train,512,512,63d211771828f1da7b472e35e0c0ee1ceab1cde1ed45827c133dc6af4026a4e1,b88e6839f31aae95645853d40700483dce22ad010f67ffabd8b3b6d4e477e0e2,95e15a0f687d388e,,9dd2c8ac3b8b3e2a,,,,True,development_group_overlaps_official_test
data/raw/nickparvar_v2/Training/pituitary/Tr-pi_383.jpg,pituitary,1,train,512,512,933dabb7739d807944d505fe002b4bfa403e430f0f6edcd2df16846d072dfa9b,9382e3b3f5e90c38bf14a776f9d40cb207fe3a471c88c81197018e95566bcec3,c1260b7e3d313d72,,4237788739afc99e,,,,True,development_group_overlaps_official_test
data/raw/nickparvar_v2/Training/pituitary/Tr-pi_384.jpg,pituitary,1,train,1335,1302,aff49c4e9fbe859bc0608338e96e8e4eab4743e7100c05f81b48e68a799d38d4,63168ac3aabd98eb6d4c880a03a83bc74614328dc72ea0c9e96a1258c1b46c37,d5804b1f8e6a2fd8,,fb2fd7dcc64314da,,,,True,exact_duplicate_of:data/raw/nickparvar_v2/Training/pituitary/Tr-pi_1187.jpg
data/raw/nickparvar_v2/Training/pituitary/Tr-pi_385.jpg,pituitary,1,train,512,512,b009b05f96a1d7661e060f019d1a560e407777c947d0cbb3c666b57cf937d7c2,27d3c2122d2fd2d2420ed0f2d41203dc08bbf17414c01cebb8e2bcf1d544bca6,853f7a397a603925,,e15fbe9c4516e644,,,,True,development_group_overlaps_official_test
data/raw/nickparvar_v2/Training/pituitary/Tr-pi_391.jpg,pituitary,1,train,512,512,53a7cc5a84fc54cccda7288d9c89c6d3beff638273ce61c3dd6fef8ccec9df2d,9b7584b17eff7d9c8311ca2c052d2f91cbd446719a8b07d294e85c5a7fe90215,d0d13f8f6c4c343c,,4716c542799ca37a,,,,True,development_group_overlaps_official_test
data/raw/nickparvar_v2/Training/pituitary/Tr-pi_397.jpg,pituitary,1,train,350,400,e99074ab025d65cc916b786675d37496c0f045c8267c222bfbc29c04dab42ffd,333310ae7b24c56af8d033fcd22cce68617f42748acd6254c0ecd46daa4d4b23,f54a00ff489f9269,,2aa0efea2de08988,,,,True,exact_duplicate_of:data/raw/nickparvar_v2/Training/pituitary/Tr-pi_286.jpg
data/raw/nickparvar_v2/Training/pituitary/Tr-pi_40.jpg,pituitary,1,train,512,512,7aea623cd3fc1de9fe1e4f13c449b2cb7a2b566e540f85bc1ae9713c34feed77,a5657b08b8b25f710ca4e3ca35b3ae4f022e09bb9cdff72976f6da959fe00f8b,851b6eb969656471,,2302c7be2519b218,,,,True,development_group_overlaps_official_test
data/raw/nickparvar_v2/Training/pituitary/Tr-pi_400.jpg,pituitary,1,train,512,512,a1da7746214388cd5cd0ba3867290eafa53c943159a3dcadf51a55557fcc182c,95f60f3747b3505b8adb332dc4f9241063e3e849cf5020450931671df468f42e,901f5a7f6b286a64,,3f973afb05d39e56,,,,True,development_group_overlaps_official_test
data/raw/nickparvar_v2/Training/pituitary/Tr-pi_401.jpg,pituitary,1,train,512,512,ef78100b55df5e524435a5a555d42fc7d0e909b6400f17917b655c504b192371,be95600de4209f1339775bcf6c4043e2d2fee35d0ae043ec790dfca78d18bced,d5ce0ac80b096f9f,,6a636ada574fef42,,,,True,development_group_overlaps_official_test
data/raw/nickparvar_v2/Training/pituitary/Tr-pi_405.jpg,pituitary,1,train,201,210,6e4a32b7a73554a9a26b0e594f63d76920f7caeea52be19c323f8ad755d17f8b,b7805791e4cf27433d33577b0f8dd33e25b520164d384d785e53b0bda7ed1ae4,c0df666619c91e63,,4b24ff8ed961a41c,,,,True,exact_duplicate_of:data/raw/nickparvar_v2/Training/pituitary/Tr-pi_206.jpg
data/raw/nickparvar_v2/Training/pituitary/Tr-pi_423.jpg,pituitary,1,train,512,512,c236714d558942b424ad540d445ff8a24a10a23a1d427c3884b315daacfe8d45,2ec530025b96f5b1c0637524d3b2f4ac290fe0304915427ea5ee65f4cea0ff8c,d0e01e07693d3d7a,,cc8c598644313ac5,,,,True,development_group_overlaps_official_test
data/raw/nickparvar_v2/Training/pituitary/Tr-pi_430.jpg,pituitary,1,train,512,512,7d0738e4f6493b449e20a147b80f674c589dc478dd6b5ccd4fb6ea1c329f0cfe,a4660f34e78298a38f5667401775fb46cc8891c7a6ab56530cb21ee23f2a1707,d40b523e2bf57826,,bcf21243addfaf0d,,,,True,exact_duplicate_of:data/raw/nickparvar_v2/Training/pituitary/Tr-pi_221.jpg
data/raw/nickparvar_v2/Training/pituitary/Tr-pi_431.jpg,pituitary,1,train,512,512,fdf47eeeeecb6468e2eb2d64c7b76dccc4efa41f803266e33a917fb24bafd082,03a358f455f6ee08ebaf54ea9da76a59eba40b4a291d16657755e304a1a07af6,d5da0a804f4bad8f,,fd21f1e2f3b1450d,,,,True,development_group_overlaps_official_test
data/raw/nickparvar_v2/Training/pituitary/Tr-pi_437.jpg,pituitary,1,train,512,512,268f79fb85ac7c3c8ecff68dfdd25a25d06bb7d571789469bd5382b66ffc9473,8a62387b92138b585d47284b114194d353fd3dbcedbab2752b8489953889e2a9,94b66ec269497939,,780e898400d50a6d,,,,True,development_group_overlaps_official_test
data/raw/nickparvar_v2/Training/pituitary/Tr-pi_45.jpg,pituitary,1,train,512,512,bcb3854cccf1921b2c0d7d7301e0a64c571818adb3d05b85e14cc5ea8b6e9009,b6a1d816fe09a82e5f7fc6c27bd72aaa219ef5a564b8c2cfdc10535d20310ec3,904f6a3d3df43071,,a87a0cf8b76899be,,,,True,development_group_overlaps_official_test
data/raw/nickparvar_v2/Training/pituitary/Tr-pi_453.jpg,pituitary,1,train,512,512,59f1f1e66a11861289de1957bbe33cf3030971c7419ae792fb2d3f361a398ece,eb1c941ffe751779da894b837788d36244ead36aab4eb62d44a8211fd3245b64,d44a0b6d3fb46d30,,6a3bd4a0692335ed,,,,True,development_group_overlaps_official_test
data/raw/nickparvar_v2/Training/pituitary/Tr-pi_459.jpg,pituitary,1,train,512,512,53cf25a2e4879eab804e2fa56f1ad22f8d5c8082c5729ad027eb734bb854c986,93e5b476753f247146fd2857c04b19a6c3e9de796bba7d98d9fa0cf4683c7d2f,958b57500ad75b9a,,aea278f39f23df77,,,,True,development_group_overlaps_official_test
data/raw/nickparvar_v2/Training/pituitary/Tr-pi_46.jpg,pituitary,1,train,512,512,cffc6b8395fdd325b5fe01933adff862fe062918feffa495ff46106714a64cba,8df6188e747bfdb0df0a9a4b9be577dfd8546a6ddc478e2f69573d4f13d20cab,c7361e69693568c3,,5fe2eb4a1de59b83,,,,True,development_group_overlaps_official_test
data/raw/nickparvar_v2/Training/pituitary/Tr-pi_461.jpg,pituitary,1,train,624,607,dc8ef910fb6a27abfe1862e83beeacb91864e160cd6919e5f0b2ebc039b865c4,3ff6a01782bbbee26b0bd708bbf512e16d912e4f5ca25d2d109942b059ec83e6,954a356b55275395,,4bdef3d2c6ecc25e,,,,True,exact_duplicate_of:data/raw/nickparvar_v2/Training/pituitary/Tr-pi_1252.jpg
data/raw/nickparvar_v2/Training/pituitary/Tr-pi_467.jpg,pituitary,1,train,512,512,ce3f714e32bee416a61d22812a46f93a875a6c3022dac9d33160b950128675c9,29ab927d7fbb585e0793c856cfd37cf94974819f727419cf04ef58eec25e0b0b,c1250b7e3d303df2,,4237788739afc99e,,,,True,development_group_overlaps_official_test
data/raw/nickparvar_v2/Training/pituitary/Tr-pi_476.jpg,pituitary,1,train,625,603,59b7545faed7fe8962c1853d6dd379ab5e5ddfe6970a42a0017a4114fb1a95ad,1249473b3a34dbe245033a3b015edb4b9f38193bc0c8852c149c31dd98ff9d48,954a356b55275395,,4bdef3d2c6ecc25e,,,,True,exact_duplicate_of:data/raw/nickparvar_v2/Training/pituitary/Tr-pi_396.jpg
data/raw/nickparvar_v2/Training/pituitary/Tr-pi_479.jpg,pituitary,1,train,512,512,3b48b2c7edf2927472697aed875f633ba80c85606f7aa08d8f7a57d1c7126647,9950f8292e0b0c98e42672eec7158f0716260e831a5bda52c7418aeedff8b08e,c056402f5b292fdf,,553e733076d9bc1f,,,,True,development_group_overlaps_official_test
data/raw/nickparvar_v2/Training/pituitary/Tr-pi_484.jpg,pituitary,1,train,512,512,fd924f149d4d7d9b46d77c728cd15f298c96c58aca33a9bce4bc21c493e7b4ee,c342dc44512fdf69e1d11f5797cc84b5eec85bdd48936ce0ebf5531d30e3b22a,e5d202cc4a2b2f6f,,02a09feb7c53de41,,,,True,development_group_overlaps_official_test
data/raw/nickparvar_v2/Training/pituitary/Tr-pi_49.jpg,pituitary,1,train,512,512,b3702b83372ee6b6cf7b20eae6f27492db189f52a599be79233e6622f256006a,8f75ba322a525b01177d6f854e73625804ca4ed1b5020af141405e3eb4d25e4a,c05f2b6c79b474a2,,e924f4e2216ed8a9,,,,True,development_group_overlaps_official_test
data/raw/nickparvar_v2/Training/pituitary/Tr-pi_498.jpg,pituitary,1,train,512,512,ce0bcba0f4d073b4b72581878fd4b84039d3b7d5549bb0b72915ef3ee440edf0,61a1066a18f9e50cb969d92ee398d6632ea13c724b9711dc43057de8fb7ee478,d0c30b893e1b67cd,,58225d7d882750b2,,,,True,development_group_overlaps_official_test
data/raw/nickparvar_v2/Training/pituitary/Tr-pi_50.jpg,pituitary,1,train,512,512,c3fb12f5983a520e72059ebfc838d6901a1eea60fa9bfe776970478844cfda9b,590a644c58e6f1d564819fe4355682e03eab9cc460728a5e19cfc4828b46a5bc,d54a2e2d1d357496,,1690bf7f29ddcb72,,,,True,development_group_overlaps_official_test
data/raw/nickparvar_v2/Training/pituitary/Tr-pi_504.jpg,pituitary,1,train,512,512,690ed9d73b96706b833cfbb95e40543fe022c7579ab74693873e2c26766c5efb,e99205d8c16f1acb279297f87571074f621442ef688f14bbdfe1dbaeb5c1ba98,d50b3e782ab16d34,,0e13407ba80609e8,,,,True,exact_duplicate_of:data/raw/nickparvar_v2/Training/pituitary/Tr-pi_163.jpg
data/raw/nickparvar_v2/Training/pituitary/Tr-pi_511.jpg,pituitary,1,train,512,512,4d0f817cf442c516efe4950f981a743593db417941c67428ecf467234adcc00d,442a499971eaac3763ade8934e2b08133fd08d327b29f0c0ce193d7931772dd3,c1244b3b7d7234d3,,9bf652dd299b0c1a,,,,True,development_group_overlaps_official_test
data/raw/nickparvar_v2/Training/pituitary/Tr-pi_515.jpg,pituitary,1,train,512,512,6c374ab41105e5927d08e15103c8c27416f8e7d03c15c03d104ace5b310bd0ed,68e891f0c27f5aa224f7f076a11a1cc06ee75d09aad19cbb8650f6287cf60d5b,d44a0f6d2c3d2d74,,8509d90a90aab2fb,,,,True,exact_duplicate_of:data/raw/nickparvar_v2/Training/pituitary/Tr-pi_410.jpg
data/raw/nickparvar_v2/Training/pituitary/Tr-pi_518.jpg,pituitary,1,train,512,512,eb5e147c031d5cc6c777dce8c84088647632a92c8c7afec47e2f0dfd738a4a58,0c8ff37ef0283fa7c288148da756c3781c7a7e48f14f10c87d9eadbc3a95572f,d00f4a3d2ddc2778,,5106037acf20db8a,,,,True,development_group_overlaps_official_test
data/raw/nickparvar_v2/Training/pituitary/Tr-pi_519.jpg,pituitary,1,train,512,512,13f2b1bf74720c327b243114604c8f2efbb01a7c9310f7c134e58152dcfd0645,80f125c53ac123b5cbf1bd2af72468a9e53e463d31399ba0fe583f2fad1616e4,855a3b68787162ed,,57c575ec469cd04f,,,,True,development_group_overlaps_official_test
data/raw/nickparvar_v2/Training/pituitary/Tr-pi_528.jpg,pituitary,1,train,624,607,dc8ef910fb6a27abfe1862e83beeacb91864e160cd6919e5f0b2ebc039b865c4,3ff6a01782bbbee26b0bd708bbf512e16d912e4f5ca25d2d109942b059ec83e6,954a356b55275395,,4bdef3d2c6ecc25e,,,,True,exact_duplicate_of:data/raw/nickparvar_v2/Training/pituitary/Tr-pi_1252.jpg
data/raw/nickparvar_v2/Training/pituitary/Tr-pi_56.jpg,pituitary,1,train,512,512,ec80c8c8576fab2d6600af12200698ea11bcff4b4aabdbc56e2b6d0f883c7f2c,dbcabf4bdff8980821a8465d6562b5b3a069bb5d182be93aa01ad3e204c4b5b9,91735e27286d68a7,,fdea8054907b2f7d,,,,True,development_group_overlaps_official_test
data/raw/nickparvar_v2/Training/pituitary/Tr-pi_560.jpg,pituitary,1,train,512,512,50471d99b5d71f3b05f6e013c639846b2245d67d5ae2ad0ba3c2514ed717bf75,3771343bd797fa0a82268b7894074a38e68028a278d6e91eb180aea6a743085a,d5da02a84f834fc7,,abd6bcbbf21cc051,,,,True,development_group_overlaps_official_test
data/raw/nickparvar_v2/Training/pituitary/Tr-pi_564.jpg,pituitary,1,train,512,512,a1ee82164acd190067400d50f236fbb6004c0002fe3c09e4cf2d71752865140b,bcff2ab82878c0614c592e0f664abee6c6bc3b186310fccf49ce8f40c5a5c9c5,940b5b3d2a3d6c3c,,1c0d24bc9ba9a89d,,,,True,exact_duplicate_of:data/raw/nickparvar_v2/Training/pituitary/Tr-pi_132.jpg
data/raw/nickparvar_v2/Training/pituitary/Tr-pi_582.jpg,pituitary,1,train,512,512,496288b003f7863b7441767b1bc601c14f97639ae9821466a050e0f5caf87380,9f032a3a5f5ca8479408433ee6b828d6788ef908220bb7e4fc91f63522b3f222,941f5a786c3933e4,,96c09c69eb1b07d8,,,,True,development_group_overlaps_official_test
data/raw/nickparvar_v2/Training/pituitary/Tr-pi_586.jpg,pituitary,1,train,512,512,750e8005bbe06ef89ba534bf54e3575bc2bf381076dde6dad69fdf5e93606017,220ad8adb16d62e08459e48dbbe4e93f20319e4405bcf8e383bce7fa81e99517,c0950f1a7d603c7f,,585435fd1e2af92e,,,,True,development_group_overlaps_official_test
data/raw/nickparvar_v2/Training/pituitary/Tr-pi_605.jpg,pituitary,1,train,512,512,ed89b4c4359e5d632f1a783f8c4fe0786edd224c2bb0d86a908ba028a935b633,9c6d33488bcc1b2505a59a8dbdfadc8696b7ce57608dc059f1ea68f74eb279d8,853d1e7a78696961,,5013c1f7b506602f,,,,True,development_group_overlaps_official_test
data/raw/nickparvar_v2/Training/pituitary/Tr-pi_614.jpg,pituitary,1,train,512,512,5438ee9b795115b63b875fed6a2b1907307a8d4109c9ae18071a4b081a256f8d,2a8be66c610b9ff876952661141327157b38347cfc9666e9958e798a3dd8e138,d5d702884f124f9f,,95f83e222e6d9b41,,,,True,development_group_overlaps_official_test
data/raw/nickparvar_v2/Training/pituitary/Tr-pi_631.jpg,pituitary,1,train,512,512,ce40872570c794587f3221ac6db546e448772aebc39b38d2287f2b1cd6e785bb,a37b58385ae0f59d8145e28741f5ac274f2cff9dee978916b5a8fcf0ca44aa4d,c4c24fab6d55289e,,dfadabc1087573a5,,,,True,development_group_overlaps_official_test
data/raw/nickparvar_v2/Training/pituitary/Tr-pi_634.jpg,pituitary,1,train,201,210,6e4a32b7a73554a9a26b0e594f63d76920f7caeea52be19c323f8ad755d17f8b,b7805791e4cf27433d33577b0f8dd33e25b520164d384d785e53b0bda7ed1ae4,c0df666619c91e63,,4b24ff8ed961a41c,,,,True,exact_duplicate_of:data/raw/nickparvar_v2/Training/pituitary/Tr-pi_405.jpg
data/raw/nickparvar_v2/Training/pituitary/Tr-pi_636.jpg,pituitary,1,train,512,512,ec9e88f25618c8f6a84e1eb35d524e7cc5ebdf3aecc77ff9f0d6fad52ceb9e81,139a59f6cba0edef93ecc38dd3e53ae9ab2947869e5e093e978ff729f47fc08c,d0f12f9e6c49343c,,4716c542799ca37a,,,,True,development_group_overlaps_official_test
data/raw/nickparvar_v2/Training/pituitary/Tr-pi_645.jpg,pituitary,1,train,512,512,3aa48dc87b01639c66569821f197a9681df3ac3dccadeafb69811a722e78b0b4,883a99d7940c36373184fa6d3805a0c1ba67a64ba1d99aa23cd518d797b6c9f5,d1f30b4b3c2c3c3c,,0837e26489d41661,,,,True,development_group_overlaps_official_test
data/raw/nickparvar_v2/Training/pituitary/Tr-pi_657.jpg,pituitary,1,train,512,512,68643c08b53b71bc9c95e4aa6f7eae2056f310597883c2c53ce650a783c98d66,af1e396fc1c4f962a4b6b48c4a387bec7bee5d0933a9f964d86e4b992d681b70,c05f2b2c79b474b2,,e924f4e2216ed8a9,,,,True,development_group_overlaps_official_test
data/raw/nickparvar_v2/Training/pituitary/Tr-pi_668.jpg,pituitary,1,train,1168,1178,f764c8846c7fe11dce4e99b2bfa153347eb2976ae53857392f31f82b127b2270,f689c60149a549a8cc578192af2283639776839139160c4823d19447e39514ac,805f757a7ce22865,,3d684b17104ce05f,,,,True,exact_duplicate_of:data/raw/nickparvar_v2/Training/pituitary/Tr-pi_1181.jpg
data/raw/nickparvar_v2/Training/pituitary/Tr-pi_67.jpg,pituitary,1,train,512,512,e5613b1d09318c6bbd168ce0e6b8410298f82683dff50c50b825cc03aa074363,44115f68450a7c91d01be99c63a61767c385f58d887e54b16c0bf34749befa96,d00d4b9d3d732c3c,,9419f4d79125ab50,,,,True,development_group_overlaps_official_test
data/raw/nickparvar_v2/Training/pituitary/Tr-pi_68.jpg,pituitary,1,train,512,512,8976e0731b8ca3fc0135e1ce633f0b8f1180e1bee54ef6be83e00c003e94e8b6,eb0476bc505df6b06669a903a3e6b6faeffb8708760575899435fa9eea3846a7,95d24b0f6a4b361d,,6e002a3940d70246,,,,True,development_group_overlaps_official_test
data/raw/nickparvar_v2/Training/pituitary/Tr-pi_682.jpg,pituitary,1,train,512,512,cbbb6282031eab8cc1ad96bd6cc55a1748f786548e044146f4c9c68007f11aff,94332ab3617fd542c08d1f022baf10887cf14f04e2d55251450bc471a7c63731,857e7a2d78316171,,ae37761fad630fad,,,,True,development_group_overlaps_official_test
data/raw/nickparvar_v2/Training/pituitary/Tr-pi_691.jpg,pituitary,1,train,512,512,7a3964761e1ce5edfdf6e169b8eb758ca57fa331c0c0290cb888081fb586705a,f7470ecc1483fa00bb978c43ec9db5045c500a9a4ef7240b805d9345f18b955f,853e5e7879696861,,5013c1f7b506602f,,,,True,development_group_overlaps_official_test
data/raw/nickparvar_v2/Training/pituitary/Tr-pi_698.jpg,pituitary,1,train,225,225,14a873e8998c4a88896fd7be1155eeaf656b88209c8e9fcf7db731de3478484c,e24815df0f3597cb61ab7b102ccb0354ba8b48e7c9c2a72e52dfc4eaea3aacc3,80532f867aa97b27,,a2ef2080776c88f3,,,,True,exact_duplicate_of:data/raw/nickparvar_v2/Training/pituitary/Tr-pi_246.jpg
data/raw/nickparvar_v2/Training/pituitary/Tr-pi_699.jpg,pituitary,1,train,512,512,c05038db76c2c74d59e5616fab4046b4229d29c9e0cc9dc78e49e1b92a1a9af3,dbbb8e284fd3aeca1dbea79dc524ee76571193f80a5c7168d7d15d4a0b2328f0,95351e7a78696961,,5013c1f7b506602f,,,,True,development_group_overlaps_official_test
data/raw/nickparvar_v2/Training/pituitary/Tr-pi_702.jpg,pituitary,1,train,512,512,7c0a9dcc61577d07109db9b36a5a03d4f1ee3c8082b7294facf0cabd9e02030c,151ac696449f1b3124516af60f01d2a1b3be36f4124b7e83ea4829205ea680de,855f7a6869796621,,cf8750f0d580246a,,,,True,development_group_overlaps_official_test
data/raw/nickparvar_v2/Training/pituitary/Tr-pi_707.jpg,pituitary,1,train,512,512,16ff9fb169a6a472535da28292346f219d4ea96ea4330e292a558329bf4f245c,c5322f969455fa8a2a55f09c545ebb93e8ff42c7f3e53b191167ee1bb82354f3,95735a23286d68e7,,fdea8054907b2f7d,,,,True,development_group_overlaps_official_test
data/raw/nickparvar_v2/Training/pituitary/Tr-pi_708.jpg,pituitary,1,train,512,512,0a62519a926698e3094235b8a17785cdc624ff65ce79c66b5eb3d81305bc2d67,50f4bcdfeb103be0b1d48d264674b9497e108488647119c36f404ff2a13e1262,d0604b2f3d3d3c74,,6e1902d77e49c743,,,,True,development_group_overlaps_official_test
data/raw/nickparvar_v2/Training/pituitary/Tr-pi_721.jpg,pituitary,1,train,512,512,25206702dcb710654fa62415a1d5dad3a8649ab529d52bd1fd5e51ecbdab9330,e9a832e4d3a4c32127a0c516a549f4a9086774e69937ad885882ea1c16780019,c15e400f5b2d2f9b,,553e733076d9bc1f,,,,True,development_group_overlaps_official_test
data/raw/nickparvar_v2/Training/pituitary/Tr-pi_73.jpg,pituitary,1,train,512,512,eb3b4a031b8879c4ea1d61971804dc36293d36c59238c3dab67475d3b0137379,a00849e72ca8672ccb6d3852e3e2e0cec3f743b7fbf79d6ce9bf6847288cb86e,d5dd0aa94d421d8f,,49407aed1e3ebaa0,,,,True,development_group_overlaps_official_test
data/raw/nickparvar_v2/Training/pituitary/Tr-pi_746.jpg,pituitary,1,train,512,512,deb84c8fc0de967539c870cf987b48056fadb9ab53c33899d0f7fce691b0c820,f5d92440d7dab29d1b0aae1db2682695f2e151cee021a3ae9e9dc3ba494eb0d1,959a17511ad75b1a,,aea278f39f23df77,,,,True,development_group_overlaps_official_test
data/raw/nickparvar_v2/Training/pituitary/Tr-pi_748.jpg,pituitary,1,train,512,512,9bad72b301093e229375f389d3ea8a819faf96f1d8f3e3b66fb25ebffb9583d7,d78926e9384aa7877c655f80d1f3632125fdc391d664816a567478a54b2c8319,c54a4b8f2f8d3c2c,,469394950939c237,,,,True,development_group_overlaps_official_test
data/raw/nickparvar_v2/Training/pituitary/Tr-pi_75.jpg,pituitary,1,train,512,512,8a4a14e666a67b90bf01bac1b85170bacf41fda33c7a7394d5e82e83c6f6f324,da448dd2b922381cb61167ba4cfd3ede5155b2297f31ad22d761a658fc499949,d08557085e6f3ae9,,76b42da50b2d08ef,,,,True,exact_duplicate_of:data/raw/nickparvar_v2/Training/pituitary/Tr-pi_464.jpg
data/raw/nickparvar_v2/Training/pituitary/Tr-pi_754.jpg,pituitary,1,train,512,512,f291318a6b65f05cb19e20f2f1d686f1d82fd34bdd1415ebc294611cc000d447,e4c58cbb5b97848fa2d37bf4e9e7bf1a3f9bb4ca339576861e1ca6d4604dea1a,c057024b4bab4fcf,,753206aa48dccf19,,,,True,development_group_overlaps_official_test
data/raw/nickparvar_v2/Training/pituitary/Tr-pi_759.jpg,pituitary,1,train,892,826,8d463bf588c1bc9e685df1729434a541f187054456fe244024966078fe1aef61,3ce0df3b5639df4222457575b2d97e8c2683d141491e4c815e4e959b10daa217,91056efb19762699,,9d7219edf4fec195,,,,True,exact_duplicate_of:data/raw/nickparvar_v2/Training/pituitary/Tr-pi_356.jpg
data/raw/nickparvar_v2/Training/pituitary/Tr-pi_761.jpg,pituitary,1,train,512,512,3137608daad571c60d27b63520498c2fd513f15ff61fa9b1d4460df74b5c01f5,349a5e2a0e5d67752a19942270042b9eb7d5b791e9c0dfaeb8ef338dcb872ba0,95337a7869276076,,2833a0888d7d4a51,,,,True,development_group_overlaps_official_test
data/raw/nickparvar_v2/Training/pituitary/Tr-pi_762.jpg,pituitary,1,train,512,512,35ef3dd0fac8dcba82304fdb8ce709e3f656538899ad332ac23e6821c4ab3164,3632d161fdc52dba0e15455c81f3e183f3ebb0d5b73fa752a3948bd1d98d4aa1,d40f2b7c2d7c2370,,8a65cffc406229f9,,,,True,development_group_overlaps_official_test
data/raw/nickparvar_v2/Training/pituitary/Tr-pi_763.jpg,pituitary,1,train,383,436,ac76926d9f73fd42c57092e3f991abe3036320552092ebf8d69d60d736a93622,294dd0da687c56805b2da1727c224ee3278460db03ecfef203f45de8090e55e2,811e519e7e6a2e69,,93a24d26f8033062,,,,True,exact_duplicate_of:data/raw/nickparvar_v2/Training/pituitary/Tr-pi_120.jpg
data/raw/nickparvar_v2/Training/pituitary/Tr-pi_765.jpg,pituitary,1,train,512,512,48091dce8d2dcac542371227081e683be9c59510b1f7c6b2c31943d2e6058c96,c78fb12259895140fc9fb8444b088734a05a1df11876ff79e81d2ad0652810cb,d5ce0a804f29af1f,,6a636ada574fef42,,,,True,development_group_overlaps_official_test
data/raw/nickparvar_v2/Training/pituitary/Tr-pi_769.jpg,pituitary,1,train,512,512,bee4bd665ca935bbbb9f3cd0540b4b6f77e47f61f37cf76de303600cd5c4a3e0,f5000eb3ebfdf5206f177ded62ac1c47ed6aa422257f75fd453022cf151c4b76,d06a0b3d2f3437f0,,372210517acf9c48,,,,True,development_group_overlaps_official_test
data/raw/nickparvar_v2/Training/pituitary/Tr-pi_77.jpg,pituitary,1,train,892,826,8d463bf588c1bc9e685df1729434a541f187054456fe244024966078fe1aef61,3ce0df3b5639df4222457575b2d97e8c2683d141491e4c815e4e959b10daa217,91056efb19762699,,9d7219edf4fec195,,,,True,exact_duplicate_of:data/raw/nickparvar_v2/Training/pituitary/Tr-pi_356.jpg
data/raw/nickparvar_v2/Training/pituitary/Tr-pi_773.jpg,pituitary,1,train,512,512,849a42ce51625d0783ae7e31494101364239d600da8f964c7c2f33cd99e8057c,568b25d5ca097f5a0175630ea197e13fe426bddfcc3ce42b870ad294b8c70926,d5de02a04f432d9f,,fd21f1e2f3b1450d,,,,True,development_group_overlaps_official_test
data/raw/nickparvar_v2/Training/pituitary/Tr-pi_788.jpg,pituitary,1,train,512,512,19ca9a84a19ccbaf66d2e92f02725941a2683f8825a6d01c4c03d1d6a071c03e,bf11698a85386a5b787819a13aef25633a189095722ce1429393eba9e3020896,d0cf0a524eb30bfc,,3053bb9035385667,,,,True,development_group_overlaps_official_test
data/raw/nickparvar_v2/Training/pituitary/Tr-pi_789.jpg,pituitary,1,train,512,512,5b6c500d25a28500f8225be2bb557de392813f810d955b9f9ae51541da47ccee,7c6f5a0b3cf023d3d9509f708e5243af2b718b4262a9516dd57f4dae27e6c66f,d00f2b7c2d7c3370,,8a65cffc406229f9,,,,True,development_group_overlaps_official_test
data/raw/nickparvar_v2/Training/pituitary/Tr-pi_801.jpg,pituitary,1,train,512,512,7146eb3c3870bc861fce28c098680e794b381d30cecc282acaedd508da2dbd51,58693cd27c75a20a71892170165ca0babd46d8feea34f5de51769b1d18f4b018,c0260b767d383df2,,4237788739afc99e,,,,True,development_group_overlaps_official_test
data/raw/nickparvar_v2/Training/pituitary/Tr-pi_81.jpg,pituitary,1,train,512,512,6e35b3f86f547e5cd9f4f08492279a467cfb9f45d699112b4eff8f7bed1a35e3,bce49cbbd78b84f1db18439aaf78f1d78096a0781bfe4a2d7df174e5e3e44c7a,853d1e786a6169e5,,5013c1f7b506602f,,,,True,development_group_overlaps_official_test
data/raw/nickparvar_v2/Training/pituitary/Tr-pi_812.jpg,pituitary,1,train,512,512,c27c953b150b8cfa6c2820bac42a13a5d1b5b6420409973ba07a18542429afd5,f9c0451b5dd703746cdaa196a052ec6fd900f6a5c2018d523a71e7a92055d0ef,908f573c1af60ada,,ee84a4976c58d909,,,,True,exact_duplicate_of:data/raw/nickparvar_v2/Training/pituitary/Tr-pi_193.jpg
data/raw/nickparvar_v2/Training/pituitary/Tr-pi_813.jpg,pituitary,1,train,512,512,15d1329cbb1fa681af3a038d0343b9f1260a5a23abc37e65d83e8111ed4c24f4,c1e8e97ccb488c3f44f85dd8818a866bfdafbd191f071aa6685de041227f4596,95376e68794921e6,,5167187ad2d81aa5,,,,True,development_group_overlaps_official_test
data/raw/nickparvar_v2/Training/pituitary/Tr-pi_827.jpg,pituitary,1,train,512,512,9a4f44940012b22b81a332c7b2bfc716f9bd037c3e0785550267a349c1277d4c,7904b75f883813645b62746ac333186b62250990fd98227865d6ef27a7da9295,c05f2b6c7db47092,,e924f4e2216ed8a9,,,,True,development_group_overlaps_official_test
data/raw/nickparvar_v2/Training/pituitary/Tr-pi_830.jpg,pituitary,1,train,512,512,cc2fba74aa724ca2f3c59562a3a4578b20b10ecff17058796424221022bf3ad0,4da527e628af80810c3c711e2997bb9073ab3197d46ef2330fe2cc7f316457db,815e5f3a6e7128e4,,52d6a3aa0f76140e,,,,True,development_group_overlaps_official_test
data/raw/nickparvar_v2/Training/pituitary/Tr-pi_831.jpg,pituitary,1,train,512,512,14fa61b19d2bae5ad6145a7a6bec82cfe4ad2ed5660ca0f5b47eec2b788ef51b,7599036ab3ea08b0c328ea1fdd50ec12081f9a7a7657f904784d8b87a13dd865,c4260b727d383df2,,4237788739afc99e,,,,True,development_group_overlaps_official_test
data/raw/nickparvar_v2/Training/pituitary/Tr-pi_835.jpg,pituitary,1,train,512,512,22b0c494ccada3a509b48cf1213f75e0b3dcb1aa488d7131db8df8a03271c233,60a0b702a5f95f018364f2310fa0b8966f48d3780d56e663cee095c01784bb9f,941f527f6b286a70,,3f973afb05d39e56,,,,True,development_group_overlaps_official_test
data/raw/nickparvar_v2/Training/pituitary/Tr-pi_844.jpg,pituitary,1,train,512,512,694f73be38251b40dd8f1d0b7b69c2d4bc8b4b9dda70e2ae143eb20f7125b444,f43026f73045f680fd5ee109c608dcfdb5fa632c8dd8c51f84abd43f78f99ffc,d5de0a804fc38d8f,,fd21f1e2f3b1450d,,,,True,development_group_overlaps_official_test
data/raw/nickparvar_v2/Training/pituitary/Tr-pi_857.jpg,pituitary,1,train,225,225,4f6314d65c3d703caa7b94440365f4c89fa68a7069a0a10054e6604956f60f28,0ac23ff3da82e52f86665f54b76bf370f45407b31e9f27e026aa3002e2fa4865,e855552209f6726f,,7b497128daa2a666,,,,True,exact_duplicate_of:data/raw/nickparvar_v2/Training/pituitary/Tr-pi_542.jpg
data/raw/nickparvar_v2/Training/pituitary/Tr-pi_859.jpg,pituitary,1,train,512,512,8082f7055705f3e48a52e5d82a5fb3428ddfd904046bf4965024d1b8deb44720,0401f69579ddbe4899e763cb922a15adbc83fe370923dc59fd912aa7c081c37a,d5ce03005fab2a5f,,11555177588477ff,,,,True,development_group_overlaps_official_test
data/raw/nickparvar_v2/Training/pituitary/Tr-pi_863.jpg,pituitary,1,train,1335,1302,aff49c4e9fbe859bc0608338e96e8e4eab4743e7100c05f81b48e68a799d38d4,63168ac3aabd98eb6d4c880a03a83bc74614328dc72ea0c9e96a1258c1b46c37,d5804b1f8e6a2fd8,,fb2fd7dcc64314da,,,,True,exact_duplicate_of:data/raw/nickparvar_v2/Training/pituitary/Tr-pi_1187.jpg
data/raw/nickparvar_v2/Training/pituitary/Tr-pi_867.jpg,pituitary,1,train,512,512,463212c92242d2b3423e9ab1e1d2a9d73a837fd1228560ad898311c715e61201,3e987e67ef516b6c29a480d0910736bb99490a3ea64fe8b6b34ac8df8b122161,d5d60a884f49cf87,,c554d3bf569017b7,,,,True,development_group_overlaps_official_test
data/raw/nickparvar_v2/Training/pituitary/Tr-pi_878.jpg,pituitary,1,train,442,442,6c8c2a11f01b532a75a01f052e3f536e10bcdca633e77ef3001d8ed852e83ee7,71b3aa987778338339f8cd0902aea29018a217a106c7ae05e892556d34919505,ea0176dd5dc40d72,,fde5c6c28b5f3bdf,,,,True,exact_duplicate_of:data/raw/nickparvar_v2/Training/pituitary/Tr-pi_805.jpg
data/raw/nickparvar_v2/Training/pituitary/Tr-pi_883.jpg,pituitary,1,train,512,512,7d0738e4f6493b449e20a147b80f674c589dc478dd6b5ccd4fb6ea1c329f0cfe,a4660f34e78298a38f5667401775fb46cc8891c7a6ab56530cb21ee23f2a1707,d40b523e2bf57826,,bcf21243addfaf0d,,,,True,exact_duplicate_of:data/raw/nickparvar_v2/Training/pituitary/Tr-pi_221.jpg
data/raw/nickparvar_v2/Training/pituitary/Tr-pi_885.jpg,pituitary,1,train,512,512,6bad9b8efe753dc2f50c0b40fbb9344c80f1ec5e442f37728f8a8b4af5ecccf0,cff5a0d0d6714d26258b9e2ec303b7758fdc5e76d8c938375972816bc37536f6,85345f797a696864,,d16e1f7ab0b3830a,,,,True,development_group_overlaps_official_test
data/raw/nickparvar_v2/Training/pituitary/Tr-pi_887.jpg,pituitary,1,train,512,512,de55d290aae472fd5c06abba6ad5ba789b5d87f422b682e5e6eaaa4ca7c8f716,f7b6c2b9c7c8efcfbc5e277a71de0743ac071f191e928a2e79052aa3a4be696f,d06a4b2d3f343cf0,,372210517acf9c48,,,,True,development_group_overlaps_official_test
data/raw/nickparvar_v2/Training/pituitary/Tr-pi_890.jpg,pituitary,1,train,512,512,f945a08157480673d2fc485238812436a7447ab644bef6266552921a1ee9469a,125553ffc540b5df5e725312e37a670086825278bd0c0b0f48b69f725f1275be,c55f02084f5a0fef,,926ecab6d535cd4c,,,,True,development_group_overlaps_official_test
data/raw/nickparvar_v2/Training/pituitary/Tr-pi_900.jpg,pituitary,1,train,512,512,6e8cc16bea89eef62eff38a84cc6cfabab1804172a48eb9e9a8a7844e68ba50b,66bd25e18e24d6c0c375fdfbbf40c557d1ce68ed7b7c1fbcab21b9bcabb4b3b7,84a65e1e69796969,,ffab09af9b6ebee4,,,,True,development_group_overlaps_official_test
data/raw/nickparvar_v2/Training/pituitary/Tr-pi_903.jpg,pituitary,1,train,512,512,82a7d0c3d2d56ae61e010cbaa2d484d5854ce35d4f0685560440e738d07ef282,4782126e4515c299b9b2206014822fdcffe28ff6e9e8871484c0bdda5307a392,d00f4a3d3d5c3378,,5106037acf20db8a,,,,True,development_group_overlaps_official_test
data/raw/nickparvar_v2/Training/pituitary/Tr-pi_908.jpg,pituitary,1,train,512,512,4bf1d90c772da2bee9dafb8ef1c79584806235d370d8b6f71e5f17a68f6fd56c,b7b6efdd6f8fbea2bd8141720c4aa2a0287cd66db2c710ccebb6d7c197540efd,d5de0a804f4b0d9f,,fd21f1e2f3b1450d,,,,True,development_group_overlaps_official_test
data/raw/nickparvar_v2/Training/pituitary/Tr-pi_909.jpg,pituitary,1,train,512,512,2fb22a4f507b8ef4c33902be264d3483aa4c42abc96333851ba81dadbcb6ff33,0da36e6bdf966109c5540e34c555afdbe34a05ad147e467e9cace5811b1a74ba,d5db02a84f834f87,,abd6bcbbf21cc051,,,,True,development_group_overlaps_official_test
data/raw/nickparvar_v2/Training/pituitary/Tr-pi_912.jpg,pituitary,1,train,512,512,44c48b16dc63b13aa8eb3e46f2ac7daebb80a199b88e6ade3e7e05d2f35d4d9b,3e53560f261f6e3c2c610714c9646875a20f4540bdaf3e920cc1a38a037dd5fc,851e7a797a607925,,e15fbe9c4516e644,,,,True,development_group_overlaps_official_test
data/raw/nickparvar_v2/Training/pituitary/Tr-pi_916.jpg,pituitary,1,train,512,512,d46b547a7e9f010e10c02ce7f825aa7b794a469c44f32ca722c36ff596ee25f8,4c2be444596f7a086b7a4f43e11b8a30ac3ba2ca0e889fa6bd2759945198c5a4,d40b0a6f3b246db9,,ffba41cfb238ab6e,,,,True,development_group_overlaps_official_test
data/raw/nickparvar_v2/Training/pituitary/Tr-pi_928.jpg,pituitary,1,train,201,210,6e4a32b7a73554a9a26b0e594f63d76920f7caeea52be19c323f8ad755d17f8b,b7805791e4cf27433d33577b0f8dd33e25b520164d384d785e53b0bda7ed1ae4,c0df666619c91e63,,4b24ff8ed961a41c,,,,True,exact_duplicate_of:data/raw/nickparvar_v2/Training/pituitary/Tr-pi_405.jpg
data/raw/nickparvar_v2/Training/pituitary/Tr-pi_931.jpg,pituitary,1,train,512,512,438defb4c047bb4d1a4029e0a1d06c1d81c587f6f2c170dc6d3037d3ddd54640,763c80f095ae75c4792193a5165ce3e85a6b4bbf53ff3d573b1afb725ae03083,853f5e3878696961,,5013c1f7b506602f,,,,True,development_group_overlaps_official_test
data/raw/nickparvar_v2/Training/pituitary/Tr-pi_932.jpg,pituitary,1,train,512,512,c0ab4ceeb487d2ed96c4c82b96116645e9074cf78b7b91ba1c96d20c75de10ce,110edbec60db5e816ba54dc5f6e333e25f01b68d334308ca8f3f4066ca609986,c057028b4b9e4fcf,,753206aa48dccf19,,,,True,development_group_overlaps_official_test
data/raw/nickparvar_v2/Training/pituitary/Tr-pi_943.jpg,pituitary,1,train,1338,1304,ac081dc77c62c1902feb757aa652c2af19c67d31ec646fd3f2a50249729f570c,aee9e6b8ea9d6bcd0f36f464c4a5852c447b8ab2192ed5484e8900a917739f96,d5804b1f8e6a2fd8,,fb2fd7dcc64314da,,,,True,exact_duplicate_of:data/raw/nickparvar_v2/Training/pituitary/Tr-pi_1122.jpg
data/raw/nickparvar_v2/Training/pituitary/Tr-pi_945.jpg,pituitary,1,train,512,512,894e93695918c3d9931976247514c784bd550610945aa758aad6f05912f07595,eacee7b065a7b20c1a61002fa564f205359ced397f831555a73e15e654fde29c,d00e7b386c716477,,540711d2e1144946,,,,True,development_group_overlaps_official_test
data/raw/nickparvar_v2/Training/pituitary/Tr-pi_959.jpg,pituitary,1,train,512,512,aa3ed042a69477c125a08c662683202394f0b2c229e6be5aa11cb04357987f0f,b01ebe0a0a5d45cead15df243fd76e83b54cae51911d82d194854c3e977801d2,97277e7868312572,,b5ae2af234ad19e8,,,,True,development_group_overlaps_official_test
data/raw/nickparvar_v2/Training/pituitary/Tr-pi_961.jpg,pituitary,1,train,512,512,49864523b52b0a00ab6eb0e68e871fb5a823dd97fd112993f3d99ddf86733dd3,ac46c5624561bca0250ddf783da05bd265e45ed22d6d1b91d36d438d1f0540f8,900f5f797ae82970,,a3ad2d6872eaa02a,,,,True,development_group_overlaps_official_test
data/raw/nickparvar_v2/Training/pituitary/Tr-pi_962.jpg,pituitary,1,train,512,512,8e2b4a6d3ce98d740a636942e40c14783eac078cf1758678c9d5aee948057aa7,4001f54364f87d710ce757931c25070df50a51006458d415c100e086409e645f,c10e2b793db17c64,,2374372b1b9ecaca,,,,True,exact_duplicate_of:data/raw/nickparvar_v2/Training/pituitary/Tr-pi_285.jpg
data/raw/nickparvar_v2/Training/pituitary/Tr-pi_969.jpg,pituitary,1,train,225,225,14a873e8998c4a88896fd7be1155eeaf656b88209c8e9fcf7db731de3478484c,e24815df0f3597cb61ab7b102ccb0354ba8b48e7c9c2a72e52dfc4eaea3aacc3,80532f867aa97b27,,a2ef2080776c88f3,,,,True,exact_duplicate_of:data/raw/nickparvar_v2/Training/pituitary/Tr-pi_246.jpg
data/raw/nickparvar_v2/Training/pituitary/Tr-pi_972.jpg,pituitary,1,train,512,512,f2ab017925e3b90670a98cbc192c8a4432c5669a04f5017a5a5f6f0f05a4a85e,d59994c1001c0a5c4385f1e32d0555aa23cc87b56eca600fd475f608b23d7f8a,d44b0a2e3b247db9,,ffba41cfb238ab6e,,,,True,development_group_overlaps_official_test
data/raw/nickparvar_v2/Training/pituitary/Tr-pi_982.jpg,pituitary,1,train,512,512,bf084ec303080280c2a5e3c9decdc1bfe37973658fa09dbeb496246041096970,8dd85d034c337a08a043141bc623d8e2c30a3ff9aceb79785090efdd84189a1b,c09f6ac71b6836ca,,e1935ade6eac8321,,,,True,development_group_overlaps_official_test
data/raw/nickparvar_v2/Training/pituitary/Tr-pi_984.jpg,pituitary,1,train,512,512,dea65808e631f46024aaa034984629ab8a455f2b951ca7022f12fa9e62b7c8ff,024175eea25f7f59cc77c2fd269ad95979e4f6d37893ce26997837d9302be34a,950a57783e7d6831,,d3c5d0e1ab95f192,,,,True,exact_duplicate_of:data/raw/nickparvar_v2/Training/pituitary/Tr-pi_1323.jpg
data/raw/nickparvar_v2/Training/pituitary/Tr-pi_990.jpg,pituitary,1,train,512,512,cb11c4d66feff9efec2ee78763516b4a2de0fab290b881c1eafc81c2876b121c,b9a26490a0d053c1a6dd2efea63595f089a72f5033392e40e6ba4ae7f360f3d9,808b5fd51a1e78da,,3f05773a685d0959,,,,True,development_group_overlaps_official_test
data/raw/nickparvar_v2/Training/pituitary/Tr-pi_991.jpg,pituitary,1,train,512,512,b204aa522460d1a772549e65023ac4f67b3ad1f57a1be54c59ece19fcd2d0081,494816783ca77219cecfee723edf08cc8c2f6c253f9f5875e4b25b05fc24e628,876e38956192e59b,,eeb85311dc4e020b,,,,True,exact_duplicate_of:data/raw/nickparvar_v2/Training/pituitary/Tr-pi_1071.jpg
data/raw/nickparvar_v2/Training/pituitary/Tr-pi_992.jpg,pituitary,1,train,512,512,f9ed71d8b9a247acb62b3b01a15b030aff454cae6f4463721691e9bc211e9b4a,09934091e6471e74b9935bb21a32912f9f8a5f888cdbcfe9867230480e7d36fb,943e5a7a6b212be4,,b8053722f6f03a8b,,,,True,development_group_overlaps_official_test
data/raw/nickparvar_v2/Training/pituitary/Tr-pi_996.jpg,pituitary,1,train,512,512,191ce712494ccfda4f1a2a43f3c6c8e8530a34774c3d6df1b4b6221d23b3d77c,5f63cab26722abc3faf63434020a043a84d5eaf57dc0020637ce47de11aa45f7,950a7e792ce121e7,,db788174ffe91d4c,,,,True,development_group_overlaps_official_test
